shipment_id,customer_order,sku,origin,destination,pallets,mode,vessel,imo,current_position,eta,port_code,port_congestion,berth_wait_days,carrier_id,lane_id,weight_kg,volume_m3,value_usd,incoterms,hazmat_class,priority_tier,scheduled_eta,variance_days,exception_flag,last_event_at
S-700499,ORD-44291,P-EL-9001,Singapore,Rotterdam,8,ocean,MV NORDIC CRYSTAL,9876123,12 nm off Rotterdam,2026-04-30T04:00Z,NLRTM,LOW,0.4,CR-MAEU,L-SGSIN-NLRTM,12400,16.2,184000,DDP,none,premium,2026-04-28T08:00Z,2.0,delayed,2026-04-29T18:30Z
S-700412,ORD-44218,P-EL-9001,Shanghai,Hamburg,14,ocean,MV PACIFIC SPIRIT,9612345,East China Sea,2026-04-28T18:00Z,DEHAM,HIGH,3.2,CR-MSCU,L-CNSHA-DEHAM,21700,28.4,312500,DAP,none,premium,2026-04-19T18:00Z,9.0,delayed,2026-04-27T06:00Z
S-700600,ORD-45578,P-PW-1801,Ningbo,Rotterdam,19,ocean,MV ASIAN CRYSTAL,9886756,70 nm from Rotterdam,2026-06-17T19:12Z,NLRTM,LOW,0.4,CR-EGLV,L-CNNGB-NLRTM,13551.0,56.4,14294.0,CIF,3,standard,2026-06-17T12:00Z,0.3,customs_hold,2026-06-16T04:12Z
S-700601,ORD-44473,P-SN-5001,Shanghai,Los Angeles,15,ocean,MV PACIFIC EXPRESS,9503216,Los Angeles approach,2026-06-02T04:48Z,USLAX,HIGH,2.6,CR-ONEY,L-CNSHA-USLAX,4339.0,45.0,315.0,FOB,none,standard,2026-06-02T12:00Z,-0.3,,2026-05-31T09:48Z
S-700602,ORD-44179,P-CH-2211,Frankfurt am Main Airport,Shanghai,2,air,EK-CARGO-492,N/A,in transit,2026-05-22T16:48Z,CNSHA,MEDIUM,1.3,CR-EKCA,L-DEFRA-CNSHA,21647.0,20.8,12971.0,CIF,none,premium,2026-05-21T12:00Z,1.2,,2026-05-21T09:48Z
S-700603,ORD-44559,P-CH-2210,Valencia,Veracruz,19,ocean,MV ARCTIC GUARDIAN,9970639,in transit,2026-06-08T00:00Z,MXVER,MEDIUM,1.3,CR-MSCU,L-ESVLC-MXVER,18703.0,21.3,2577.0,EXW,none,premium,2026-06-09T12:00Z,-1.5,,2026-06-07T11:00Z
S-700604,ORD-48891,P-PW-1850,Valencia,Veracruz,14,ocean,MV ASIAN BREEZE,9137176,in transit,2026-06-01T21:36Z,MXVER,MEDIUM,1.3,CR-CMDU,L-ESVLC-MXVER,17989.0,54.9,935.0,FOB,9,standard,2026-05-30T12:00Z,2.4,,2026-05-30T22:36Z
S-700605,ORD-48306,P-MC-7200,Rotterdam,New York/New Jersey,4,ocean,MV ARCTIC PIONEER,9812693,New York/New Jersey approach,2026-06-03T21:36Z,USNYC,MEDIUM,1.6,CR-EGLV,L-NLRTM-USNYC,24584.0,0.4,1284.0,DDU,none,standard,2026-05-31T12:00Z,3.4,,2026-06-03T16:36Z
S-700606,ORD-47994,P-CH-2210,Salalah,Rotterdam,36,ocean,MV PACIFIC TRADER,9146584,in transit,2026-05-28T14:24Z,NLRTM,LOW,0.4,CR-ONEY,L-OMSLL-NLRTM,12949.0,34.9,1677.0,DDP,none,premium,2026-05-29T12:00Z,-0.9,,2026-05-28T13:24Z
S-700607,ORD-46447,P-PW-1802,Shanghai,Rotterdam,35,ocean,MV IBERIAN EXPRESS,9402503,off Shanghai,2026-05-26T16:48Z,NLRTM,LOW,0.4,CR-MAEU,L-CNSHA-NLRTM,7515.0,46.2,11654.0,DAP,none,standard,2026-05-24T12:00Z,2.2,damage,2026-05-25T13:48Z
S-700608,ORD-47105,P-SW-3002,Qingdao,Le Havre,15,ocean,MV ARCTIC STAR,9658909,74 nm from Le Havre,2026-05-20T19:12Z,FRLEH,MEDIUM,1.0,CR-PILU,L-CNQIN-FRLEH,17894.0,36.2,1422.0,FOB,none,standard,2026-05-20T12:00Z,0.3,,2026-05-20T09:12Z
S-700609,ORD-45562,P-MC-7101,Rotterdam,New York/New Jersey,3,ocean,MV CALEDONIAN GUARDIAN,9973957,New York/New Jersey approach,2026-06-07T16:48Z,USNYC,MEDIUM,1.6,CR-MAEU,L-NLRTM-USNYC,18895.0,5.1,11302.0,DDU,3,standard,2026-06-02T12:00Z,5.2,delayed,2026-06-05T11:48Z
S-700610,ORD-49795,P-CH-2230,Ningbo,Rotterdam,2,ocean,MV TROPIC GLORY,9883863,approaching Rotterdam,2026-06-09T02:24Z,NLRTM,LOW,0.4,CR-YMLU,L-CNNGB-NLRTM,8831.0,4.8,10280.0,DDU,none,economy,2026-06-09T12:00Z,-0.4,damage,2026-06-07T18:24Z
S-700611,ORD-47438,P-CH-2230,Rotterdam,New York/New Jersey,2,ocean,MV PACIFIC CRYSTAL,9759614,New York/New Jersey approach,2026-05-30T00:00Z,USNYC,MEDIUM,1.6,CR-MSCU,L-NLRTM-USNYC,9105.0,35.9,2095.0,CIF,none,premium,2026-05-27T12:00Z,2.5,,2026-05-28T03:00Z
S-700612,ORD-46393,P-MC-7200,Shanghai,Hamburg,24,ocean,MV TROPIC EXPRESS,9484723,6 nm from Hamburg,2026-06-03T07:12Z,DEHAM,HIGH,3.2,CR-COSU,L-CNSHA-DEHAM,19896.0,33.6,293.0,DDP,none,premium,2026-06-04T12:00Z,-1.2,,2026-06-02T15:12Z
S-700613,ORD-48849,P-PK-4500,Salalah,Rotterdam,5,ocean,MV ATLANTIC BREEZE,9840399,in transit,2026-05-21T16:48Z,NLRTM,LOW,0.4,CR-HLCU,L-OMSLL-NLRTM,639.0,41.0,627.0,DDU,none,economy,2026-05-21T12:00Z,0.2,,2026-05-19T00:48Z
S-700614,ORD-45689,P-CH-2210,Hong Kong,Rotterdam,32,ocean,MV PACIFIC CRYSTAL,9179896,in transit,2026-06-11T07:12Z,NLRTM,LOW,0.4,CR-HMMU,L-HKHKG-NLRTM,11646.0,28.2,615.0,FOB,3,premium,2026-06-11T12:00Z,-0.2,,2026-06-10T07:12Z
S-700615,ORD-44774,P-PW-1850,Tokyo,Vancouver,8,ocean,MV ARCTIC VICTORY,9732102,Vancouver approach,2026-05-30T04:48Z,CASOG,LOW,0.6,CR-MSCU,L-JPTYO-CASOG,17423.0,14.2,2137.0,DAP,none,standard,2026-05-23T12:00Z,6.7,port_congestion,2026-05-29T04:48Z
S-700616,ORD-48360,P-CH-2211,Hamburg,Durban,10,ocean,MV PACIFIC SPIRIT,9534948,off Hamburg,2026-05-25T09:36Z,ZADUR,MEDIUM,1.5,CR-CMDU,L-DEHAM-ZADUR,16865.0,49.2,2068.0,CIF,none,economy,2026-05-23T12:00Z,1.9,,2026-05-22T19:36Z
S-700617,ORD-47877,P-SW-3001,Antwerp,New York/New Jersey,33,ocean,MV CALEDONIAN GLORY,9360605,off Antwerp,2026-05-21T09:36Z,USNYC,MEDIUM,1.6,CR-DSVS,L-BEANR-USNYC,7983.0,53.0,3511.0,CIF,none,standard,2026-05-21T12:00Z,-0.1,,2026-05-20T19:36Z
S-700618,ORD-46654,P-EL-9101,Mundra,Felixstowe,4,ocean,MV BALTIC TRADER,9270884,Felixstowe approach,2026-06-04T02:24Z,GBFXT,MEDIUM,0.9,CR-MAEU,L-INMUN-GBFXT,22889.0,29.5,10328.0,DDU,8,premium,2026-06-01T12:00Z,2.6,,2026-06-01T04:24Z
S-700619,ORD-45471,P-EL-9102,Mundra,Felixstowe,12,ocean,MV PACIFIC BREEZE,9603943,off Mundra,2026-06-04T16:48Z,GBFXT,MEDIUM,0.9,CR-ONEY,L-INMUN-GBFXT,6186.0,58.0,3358.0,EXW,none,standard,2026-06-06T12:00Z,-1.8,,2026-06-02T02:48Z
S-700620,ORD-48031,P-CH-2230,Hamburg,Genoa,20,road,DACHSE-7999,N/A,in transit,2026-05-19T04:48Z,ITGOA,MEDIUM,1.2,CR-DACH,L-DEHAM-ITGOA,25324.0,34.6,16706.0,DDP,8,premium,2026-05-20T12:00Z,-1.3,,2026-05-16T18:48Z
S-700621,ORD-48653,P-PW-1802,Rotterdam,Santos,25,ocean,MV NORDIC CRYSTAL,9772283,in transit,2026-05-31T19:12Z,BRSSZ,MEDIUM,1.7,CR-KNES,L-NLRTM-BRSSZ,1214.0,40.4,1592.0,EXW,9,standard,2026-05-31T12:00Z,0.3,,2026-05-30T18:12Z
S-700622,ORD-49862,P-MC-7102,Singapore,Rotterdam,22,ocean,MV PACIFIC SPIRIT,9216586,off Singapore,2026-06-13T14:24Z,NLRTM,LOW,0.4,CR-MSCU,L-SGSIN-NLRTM,859.0,50.1,20307.0,EXW,none,standard,2026-06-14T12:00Z,-0.9,,2026-06-11T21:24Z
S-700623,ORD-46219,P-PW-1850,Yantian,Callao (Lima),21,ocean,MV ARCTIC PIONEER,9779401,off Yantian,2026-05-29T14:24Z,PEMRI,LOW,0.9,CR-YMLU,L-CNYTN-PEMRI,12321.0,10.2,250000,EXW,3,premium,2026-05-29T12:00Z,0.1,damage,2026-05-28T06:24Z
S-700624,ORD-46880,P-SW-3001,Mundra,Felixstowe,18,ocean,MV BALTIC TRADER,9864987,79 nm from Felixstowe,2026-06-16T04:48Z,GBFXT,MEDIUM,0.9,CR-KNES,L-INMUN-GBFXT,8114.0,45.5,2964.0,DDP,none,premium,2026-06-12T12:00Z,3.7,,2026-06-15T21:48Z
S-700625,ORD-45048,P-PK-4501,Jebel Ali (Dubai),Frankfurt am Main Airport,26,air,FD-CARGO-467,N/A,approaching Frankfurt am Main Airport,2026-05-20T21:36Z,DEFRA,LOW,0.1,CR-FDXA,L-AEDXB-DEFRA,9910.0,44.0,2872.0,FOB,none,premium,2026-05-20T12:00Z,0.4,,2026-05-19T10:36Z
S-700626,ORD-44819,P-PW-1850,Frankfurt am Main Airport,Shanghai,36,air,LH-CARGO-331,N/A,approaching Shanghai,2026-05-26T19:12Z,CNSHA,MEDIUM,1.3,CR-LHCA,L-DEFRA-CNSHA,22706.0,29.6,68.0,DDU,3,standard,2026-05-24T12:00Z,2.3,customs_hold,2026-05-25T15:12Z
S-700627,ORD-45270,P-SN-5001,Genoa,Charleston,30,ocean,MV NORDIC STAR,9126960,approaching Charleston,2026-05-23T00:00Z,USCHS,LOW,0.7,CR-CMDU,L-ITGOA-USCHS,18424.0,46.3,143.0,EXW,none,premium,2026-05-20T12:00Z,2.5,,2026-05-22T18:00Z
S-700628,ORD-48026,P-EL-9101,Shanghai,Rotterdam,12,ocean,MV CALEDONIAN CRYSTAL,9724272,in transit,2026-06-22T00:00Z,NLRTM,LOW,0.4,CR-EGLV,L-CNSHA-NLRTM,24782.0,18.8,3902.0,FOB,9,premium,2026-06-22T12:00Z,-0.5,,2026-06-21T18:00Z
S-700629,ORD-46744,P-EL-9003,Tianjin,Hamburg,28,ocean,MV ATLANTIC GLORY,9178573,approaching Hamburg,2026-06-13T04:48Z,DEHAM,HIGH,3.2,CR-HMMU,L-CNTAO-DEHAM,14644.0,5.5,418.0,EXW,none,premium,2026-06-12T12:00Z,0.7,,2026-06-13T02:48Z
S-700630,ORD-44952,P-PK-4500,Jebel Ali (Dubai),Frankfurt am Main Airport,9,air,LH-CARGO-204,N/A,in transit,2026-05-18T12:00Z,DEFRA,LOW,0.1,CR-LHCA,L-AEDXB-DEFRA,17286.0,19.1,87681.0,CIF,none,standard,2026-05-20T12:00Z,-2.0,,2026-05-17T11:00Z
S-700631,ORD-46921,P-SN-5001,Ningbo,Rotterdam,12,ocean,MV NORDIC VICTORY,9582804,Rotterdam approach,2026-06-12T21:36Z,NLRTM,LOW,0.4,CR-DSVS,L-CNNGB-NLRTM,22829.0,40.7,538.0,CIF,none,standard,2026-06-12T12:00Z,0.4,,2026-06-10T06:36Z
S-700632,ORD-49100,P-MC-7100,Singapore,Felixstowe,5,ocean,MV NIPPON TRADER,9348316,approaching Felixstowe,2026-05-20T09:36Z,GBFXT,MEDIUM,0.9,CR-PILU,L-SGSIN-GBFXT,23026.0,27.1,24082.0,DDU,9,premium,2026-05-20T12:00Z,-0.1,,2026-05-19T07:36Z
S-700633,ORD-49435,P-PW-1801,Yantian,Frankfurt am Main Airport,21,air,LH-CARGO-388,N/A,in transit,2026-05-26T04:48Z,DEFRA,LOW,0.1,CR-LHCA,L-CNYTN-DEFRA,8849.0,1.2,12800.0,DDU,none,standard,2026-05-23T12:00Z,2.7,,2026-05-23T11:48Z
S-700634,ORD-45870,P-EL-9001,Hong Kong,Rotterdam,14,ocean,MV CALEDONIAN EXPRESS,9983630,in transit,2026-06-01T00:00Z,NLRTM,LOW,0.4,CR-CMDU,L-HKHKG-NLRTM,8957.0,58.8,33222.0,EXW,3,standard,2026-05-28T12:00Z,3.5,,2026-05-30T17:00Z
S-700635,ORD-45366,P-CH-2210,Hong Kong,Rotterdam,5,ocean,MV ARCTIC PIONEER,9805424,43 nm from Rotterdam,2026-06-20T07:12Z,NLRTM,LOW,0.4,CR-KNES,L-HKHKG-NLRTM,16379.0,48.6,2996.0,DAP,none,standard,2026-06-19T12:00Z,0.8,,2026-06-18T09:12Z
S-700636,ORD-49329,P-EL-9102,Yantian,Los Angeles,10,ocean,MV PACIFIC VICTORY,9776978,in transit,2026-06-01T00:00Z,USLAX,HIGH,2.6,CR-KNES,L-CNYTN-USLAX,11881.0,12.6,2405.0,CIF,none,premium,2026-05-31T12:00Z,0.5,,2026-05-31T13:00Z
S-700637,ORD-49500,P-CH-2210,Hamburg,Genoa,26,road,XPO LO-9366,N/A,off Hamburg,2026-05-24T00:00Z,ITGOA,MEDIUM,1.2,CR-XPOT,L-DEHAM-ITGOA,4391.0,23.5,391.0,EXW,none,standard,2026-05-23T12:00Z,0.5,,2026-05-22T16:00Z
S-700638,ORD-46758,P-PW-1850,Yantian,Callao (Lima),15,ocean,MV ARCTIC SPIRIT,9322847,Callao (Lima) approach,2026-05-30T07:12Z,PEMRI,LOW,0.9,CR-CMDU,L-CNYTN-PEMRI,12312.0,51.3,208.0,FOB,8,economy,2026-05-28T12:00Z,1.8,,2026-05-29T16:12Z
S-700639,ORD-45686,P-EL-9102,Los Angeles,Sydney Kingsford Smith Airport,21,air,QT-CARGO-194,N/A,Sydney Kingsford Smith Airport approach,2026-05-22T09:36Z,AUSYD,LOW,0.1,CR-QTRA,L-USLAX-AUSYD,5149.0,54.0,2874.0,EXW,none,premium,2026-05-21T12:00Z,0.9,customs_hold,2026-05-19T21:36Z
S-700640,ORD-44838,P-PW-1801,Hong Kong,Oakland,36,ocean,MV IBERIAN STAR,9446394,in transit,2026-06-09T14:24Z,USOAK,MEDIUM,1.4,CR-HMMU,L-HKHKG-USOAK,25235.0,28.5,5883.0,DDP,none,premium,2026-06-07T12:00Z,2.1,,2026-06-09T06:24Z
S-700641,ORD-44588,P-EL-9002,Salalah,Rotterdam,2,ocean,MV BALTIC PIONEER,9333253,in transit,2026-05-31T12:00Z,NLRTM,LOW,0.4,CR-PILU,L-OMSLL-NLRTM,20690.0,15.1,10392.0,CIF,none,premium,2026-05-28T12:00Z,3.0,,2026-05-28T12:00Z
S-700642,ORD-44569,P-EL-9002,Chicago O'Hare Airport,Hong Kong,19,air,FD-CARGO-431,N/A,in transit,2026-05-27T09:36Z,HKHKG,LOW,0.8,CR-FDXA,L-USORD-HKHKG,18226.0,50.3,1774.0,DDU,none,standard,2026-05-21T12:00Z,5.9,damage,2026-05-25T11:36Z
S-700643,ORD-47668,P-CH-2230,Yantian,Callao (Lima),29,ocean,MV TROPIC CRYSTAL,9254358,in transit,2026-06-13T00:00Z,PEMRI,LOW,0.9,CR-DSVS,L-CNYTN-PEMRI,15698.0,36.9,213.0,DDU,none,standard,2026-06-10T12:00Z,2.5,,2026-06-10T20:00Z
S-700644,ORD-47134,P-EL-9003,Valencia,Veracruz,12,ocean,MV IBERIAN GUARDIAN,9428222,193 nm from Veracruz,2026-06-10T00:00Z,MXVER,MEDIUM,1.3,CR-COSU,L-ESVLC-MXVER,11918.0,44.3,3060.0,DDU,none,economy,2026-06-09T12:00Z,0.5,damage,2026-06-08T19:00Z
S-700645,ORD-48599,P-PW-1802,Singapore,Rotterdam,34,ocean,MV NORDIC PIONEER,9763543,off Singapore,2026-05-24T14:24Z,NLRTM,LOW,0.4,CR-HMMU,L-SGSIN-NLRTM,5468.0,1.0,5329.0,DAP,3,standard,2026-05-24T12:00Z,0.1,,2026-05-23T15:24Z
S-700646,ORD-46997,P-MC-7100,Hong Kong,Rotterdam,32,ocean,MV IBERIAN GUARDIAN,9532250,off Hong Kong,2026-06-08T12:00Z,NLRTM,LOW,0.4,CR-KNES,L-HKHKG-NLRTM,16811.0,25.6,93171.0,DAP,none,premium,2026-06-08T12:00Z,0.0,,2026-06-08T07:00Z
S-700647,ORD-49616,P-PW-1801,Qingdao,Le Havre,11,ocean,MV ATLANTIC TRADER,9654077,Le Havre approach,2026-06-22T16:48Z,FRLEH,MEDIUM,1.0,CR-YMLU,L-CNQIN-FRLEH,10562.0,59.1,233.0,DAP,none,standard,2026-06-22T12:00Z,0.2,,2026-06-21T04:48Z
S-700648,ORD-49271,P-EL-9003,Salalah,Rotterdam,17,ocean,MV ATLANTIC SPIRIT,9845769,approaching Rotterdam,2026-05-26T02:24Z,NLRTM,LOW,0.4,CR-KNES,L-OMSLL-NLRTM,12713.0,40.3,843.0,DDU,8,premium,2026-05-25T12:00Z,0.6,damage,2026-05-23T11:24Z
S-700649,ORD-44009,P-MC-7200,Yantian,Frankfurt am Main Airport,2,air,LH-CARGO-280,N/A,approaching Frankfurt am Main Airport,2026-05-23T16:48Z,DEFRA,LOW,0.1,CR-LHCA,L-CNYTN-DEFRA,16389.0,18.4,690.0,DDU,8,economy,2026-05-23T12:00Z,0.2,,2026-05-20T19:48Z
S-700650,ORD-46387,P-MC-7102,Ningbo,Rotterdam,28,ocean,MV CALEDONIAN EXPRESS,9496497,approaching Rotterdam,2026-06-16T19:12Z,NLRTM,LOW,0.4,CR-YMLU,L-CNNGB-NLRTM,12161.0,48.9,18626.0,EXW,8,standard,2026-06-16T12:00Z,0.3,,2026-06-15T05:12Z
S-700651,ORD-48016,P-PW-1801,Shanghai,New York/New Jersey,17,ocean,MV ARCTIC PIONEER,9884287,in transit,2026-05-24T14:24Z,USNYC,MEDIUM,1.6,CR-ZIMU,L-CNSHA-USNYC,17942.0,25.9,4726.0,EXW,none,premium,2026-05-24T12:00Z,0.1,,2026-05-22T14:24Z
S-700652,ORD-45746,P-EL-9102,Singapore,Rotterdam,32,ocean,MV BALTIC TRADER,9140204,47 nm from Rotterdam,2026-06-18T14:24Z,NLRTM,LOW,0.4,CR-EGLV,L-SGSIN-NLRTM,25788.0,55.8,1244.0,FOB,none,premium,2026-06-19T12:00Z,-0.9,,2026-06-18T01:24Z
S-700653,ORD-45702,P-CH-2211,Hamburg,Durban,4,ocean,MV NIPPON TRADER,9533942,49 nm from Durban,2026-05-31T19:12Z,ZADUR,MEDIUM,1.5,CR-WHLU,L-DEHAM-ZADUR,17939.0,46.0,11596.0,DDP,none,standard,2026-05-31T12:00Z,0.3,,2026-05-29T07:12Z
S-700654,ORD-46958,P-PW-1801,Hamburg,Genoa,20,road,DACHSE-9872,N/A,approaching Genoa,2026-05-28T02:24Z,ITGOA,MEDIUM,1.2,CR-DACH,L-DEHAM-ITGOA,17465.0,46.1,3657.0,CIF,none,standard,2026-05-24T12:00Z,3.6,,2026-05-25T04:24Z
S-700655,ORD-46481,P-PW-1802,Hong Kong,Frankfurt am Main Airport,15,air,UP-CARGO-604,N/A,approaching Frankfurt am Main Airport,2026-05-23T12:00Z,DEFRA,LOW,0.1,CR-UPSA,L-HKHKG-DEFRA,20248.0,53.3,123304.0,EXW,none,standard,2026-05-22T12:00Z,1.0,delayed,2026-05-22T10:00Z
S-700656,ORD-48722,P-MC-7100,Hamburg,Santos,2,ocean,MV ARCTIC SPIRIT,9353570,in transit,2026-06-02T14:24Z,BRSSZ,MEDIUM,1.7,CR-PILU,L-DEHAM-BRSSZ,10434.0,21.2,4930.0,DDP,none,economy,2026-05-30T12:00Z,3.1,,2026-06-02T02:24Z
S-700657,ORD-46489,P-MC-7100,Ningbo,Rotterdam,11,ocean,MV ASIAN SPIRIT,9928970,Rotterdam approach,2026-06-26T21:36Z,NLRTM,LOW,0.4,CR-KNES,L-CNNGB-NLRTM,21767.0,16.3,45831.0,DAP,none,premium,2026-06-23T12:00Z,3.4,,2026-06-24T08:36Z
S-700658,ORD-46463,P-EL-9102,Jebel Ali (Dubai),Frankfurt am Main Airport,36,air,AF-CARGO-178,N/A,approaching Frankfurt am Main Airport,2026-05-24T19:12Z,DEFRA,LOW,0.1,CR-AFKA,L-AEDXB-DEFRA,5655.0,21.2,6177.0,DDU,none,premium,2026-05-22T12:00Z,2.3,damage,2026-05-23T05:12Z
S-700659,ORD-47045,P-MC-7100,Yantian,Los Angeles,22,ocean,MV BALTIC SPIRIT,9957947,Los Angeles approach,2026-05-31T12:00Z,USLAX,HIGH,2.6,CR-ZIMU,L-CNYTN-USLAX,7332.0,55.5,78.0,CIF,none,standard,2026-05-31T12:00Z,0.0,,2026-05-28T14:00Z
S-700660,ORD-47834,P-PW-1802,Yantian,Los Angeles,8,ocean,MV ATLANTIC SPIRIT,9460859,approaching Los Angeles,2026-05-25T21:36Z,USLAX,HIGH,2.6,CR-WHLU,L-CNYTN-USLAX,14970.0,19.3,157855.0,DDU,none,economy,2026-05-24T12:00Z,1.4,,2026-05-23T08:36Z
S-700661,ORD-49663,P-SW-3002,Shanghai,Düsseldorf Rail Terminal,7,rail,DB SCH-4185,N/A,off Shanghai,2026-05-23T00:00Z,DEDUS,LOW,0.2,CR-DBSC,L-CNSHA-DEDUS,24805.0,50.6,892.0,DDU,8,standard,2026-05-22T12:00Z,0.5,,2026-05-22T00:00Z
S-700662,ORD-49667,P-SW-3002,Los Angeles,Sydney Kingsford Smith Airport,5,air,UP-CARGO-661,N/A,190 nm from Sydney Kingsford Smith Airport,2026-05-20T02:24Z,AUSYD,LOW,0.1,CR-UPSA,L-USLAX-AUSYD,13651.0,53.1,17689.0,FOB,none,premium,2026-05-20T12:00Z,-0.4,,2026-05-19T11:24Z
S-700663,ORD-46575,P-EL-9101,Antwerp,New York/New Jersey,4,ocean,MV BALTIC CRYSTAL,9934082,approaching New York/New Jersey,2026-05-31T00:00Z,USNYC,MEDIUM,1.6,CR-EGLV,L-BEANR-USNYC,1142.0,28.5,558.0,FOB,none,standard,2026-05-28T12:00Z,2.5,,2026-05-28T09:00Z
S-700664,ORD-49058,P-EL-9101,Yantian,Los Angeles,3,ocean,MV ARCTIC STAR,9164845,in transit,2026-06-08T04:48Z,USLAX,HIGH,2.6,CR-KNES,L-CNYTN-USLAX,20658.0,40.6,266.0,DDP,none,standard,2026-06-06T12:00Z,1.7,,2026-06-08T01:48Z
S-700665,ORD-44104,P-PK-4501,Yantian,Callao (Lima),12,ocean,MV ARCTIC VICTORY,9124071,in transit,2026-06-07T04:48Z,PEMRI,LOW,0.9,CR-MAEU,L-CNYTN-PEMRI,11976.0,44.1,246.0,FOB,none,premium,2026-06-07T12:00Z,-0.3,,2026-06-04T18:48Z
S-700666,ORD-47939,P-PK-4500,Yantian,Hamburg,17,ocean,MV ARCTIC PIONEER,9121704,9 nm from Hamburg,2026-06-23T00:00Z,DEHAM,HIGH,3.2,CR-ONEY,L-CNYTN-DEHAM,1129.0,36.2,10046.0,DDP,none,standard,2026-06-21T12:00Z,1.5,,2026-06-22T04:00Z
S-700667,ORD-48795,P-MC-7101,Shanghai,Hamburg,34,ocean,MV IBERIAN CRYSTAL,9922177,off Shanghai,2026-06-06T02:24Z,DEHAM,HIGH,3.2,CR-PILU,L-CNSHA-DEHAM,21014.0,45.9,39980.0,DAP,none,standard,2026-06-05T12:00Z,0.6,damage,2026-06-03T15:24Z
S-700668,ORD-45774,P-CH-2211,Rotterdam,Santos,33,ocean,MV TROPIC GUARDIAN,9122171,Santos approach,2026-06-03T04:48Z,BRSSZ,MEDIUM,1.7,CR-WHLU,L-NLRTM-BRSSZ,3436.0,51.7,1072.0,FOB,none,economy,2026-06-04T12:00Z,-1.3,delayed,2026-06-01T01:48Z
S-700669,ORD-49375,P-PK-4501,Hong Kong,Frankfurt am Main Airport,18,air,UP-CARGO-411,N/A,in transit,2026-05-21T09:36Z,DEFRA,LOW,0.1,CR-UPSA,L-HKHKG-DEFRA,11623.0,58.5,2544.0,CIF,9,standard,2026-05-20T12:00Z,0.9,vessel_change,2026-05-19T06:36Z
S-700670,ORD-48609,P-PW-1850,Yantian,Callao (Lima),6,ocean,MV ASIAN GUARDIAN,9415774,Callao (Lima) approach,2026-06-20T02:24Z,PEMRI,LOW,0.9,CR-WHLU,L-CNYTN-PEMRI,16393.0,41.8,1428.0,DAP,none,standard,2026-06-19T12:00Z,0.6,,2026-06-17T04:24Z
S-700671,ORD-48000,P-MC-7102,Rotterdam,New York/New Jersey,11,ocean,MV TROPIC EXPRESS,9818342,New York/New Jersey approach,2026-05-31T02:24Z,USNYC,MEDIUM,1.6,CR-COSU,L-NLRTM-USNYC,1108.0,0.6,18078.0,DDU,none,standard,2026-05-30T12:00Z,0.6,,2026-05-28T14:24Z
S-700672,ORD-49794,P-PK-4500,Yantian,Los Angeles,18,ocean,MV ASIAN EXPRESS,9976033,114 nm from Los Angeles,2026-06-08T21:36Z,USLAX,HIGH,2.6,CR-ZIMU,L-CNYTN-USLAX,20192.0,20.3,10488.0,DAP,none,premium,2026-06-08T12:00Z,0.4,,2026-06-06T18:36Z
S-700673,ORD-47337,P-EL-9003,Shanghai,New York/New Jersey,23,ocean,MV IBERIAN CRYSTAL,9439461,in transit,2026-06-05T14:24Z,USNYC,MEDIUM,1.6,CR-KNES,L-CNSHA-USNYC,17808.0,1.9,8836.0,DAP,9,standard,2026-06-02T12:00Z,3.1,,2026-06-03T14:24Z
S-700674,ORD-49842,P-EL-9002,Shanghai,Düsseldorf Rail Terminal,36,rail,DB SCH-3969,N/A,off Shanghai,2026-06-02T12:00Z,DEDUS,LOW,0.2,CR-DBSC,L-CNSHA-DEDUS,4332.0,29.3,2222.0,DDU,none,premium,2026-05-31T12:00Z,2.0,,2026-05-31T00:00Z
S-700675,ORD-47274,P-EL-9002,Hamburg,Genoa,10,road,DACHSE-6606,N/A,Genoa approach,2026-05-30T12:00Z,ITGOA,MEDIUM,1.2,CR-DACH,L-DEHAM-ITGOA,8714.0,15.0,636.0,FOB,none,standard,2026-05-25T12:00Z,5.0,customs_hold,2026-05-30T02:00Z
S-700676,ORD-44569,P-EL-9003,Tianjin,Hamburg,24,ocean,MV ATLANTIC EXPRESS,9163950,off Tianjin,2026-06-24T12:00Z,DEHAM,HIGH,3.2,CR-MAEU,L-CNTAO-DEHAM,22179.0,29.4,23150.0,EXW,9,economy,2026-06-26T12:00Z,-2.0,,2026-06-22T15:00Z
S-700677,ORD-46577,P-SW-3001,Hong Kong,Oakland,1,ocean,MV BALTIC TRADER,9517389,in transit,2026-05-23T19:12Z,USOAK,MEDIUM,1.4,CR-MSCU,L-HKHKG-USOAK,23534.0,59.7,40725.0,DAP,none,standard,2026-05-22T12:00Z,1.3,,2026-05-23T13:12Z
S-700678,ORD-48477,P-MC-7200,Shanghai,New York/New Jersey,31,ocean,MV IBERIAN SPIRIT,9678772,off Shanghai,2026-05-21T21:36Z,USNYC,MEDIUM,1.6,CR-EGLV,L-CNSHA-USNYC,2525.0,2.2,34019.0,CIF,none,standard,2026-05-21T12:00Z,0.4,,2026-05-20T11:36Z
S-700679,ORD-48481,P-EL-9003,Busan,Los Angeles,5,ocean,MV CALEDONIAN VICTORY,9174686,off Busan,2026-06-05T00:00Z,USLAX,HIGH,2.6,CR-KNES,L-KRPUS-USLAX,10145.0,5.3,538.0,DDU,8,economy,2026-06-02T12:00Z,2.5,,2026-06-04T10:00Z
S-700680,ORD-46215,P-PK-4501,Singapore,Frankfurt am Main Airport,26,air,UP-CARGO-449,N/A,in transit,2026-05-22T19:12Z,DEFRA,LOW,0.1,CR-UPSA,L-SGSIN-DEFRA,6798.0,14.6,630.0,CIF,3,standard,2026-05-21T12:00Z,1.3,,2026-05-22T15:12Z
S-700681,ORD-48753,P-CH-2230,Qingdao,Le Havre,25,ocean,MV ATLANTIC BREEZE,9742641,Le Havre approach,2026-05-29T04:48Z,FRLEH,MEDIUM,1.0,CR-ZIMU,L-CNQIN-FRLEH,16274.0,44.9,11273.0,DAP,none,standard,2026-05-28T12:00Z,0.7,,2026-05-26T17:48Z
S-700682,ORD-46610,P-SW-3001,Nhava Sheva,Rotterdam,1,ocean,MV ATLANTIC BREEZE,9433849,155 nm from Rotterdam,2026-06-06T00:00Z,NLRTM,LOW,0.4,CR-CMDU,L-INNSA-NLRTM,13606.0,19.3,542.0,FOB,none,economy,2026-06-04T12:00Z,1.5,,2026-06-03T12:00Z
S-700683,ORD-44443,P-MC-7102,Jebel Ali (Dubai),Frankfurt am Main Airport,26,air,FD-CARGO-914,N/A,153 nm from Frankfurt am Main Airport,2026-05-21T19:12Z,DEFRA,LOW,0.1,CR-FDXA,L-AEDXB-DEFRA,3513.0,17.3,1530.0,EXW,none,standard,2026-05-22T12:00Z,-0.7,,2026-05-19T02:12Z
S-700684,ORD-44401,P-CH-2230,Frankfurt am Main Airport,Shanghai,26,air,UP-CARGO-405,N/A,in transit,2026-05-23T07:12Z,CNSHA,MEDIUM,1.3,CR-UPSA,L-DEFRA-CNSHA,21000.0,29.4,4841.0,DAP,none,standard,2026-05-23T12:00Z,-0.2,,2026-05-21T13:12Z
S-700685,ORD-45186,P-MC-7102,Mundra,Felixstowe,32,ocean,MV PACIFIC TRADER,9849019,approaching Felixstowe,2026-05-29T02:24Z,GBFXT,MEDIUM,0.9,CR-MAEU,L-INMUN-GBFXT,8263.0,46.0,1492.0,FOB,9,premium,2026-05-29T12:00Z,-0.4,,2026-05-27T19:24Z
S-700686,ORD-47554,P-CH-2230,Mundra,Felixstowe,10,ocean,MV NIPPON PIONEER,9182248,Felixstowe approach,2026-05-31T21:36Z,GBFXT,MEDIUM,0.9,CR-HLCU,L-INMUN-GBFXT,5867.0,2.6,579.0,DDU,none,premium,2026-06-01T12:00Z,-0.6,,2026-05-29T07:36Z
S-700687,ORD-45362,P-EL-9002,Valencia,Veracruz,34,ocean,MV CALEDONIAN SPIRIT,9974862,in transit,2026-05-31T04:48Z,MXVER,MEDIUM,1.3,CR-PILU,L-ESVLC-MXVER,19315.0,4.9,9109.0,DAP,8,standard,2026-05-31T12:00Z,-0.3,,2026-05-30T11:48Z
S-700688,ORD-49172,P-MC-7200,Yantian,Callao (Lima),18,ocean,MV IBERIAN TRADER,9490407,Callao (Lima) approach,2026-06-11T21:36Z,PEMRI,LOW,0.9,CR-MSCU,L-CNYTN-PEMRI,16191.0,35.2,52.0,CIF,3,standard,2026-06-11T12:00Z,0.4,,2026-06-08T23:36Z
S-700689,ORD-44940,P-PW-1802,Los Angeles,Sydney Kingsford Smith Airport,33,air,UP-CARGO-366,N/A,off Los Angeles,2026-05-20T16:48Z,AUSYD,LOW,0.1,CR-UPSA,L-USLAX-AUSYD,11437.0,36.2,229.0,DDU,none,standard,2026-05-20T12:00Z,0.2,,2026-05-19T15:48Z
S-700690,ORD-49987,P-EL-9102,Rotterdam,New York/New Jersey,9,ocean,MV ASIAN CRYSTAL,9263585,18 nm from New York/New Jersey,2026-05-29T21:36Z,USNYC,MEDIUM,1.6,CR-YMLU,L-NLRTM-USNYC,6981.0,54.7,49826.0,EXW,3,premium,2026-05-30T12:00Z,-0.6,,2026-05-28T19:36Z
S-700691,ORD-45145,P-MC-7101,Antwerp,New York/New Jersey,16,ocean,MV NORDIC CRYSTAL,9873441,off Antwerp,2026-05-30T12:00Z,USNYC,MEDIUM,1.6,CR-CMDU,L-BEANR-USNYC,7719.0,45.0,2161.0,CIF,none,premium,2026-06-01T12:00Z,-2.0,,2026-05-27T18:00Z
S-700692,ORD-48058,P-CH-2210,Tianjin,Łódź Rail Terminal,16,rail,DB SCH-3211,N/A,in transit,2026-05-30T09:36Z,PLLDZ,LOW,0.2,CR-DBSC,L-CNTAO-PLLDZ,20461.0,30.4,1173.0,DAP,none,economy,2026-05-30T12:00Z,-0.1,vessel_change,2026-05-30T05:36Z
S-700693,ORD-44677,P-EL-9003,Singapore,Rotterdam,15,ocean,MV ASIAN GLORY,9739909,off Singapore,2026-05-24T07:12Z,NLRTM,LOW,0.4,CR-MSCU,L-SGSIN-NLRTM,605.0,15.2,25624.0,FOB,none,standard,2026-05-24T12:00Z,-0.2,,2026-05-23T15:12Z
S-700694,ORD-46802,P-PK-4500,Busan,New York/New Jersey,25,ocean,MV NORDIC BREEZE,9368100,New York/New Jersey approach,2026-06-14T19:12Z,USNYC,MEDIUM,1.6,CR-MAEU,L-KRPUS-USNYC,16263.0,7.7,1330.0,DDU,9,standard,2026-06-13T12:00Z,1.3,,2026-06-12T00:12Z
S-700695,ORD-47704,P-MC-7102,Rotterdam,New York/New Jersey,11,ocean,MV CALEDONIAN PIONEER,9211611,121 nm from New York/New Jersey,2026-06-07T19:12Z,USNYC,MEDIUM,1.6,CR-DSVS,L-NLRTM-USNYC,6124.0,30.4,85.0,FOB,none,standard,2026-06-02T12:00Z,5.3,damage,2026-06-06T18:12Z
S-700696,ORD-49567,P-MC-7102,Shanghai,Rotterdam,7,ocean,MV NIPPON BREEZE,9927101,off Shanghai,2026-06-23T04:48Z,NLRTM,LOW,0.4,CR-KNES,L-CNSHA-NLRTM,10975.0,52.9,10032.0,EXW,none,premium,2026-06-23T12:00Z,-0.3,,2026-06-22T02:48Z
S-700697,ORD-47560,P-SW-3001,Yantian,Hamburg,13,ocean,MV NORDIC PIONEER,9547041,approaching Hamburg,2026-06-12T19:12Z,DEHAM,HIGH,3.2,CR-MSCU,L-CNYTN-DEHAM,22674.0,15.9,1631.0,FOB,none,standard,2026-06-11T12:00Z,1.3,,2026-06-12T01:12Z
S-700698,ORD-48816,P-MC-7100,Busan,Los Angeles,3,ocean,MV ATLANTIC VICTORY,9641831,off Busan,2026-05-27T21:36Z,USLAX,HIGH,2.6,CR-DSVS,L-KRPUS-USLAX,3971.0,55.7,2053.0,DDP,none,standard,2026-05-24T12:00Z,3.4,delayed,2026-05-25T18:36Z
S-700699,ORD-47025,P-PK-4500,Frankfurt am Main Airport,Shanghai,25,air,CX-CARGO-437,N/A,199 nm from Shanghai,2026-05-23T07:12Z,CNSHA,MEDIUM,1.3,CR-CXCA,L-DEFRA-CNSHA,17866.0,21.7,470.0,EXW,none,premium,2026-05-21T12:00Z,1.8,,2026-05-23T01:12Z
S-700700,ORD-48221,P-PW-1850,Shanghai,Düsseldorf Rail Terminal,31,rail,DB SCH-1699,N/A,off Shanghai,2026-05-28T21:36Z,DEDUS,LOW,0.2,CR-DBSC,L-CNSHA-DEDUS,8450.0,43.0,24939.0,DDU,none,premium,2026-05-27T12:00Z,1.4,vessel_change,2026-05-26T23:36Z
S-700701,ORD-46591,P-MC-7101,Tianjin,Hamburg,3,ocean,MV NORDIC BREEZE,9669221,Hamburg approach,2026-06-18T16:48Z,DEHAM,HIGH,3.2,CR-YMLU,L-CNTAO-DEHAM,24836.0,44.3,21.0,FOB,none,economy,2026-06-17T12:00Z,1.2,vessel_change,2026-06-17T04:48Z
S-700702,ORD-48370,P-SW-3001,Jebel Ali (Dubai),Rotterdam,4,ocean,MV CALEDONIAN GUARDIAN,9812126,off Jebel Ali (Dubai),2026-05-27T19:12Z,NLRTM,LOW,0.4,CR-KNES,L-AEDXB-NLRTM,13744.0,45.6,135.0,DDP,9,premium,2026-05-28T12:00Z,-0.7,,2026-05-27T00:12Z
S-700703,ORD-44525,P-EL-9102,Singapore,Rotterdam,12,ocean,MV BALTIC STAR,9976140,Rotterdam approach,2026-05-22T16:48Z,NLRTM,LOW,0.4,CR-WHLU,L-SGSIN-NLRTM,2095.0,49.1,793.0,DDP,none,premium,2026-05-22T12:00Z,0.2,delayed,2026-05-22T14:48Z
S-700704,ORD-49736,P-SW-3002,Chicago O'Hare Airport,Hong Kong,8,air,CX-CARGO-382,N/A,Hong Kong approach,2026-05-20T19:12Z,HKHKG,LOW,0.8,CR-CXCA,L-USORD-HKHKG,6783.0,42.2,2407.0,DDP,8,premium,2026-05-20T12:00Z,0.3,,2026-05-20T11:12Z
S-700705,ORD-49715,P-PW-1802,Tianjin,Hamburg,7,ocean,MV ARCTIC PIONEER,9689222,18 nm from Hamburg,2026-06-02T19:12Z,DEHAM,HIGH,3.2,CR-DSVS,L-CNTAO-DEHAM,1710.0,9.2,131.0,EXW,none,economy,2026-06-02T12:00Z,0.3,,2026-06-02T06:12Z
S-700706,ORD-46685,P-SN-5001,Yantian,Los Angeles,33,ocean,MV BALTIC CRYSTAL,9418602,190 nm from Los Angeles,2026-05-31T14:24Z,USLAX,HIGH,2.6,CR-KNES,L-CNYTN-USLAX,21040.0,41.9,12337.0,FOB,3,economy,2026-06-01T12:00Z,-0.9,,2026-05-29T05:24Z
S-700707,ORD-46957,P-MC-7101,Chicago O'Hare Airport,Hong Kong,33,air,FD-CARGO-168,N/A,Hong Kong approach,2026-05-22T07:12Z,HKHKG,LOW,0.8,CR-FDXA,L-USORD-HKHKG,270.0,16.0,352.0,FOB,none,premium,2026-05-23T12:00Z,-1.2,vessel_change,2026-05-21T11:12Z
S-700708,ORD-47004,P-CH-2211,Busan,New York/New Jersey,33,ocean,MV ASIAN CRYSTAL,9468765,105 nm from New York/New Jersey,2026-06-01T00:00Z,USNYC,MEDIUM,1.6,CR-ZIMU,L-KRPUS-USNYC,6288.0,21.1,79938.0,FOB,none,standard,2026-05-30T12:00Z,1.5,port_congestion,2026-05-30T03:00Z
S-700709,ORD-46713,P-SN-5001,Yantian,Los Angeles,24,ocean,MV ARCTIC TRADER,9652869,130 nm from Los Angeles,2026-05-19T14:24Z,USLAX,HIGH,2.6,CR-MSCU,L-CNYTN-USLAX,21308.0,10.2,611.0,DDP,none,economy,2026-05-20T12:00Z,-0.9,damage,2026-05-18T21:24Z
S-700710,ORD-44302,P-EL-9002,Singapore,Rotterdam,8,ocean,MV TROPIC VICTORY,9910669,Rotterdam approach,2026-06-19T14:24Z,NLRTM,LOW,0.4,CR-WHLU,L-SGSIN-NLRTM,13456.0,11.2,757.0,CIF,none,standard,2026-06-18T12:00Z,1.1,delayed,2026-06-17T12:24Z
S-700711,ORD-48607,P-SW-3001,Hamburg,Genoa,12,road,XPO LO-3815,N/A,off Hamburg,2026-05-23T16:48Z,ITGOA,MEDIUM,1.2,CR-XPOT,L-DEHAM-ITGOA,19406.0,50.4,2649.0,FOB,none,standard,2026-05-21T12:00Z,2.2,,2026-05-22T13:48Z
S-700712,ORD-44871,P-CH-2211,Salalah,Rotterdam,14,ocean,MV ASIAN VICTORY,9475545,in transit,2026-05-26T00:00Z,NLRTM,LOW,0.4,CR-PILU,L-OMSLL-NLRTM,6240.0,51.8,3723.0,DAP,none,premium,2026-05-25T12:00Z,0.5,damage,2026-05-24T02:00Z
S-700713,ORD-47294,P-EL-9101,Hamburg,Durban,15,ocean,MV TROPIC STAR,9885139,off Hamburg,2026-05-31T12:00Z,ZADUR,MEDIUM,1.5,CR-MSCU,L-DEHAM-ZADUR,16737.0,27.0,3688.0,DDU,8,standard,2026-05-29T12:00Z,2.0,,2026-05-29T13:00Z
S-700714,ORD-46222,P-MC-7101,Hamburg,Santos,34,ocean,MV ATLANTIC GLORY,9814659,off Hamburg,2026-05-21T21:36Z,BRSSZ,MEDIUM,1.7,CR-CMDU,L-DEHAM-BRSSZ,3129.0,52.8,1141.0,CIF,none,premium,2026-05-20T12:00Z,1.4,customs_hold,2026-05-20T08:36Z
S-700715,ORD-46589,P-PW-1850,Hong Kong,Rotterdam,4,ocean,MV ATLANTIC SPIRIT,9137669,in transit,2026-06-20T12:00Z,NLRTM,LOW,0.4,CR-HLCU,L-HKHKG-NLRTM,20601.0,24.4,9282.0,DDU,none,premium,2026-06-18T12:00Z,2.0,,2026-06-17T19:00Z
S-700716,ORD-47263,P-EL-9001,Genoa,Charleston,2,ocean,MV ARCTIC GLORY,9941594,Charleston approach,2026-06-04T12:00Z,USCHS,LOW,0.7,CR-PILU,L-ITGOA-USCHS,17756.0,32.0,1679.0,FOB,8,standard,2026-06-04T12:00Z,-0.0,,2026-06-01T15:00Z
S-700717,ORD-48129,P-SW-3001,Busan,Los Angeles,33,ocean,MV NIPPON GUARDIAN,9977272,Los Angeles approach,2026-06-01T16:48Z,USLAX,HIGH,2.6,CR-MAEU,L-KRPUS-USLAX,20160.0,22.4,78715.0,DDP,none,economy,2026-05-29T12:00Z,3.2,,2026-05-31T13:48Z
S-700718,ORD-44773,P-MC-7100,Yokohama,Los Angeles,17,ocean,MV BALTIC GUARDIAN,9531489,Los Angeles approach,2026-05-27T07:12Z,USLAX,HIGH,2.6,CR-PILU,L-JPYOK-USLAX,5049.0,42.3,19431.0,DDU,none,economy,2026-05-24T12:00Z,2.8,,2026-05-24T16:12Z
S-700719,ORD-48176,P-PK-4500,Ningbo,Rotterdam,7,ocean,MV PACIFIC BREEZE,9430556,Rotterdam approach,2026-06-13T12:00Z,NLRTM,LOW,0.4,CR-MAEU,L-CNNGB-NLRTM,959.0,60.0,6567.0,DDP,8,premium,2026-06-13T12:00Z,-0.0,,2026-06-10T19:00Z
S-700720,ORD-45185,P-CH-2230,Rotterdam,New York/New Jersey,7,ocean,MV CALEDONIAN GUARDIAN,9657440,New York/New Jersey approach,2026-05-29T07:12Z,USNYC,MEDIUM,1.6,CR-COSU,L-NLRTM-USNYC,12142.0,24.1,1592.0,FOB,9,economy,2026-05-23T12:00Z,5.8,vessel_change,2026-05-27T23:12Z
S-700721,ORD-49648,P-PW-1801,Hong Kong,Rotterdam,28,ocean,MV IBERIAN TRADER,9546419,approaching Rotterdam,2026-06-15T21:36Z,NLRTM,LOW,0.4,CR-PILU,L-HKHKG-NLRTM,20278.0,14.0,2330.0,DDU,none,premium,2026-06-15T12:00Z,0.4,,2026-06-13T23:36Z
S-700722,ORD-47802,P-SW-3002,Hong Kong,Oakland,23,ocean,MV ASIAN GUARDIAN,9288830,off Hong Kong,2026-06-06T04:48Z,USOAK,MEDIUM,1.4,CR-WHLU,L-HKHKG-USOAK,5027.0,50.8,2267.0,EXW,9,standard,2026-06-04T12:00Z,1.7,,2026-06-03T19:48Z
S-700723,ORD-49188,P-SW-3002,Frankfurt am Main Airport,Shanghai,28,air,AF-CARGO-297,N/A,179 nm from Shanghai,2026-05-21T00:00Z,CNSHA,MEDIUM,1.3,CR-AFKA,L-DEFRA-CNSHA,13987.0,13.9,24613.0,FOB,none,standard,2026-05-21T12:00Z,-0.5,,2026-05-18T08:00Z
S-700724,ORD-47987,P-EL-9001,Hamburg,Genoa,16,road,XPO LO-9956,N/A,in transit,2026-05-27T00:00Z,ITGOA,MEDIUM,1.2,CR-XPOT,L-DEHAM-ITGOA,9130.0,33.3,35522.0,DDP,none,standard,2026-05-20T12:00Z,6.5,vessel_change,2026-05-25T04:00Z
S-700725,ORD-47197,P-CH-2210,Valencia,Veracruz,20,ocean,MV TROPIC VICTORY,9923790,Veracruz approach,2026-05-26T16:48Z,MXVER,MEDIUM,1.3,CR-COSU,L-ESVLC-MXVER,13059.0,50.0,15818.0,CIF,none,standard,2026-05-27T12:00Z,-0.8,,2026-05-24T00:48Z
S-700726,ORD-49404,P-MC-7100,Shanghai,Los Angeles,30,ocean,MV ASIAN VICTORY,9380804,in transit,2026-06-04T00:00Z,USLAX,HIGH,2.6,CR-EGLV,L-CNSHA-USLAX,14406.0,32.3,1003.0,CIF,none,premium,2026-06-01T12:00Z,2.5,,2026-06-03T08:00Z
S-700727,ORD-47858,P-EL-9003,Yantian,Los Angeles,11,ocean,MV CALEDONIAN GUARDIAN,9921544,in transit,2026-05-25T21:36Z,USLAX,HIGH,2.6,CR-MAEU,L-CNYTN-USLAX,8660.0,32.3,1536.0,EXW,none,premium,2026-05-25T12:00Z,0.4,,2026-05-24T14:36Z
S-700728,ORD-46725,P-CH-2211,Ningbo,Rotterdam,18,ocean,MV NIPPON GUARDIAN,9288480,in transit,2026-05-19T14:24Z,NLRTM,LOW,0.4,CR-KNES,L-CNNGB-NLRTM,13526.0,45.4,23068.0,FOB,none,standard,2026-05-20T12:00Z,-0.9,vessel_change,2026-05-18T01:24Z
S-700729,ORD-45306,P-EL-9001,Chicago O'Hare Airport,Hong Kong,7,air,EK-CARGO-426,N/A,Hong Kong approach,2026-05-24T19:12Z,HKHKG,LOW,0.8,CR-EKCA,L-USORD-HKHKG,18027.0,14.9,179.0,FOB,none,standard,2026-05-21T12:00Z,3.3,,2026-05-22T04:12Z
S-700730,ORD-44565,P-PW-1850,Busan,New York/New Jersey,19,ocean,MV TROPIC PIONEER,9595669,off Busan,2026-06-05T12:00Z,USNYC,MEDIUM,1.6,CR-MSCU,L-KRPUS-USNYC,5008.0,26.4,2495.0,FOB,none,standard,2026-06-05T12:00Z,0.0,,2026-06-04T05:00Z
S-700731,ORD-49805,P-MC-7101,Mundra,Felixstowe,14,ocean,MV ATLANTIC GUARDIAN,9975638,in transit,2026-06-08T00:00Z,GBFXT,MEDIUM,0.9,CR-PILU,L-INMUN-GBFXT,21230.0,0.2,427.0,DDU,none,premium,2026-06-08T12:00Z,-0.5,delayed,2026-06-06T01:00Z
S-700732,ORD-47743,P-EL-9003,Yantian,Los Angeles,9,ocean,MV CALEDONIAN VICTORY,9483215,Los Angeles approach,2026-06-06T02:24Z,USLAX,HIGH,2.6,CR-PILU,L-CNYTN-USLAX,14634.0,13.2,2893.0,DAP,8,premium,2026-06-04T12:00Z,1.6,,2026-06-05T06:24Z
S-700733,ORD-44446,P-EL-9002,Genoa,Charleston,36,ocean,MV ASIAN EXPRESS,9504001,Charleston approach,2026-06-01T04:48Z,USCHS,LOW,0.7,CR-DSVS,L-ITGOA-USCHS,9826.0,46.8,45919.0,CIF,none,economy,2026-05-31T12:00Z,0.7,,2026-05-31T17:48Z
S-700734,ORD-44025,P-PW-1801,Valencia,Veracruz,20,ocean,MV PACIFIC VICTORY,9179891,off Valencia,2026-06-03T07:12Z,MXVER,MEDIUM,1.3,CR-MSCU,L-ESVLC-MXVER,13175.0,20.2,3380.0,CIF,none,premium,2026-06-01T12:00Z,1.8,,2026-06-01T02:12Z
S-700735,ORD-44700,P-MC-7101,Yantian,Frankfurt am Main Airport,8,air,QT-CARGO-814,N/A,Frankfurt am Main Airport approach,2026-05-20T12:00Z,DEFRA,LOW,0.1,CR-QTRA,L-CNYTN-DEFRA,3481.0,41.9,266.0,DDU,none,premium,2026-05-22T12:00Z,-2.0,,2026-05-18T02:00Z
S-700736,ORD-46907,P-EL-9001,Singapore,Frankfurt am Main Airport,28,air,UP-CARGO-728,N/A,in transit,2026-05-24T16:48Z,DEFRA,LOW,0.1,CR-UPSA,L-SGSIN-DEFRA,6324.0,11.5,341.0,EXW,8,premium,2026-05-23T12:00Z,1.2,,2026-05-23T21:48Z
S-700737,ORD-49016,P-EL-9003,Hong Kong,Rotterdam,8,ocean,MV NIPPON CRYSTAL,9477154,in transit,2026-06-11T12:00Z,NLRTM,LOW,0.4,CR-ONEY,L-HKHKG-NLRTM,11251.0,46.9,6437.0,DDU,none,standard,2026-06-10T12:00Z,1.0,,2026-06-08T12:00Z
S-700738,ORD-47816,P-EL-9102,Los Angeles,Sydney Kingsford Smith Airport,12,air,QT-CARGO-385,N/A,161 nm from Sydney Kingsford Smith Airport,2026-05-20T00:00Z,AUSYD,LOW,0.1,CR-QTRA,L-USLAX-AUSYD,6102.0,3.0,515.0,EXW,none,standard,2026-05-20T12:00Z,-0.5,,2026-05-18T09:00Z
S-700739,ORD-46126,P-SW-3002,Jebel Ali (Dubai),Rotterdam,30,ocean,MV ASIAN VICTORY,9178075,Rotterdam approach,2026-06-06T02:24Z,NLRTM,LOW,0.4,CR-COSU,L-AEDXB-NLRTM,12414.0,39.7,7990.0,DDU,none,premium,2026-06-04T12:00Z,1.6,port_congestion,2026-06-05T15:24Z
S-700740,ORD-49431,P-PW-1802,Yantian,Los Angeles,32,ocean,MV NIPPON CRYSTAL,9478072,Los Angeles approach,2026-05-30T07:12Z,USLAX,HIGH,2.6,CR-CMDU,L-CNYTN-USLAX,17342.0,21.3,469.0,DDU,8,standard,2026-05-30T12:00Z,-0.2,,2026-05-27T22:12Z
S-700741,ORD-49838,P-CH-2230,Valencia,Veracruz,20,ocean,MV ASIAN TRADER,9142868,in transit,2026-06-02T04:48Z,MXVER,MEDIUM,1.3,CR-COSU,L-ESVLC-MXVER,13198.0,26.8,6123.0,FOB,none,standard,2026-06-02T12:00Z,-0.3,,2026-05-31T07:48Z
S-700742,ORD-46698,P-MC-7101,Tokyo,Vancouver,23,ocean,MV NORDIC VICTORY,9707565,approaching Vancouver,2026-05-29T14:24Z,CASOG,LOW,0.6,CR-DSVS,L-JPTYO-CASOG,18024.0,19.6,7998.0,CIF,9,standard,2026-05-26T12:00Z,3.1,,2026-05-29T10:24Z
S-700743,ORD-49914,P-CH-2230,Nhava Sheva,Rotterdam,31,ocean,MV PACIFIC CRYSTAL,9660614,in transit,2026-06-16T19:12Z,NLRTM,LOW,0.4,CR-CMDU,L-INNSA-NLRTM,1913.0,19.8,5216.0,DAP,8,standard,2026-06-13T12:00Z,3.3,,2026-06-16T15:12Z
S-700744,ORD-46978,P-EL-9102,Jebel Ali (Dubai),Rotterdam,16,ocean,MV ARCTIC EXPRESS,9221792,off Jebel Ali (Dubai),2026-06-03T00:00Z,NLRTM,LOW,0.4,CR-WHLU,L-AEDXB-NLRTM,4485.0,2.9,5738.0,DAP,none,standard,2026-06-01T12:00Z,1.5,,2026-05-31T16:00Z
S-700745,ORD-48425,P-PW-1850,Los Angeles,Sydney Kingsford Smith Airport,14,air,DH-CARGO-202,N/A,Sydney Kingsford Smith Airport approach,2026-05-23T00:00Z,AUSYD,LOW,0.1,CR-DHLA,L-USLAX-AUSYD,21635.0,59.0,10280.0,DAP,3,standard,2026-05-21T12:00Z,1.5,,2026-05-22T14:00Z
S-700746,ORD-44656,P-CH-2210,Ningbo,Rotterdam,9,ocean,MV ARCTIC GUARDIAN,9744343,off Ningbo,2026-05-26T21:36Z,NLRTM,LOW,0.4,CR-PILU,L-CNNGB-NLRTM,4797.0,49.5,268.0,DAP,none,economy,2026-05-25T12:00Z,1.4,,2026-05-24T19:36Z
S-700747,ORD-46855,P-EL-9102,Valencia,Veracruz,17,ocean,MV ARCTIC CRYSTAL,9391803,Veracruz approach,2026-06-02T09:36Z,MXVER,MEDIUM,1.3,CR-PILU,L-ESVLC-MXVER,10177.0,12.7,23785.0,EXW,3,economy,2026-06-03T12:00Z,-1.1,,2026-06-01T12:36Z
S-700748,ORD-45092,P-PW-1801,Yantian,Hamburg,16,ocean,MV PACIFIC SPIRIT,9691228,53 nm from Hamburg,2026-06-18T16:48Z,DEHAM,HIGH,3.2,CR-MSCU,L-CNYTN-DEHAM,19669.0,19.7,1264.0,EXW,none,standard,2026-06-16T12:00Z,2.2,delayed,2026-06-18T01:48Z
S-700749,ORD-46645,P-CH-2211,Tianjin,Łódź Rail Terminal,10,rail,DB SCH-1230,N/A,approaching Łódź Rail Terminal,2026-05-29T21:36Z,PLLDZ,LOW,0.2,CR-DBSC,L-CNTAO-PLLDZ,3761.0,53.8,322.0,DAP,none,premium,2026-05-30T12:00Z,-0.6,vessel_change,2026-05-28T13:36Z
S-700750,ORD-45385,P-MC-7101,Genoa,Charleston,10,ocean,MV TROPIC GLORY,9496045,124 nm from Charleston,2026-06-05T19:12Z,USCHS,LOW,0.7,CR-KNES,L-ITGOA-USCHS,4115.0,46.5,5016.0,DDU,none,economy,2026-06-04T12:00Z,1.3,,2026-06-05T00:12Z
S-700751,ORD-48455,P-PW-1850,Busan,Los Angeles,3,ocean,MV PACIFIC CRYSTAL,9172594,approaching Los Angeles,2026-06-05T09:36Z,USLAX,HIGH,2.6,CR-MAEU,L-KRPUS-USLAX,9407.0,13.7,4764.0,DDP,none,economy,2026-06-05T12:00Z,-0.1,,2026-06-05T00:36Z
S-700752,ORD-47058,P-EL-9002,Nhava Sheva,Rotterdam,11,ocean,MV ASIAN VICTORY,9107915,101 nm from Rotterdam,2026-06-08T21:36Z,NLRTM,LOW,0.4,CR-WHLU,L-INNSA-NLRTM,22394.0,45.4,11684.0,DDU,none,premium,2026-06-07T12:00Z,1.4,customs_hold,2026-06-06T19:36Z
S-700753,ORD-49028,P-MC-7200,Rotterdam,New York/New Jersey,33,ocean,MV BALTIC PIONEER,9438808,off Rotterdam,2026-05-28T00:00Z,USNYC,MEDIUM,1.6,CR-PILU,L-NLRTM-USNYC,9481.0,35.5,844.0,CIF,none,standard,2026-05-27T12:00Z,0.5,,2026-05-25T02:00Z
S-700754,ORD-48212,P-EL-9001,Yantian,Los Angeles,21,ocean,MV PACIFIC VICTORY,9565047,21 nm from Los Angeles,2026-06-05T21:36Z,USLAX,HIGH,2.6,CR-WHLU,L-CNYTN-USLAX,16464.0,27.1,2016.0,DAP,none,standard,2026-06-07T12:00Z,-1.6,,2026-06-04T16:36Z
S-700755,ORD-46358,P-EL-9101,Busan,Los Angeles,17,ocean,MV PACIFIC STAR,9200117,139 nm from Los Angeles,2026-06-03T21:36Z,USLAX,HIGH,2.6,CR-EGLV,L-KRPUS-USLAX,13668.0,13.6,294.0,CIF,none,standard,2026-05-30T12:00Z,4.4,vessel_change,2026-06-03T08:36Z
S-700756,ORD-47337,P-MC-7102,Yantian,Callao (Lima),12,ocean,MV ASIAN TRADER,9150084,179 nm from Callao (Lima),2026-06-16T09:36Z,PEMRI,LOW,0.9,CR-HMMU,L-CNYTN-PEMRI,25916.0,59.1,8202.0,EXW,none,premium,2026-06-15T12:00Z,0.9,,2026-06-13T13:36Z
S-700757,ORD-46528,P-PK-4500,Chicago O'Hare Airport,Hong Kong,3,air,CX-CARGO-929,N/A,in transit,2026-05-20T04:48Z,HKHKG,LOW,0.8,CR-CXCA,L-USORD-HKHKG,3953.0,6.1,2989.0,CIF,8,standard,2026-05-21T12:00Z,-1.3,,2026-05-18T09:48Z
S-700758,ORD-48667,P-MC-7200,Rotterdam,Santos,14,ocean,MV NORDIC EXPRESS,9687192,Santos approach,2026-05-23T04:48Z,BRSSZ,MEDIUM,1.7,CR-PILU,L-NLRTM-BRSSZ,5489.0,35.0,1598.0,EXW,none,standard,2026-05-22T12:00Z,0.7,,2026-05-22T02:48Z
S-700759,ORD-44051,P-EL-9003,Yantian,Los Angeles,12,ocean,MV ATLANTIC EXPRESS,9717978,approaching Los Angeles,2026-06-04T04:48Z,USLAX,HIGH,2.6,CR-ONEY,L-CNYTN-USLAX,815.0,57.7,7201.0,DDU,9,premium,2026-06-02T12:00Z,1.7,vessel_change,2026-06-01T07:48Z
S-700760,ORD-48114,P-SN-5001,Hamburg,Genoa,13,road,XPO LO-5940,N/A,Genoa approach,2026-05-26T00:00Z,ITGOA,MEDIUM,1.2,CR-XPOT,L-DEHAM-ITGOA,22185.0,37.0,412.0,DDP,3,premium,2026-05-21T12:00Z,4.5,vessel_change,2026-05-25T08:00Z
S-700761,ORD-44331,P-PW-1801,Tianjin,Łódź Rail Terminal,28,rail,DB SCH-6834,N/A,Łódź Rail Terminal approach,2026-06-05T07:12Z,PLLDZ,LOW,0.2,CR-DBSC,L-CNTAO-PLLDZ,12572.0,50.7,458.0,FOB,none,premium,2026-06-01T12:00Z,3.8,delayed,2026-06-02T19:12Z
S-700762,ORD-49995,P-SW-3001,Yantian,Frankfurt am Main Airport,35,air,UP-CARGO-312,N/A,approaching Frankfurt am Main Airport,2026-05-23T16:48Z,DEFRA,LOW,0.1,CR-UPSA,L-CNYTN-DEFRA,20856.0,5.1,2181.0,DDP,none,premium,2026-05-21T12:00Z,2.2,,2026-05-20T23:48Z
S-700763,ORD-46892,P-EL-9102,Hong Kong,Rotterdam,5,ocean,MV TROPIC PIONEER,9154126,approaching Rotterdam,2026-05-31T16:48Z,NLRTM,LOW,0.4,CR-EGLV,L-HKHKG-NLRTM,6639.0,48.9,563.0,FOB,none,premium,2026-05-28T12:00Z,3.2,,2026-05-29T18:48Z
S-700764,ORD-47505,P-MC-7102,Tokyo,Vancouver,6,ocean,MV CALEDONIAN GUARDIAN,9163004,off Tokyo,2026-06-03T14:24Z,CASOG,LOW,0.6,CR-COSU,L-JPTYO-CASOG,6223.0,26.9,10562.0,DAP,none,premium,2026-06-01T12:00Z,2.1,,2026-06-03T12:24Z
S-700765,ORD-47704,P-EL-9003,Ningbo,Rotterdam,26,ocean,MV IBERIAN VICTORY,9968173,in transit,2026-06-07T19:12Z,NLRTM,LOW,0.4,CR-MAEU,L-CNNGB-NLRTM,834.0,57.6,1788.0,DAP,none,standard,2026-06-07T12:00Z,0.3,,2026-06-05T03:12Z
S-700766,ORD-48428,P-EL-9102,Qingdao,Le Havre,14,ocean,MV IBERIAN GUARDIAN,9151214,Le Havre approach,2026-06-25T00:00Z,FRLEH,MEDIUM,1.0,CR-HLCU,L-CNQIN-FRLEH,1406.0,57.5,28085.0,CIF,none,standard,2026-06-24T12:00Z,0.5,,2026-06-22T16:00Z
S-700767,ORD-45605,P-PW-1802,Singapore,Felixstowe,30,ocean,MV ARCTIC EXPRESS,9733850,18 nm from Felixstowe,2026-06-17T09:36Z,GBFXT,MEDIUM,0.9,CR-MSCU,L-SGSIN-GBFXT,17649.0,42.3,8252.0,CIF,none,standard,2026-06-17T12:00Z,-0.1,,2026-06-16T21:36Z
S-700768,ORD-45525,P-PK-4501,Rotterdam,Santos,15,ocean,MV PACIFIC SPIRIT,9375995,in transit,2026-06-07T14:24Z,BRSSZ,MEDIUM,1.7,CR-WHLU,L-NLRTM-BRSSZ,15162.0,31.1,2306.0,CIF,none,standard,2026-06-07T12:00Z,0.1,damage,2026-06-06T21:24Z
S-700769,ORD-48479,P-SW-3001,Hong Kong,Rotterdam,15,ocean,MV PACIFIC PIONEER,9643216,25 nm from Rotterdam,2026-05-22T16:48Z,NLRTM,LOW,0.4,CR-MAEU,L-HKHKG-NLRTM,14751.0,49.1,12605.0,DAP,none,standard,2026-05-24T12:00Z,-1.8,,2026-05-22T01:48Z
S-700770,ORD-47445,P-EL-9101,Rotterdam,New York/New Jersey,23,ocean,MV ARCTIC GUARDIAN,9883241,10 nm from New York/New Jersey,2026-05-22T12:00Z,USNYC,MEDIUM,1.6,CR-KNES,L-NLRTM-USNYC,24551.0,55.1,242.0,EXW,none,standard,2026-05-24T12:00Z,-2.0,,2026-05-22T04:00Z
S-700771,ORD-46041,P-PW-1801,Shanghai,Rotterdam,34,ocean,MV NIPPON PIONEER,9682167,approaching Rotterdam,2026-05-26T00:00Z,NLRTM,LOW,0.4,CR-MSCU,L-CNSHA-NLRTM,3491.0,19.2,6780.0,EXW,3,premium,2026-05-25T12:00Z,0.5,,2026-05-24T16:00Z
S-700772,ORD-44103,P-CH-2210,Shanghai,Düsseldorf Rail Terminal,35,rail,DB SCH-7802,N/A,in transit,2026-05-22T21:36Z,DEDUS,LOW,0.2,CR-DBSC,L-CNSHA-DEDUS,14955.0,41.0,9471.0,CIF,none,premium,2026-05-23T12:00Z,-0.6,,2026-05-20T07:36Z
S-700773,ORD-45351,P-EL-9003,Singapore,Rotterdam,6,ocean,MV PACIFIC VICTORY,9234959,41 nm from Rotterdam,2026-06-09T09:36Z,NLRTM,LOW,0.4,CR-EGLV,L-SGSIN-NLRTM,7176.0,2.4,672.0,DDP,none,premium,2026-06-08T12:00Z,0.9,,2026-06-08T00:36Z
S-700774,ORD-47670,P-EL-9003,Nhava Sheva,Rotterdam,6,ocean,MV PACIFIC GLORY,9825763,in transit,2026-06-06T09:36Z,NLRTM,LOW,0.4,CR-MAEU,L-INNSA-NLRTM,15065.0,2.8,65072.0,DAP,9,standard,2026-06-04T12:00Z,1.9,,2026-06-05T00:36Z
S-700775,ORD-45711,P-CH-2210,Hamburg,Durban,2,ocean,MV ATLANTIC GLORY,9845526,37 nm from Durban,2026-06-13T00:00Z,ZADUR,MEDIUM,1.5,CR-MSCU,L-DEHAM-ZADUR,641.0,39.3,262.0,DAP,none,economy,2026-06-12T12:00Z,0.5,,2026-06-12T10:00Z
S-700776,ORD-44340,P-PW-1801,Busan,Los Angeles,12,ocean,MV ASIAN GUARDIAN,9648921,in transit,2026-05-21T07:12Z,USLAX,HIGH,2.6,CR-ONEY,L-KRPUS-USLAX,13675.0,45.6,3282.0,DDU,none,premium,2026-05-20T12:00Z,0.8,,2026-05-21T04:12Z
S-700777,ORD-49363,P-MC-7102,Hamburg,Genoa,26,road,DACHSE-5556,N/A,off Hamburg,2026-05-27T14:24Z,ITGOA,MEDIUM,1.2,CR-DACH,L-DEHAM-ITGOA,6718.0,49.9,667.0,DDU,9,standard,2026-05-24T12:00Z,3.1,,2026-05-26T19:24Z
S-700778,ORD-44582,P-EL-9101,Shanghai,Rotterdam,24,ocean,MV PACIFIC STAR,9363650,in transit,2026-06-18T09:36Z,NLRTM,LOW,0.4,CR-MSCU,L-CNSHA-NLRTM,7641.0,58.5,13494.0,CIF,none,economy,2026-06-17T12:00Z,0.9,,2026-06-18T00:36Z
S-700779,ORD-49193,P-PK-4501,Yantian,Los Angeles,6,ocean,MV ATLANTIC CRYSTAL,9291771,off Yantian,2026-05-31T14:24Z,USLAX,HIGH,2.6,CR-HMMU,L-CNYTN-USLAX,2474.0,41.8,21403.0,EXW,none,standard,2026-05-27T12:00Z,4.1,port_congestion,2026-05-31T02:24Z
S-700780,ORD-44836,P-EL-9102,Singapore,Felixstowe,9,ocean,MV NORDIC EXPRESS,9152327,off Singapore,2026-06-14T07:12Z,GBFXT,MEDIUM,0.9,CR-DSVS,L-SGSIN-GBFXT,14491.0,9.2,1146.0,CIF,9,standard,2026-06-13T12:00Z,0.8,port_congestion,2026-06-13T18:12Z
S-700781,ORD-48213,P-SW-3002,Singapore,Felixstowe,34,ocean,MV NIPPON PIONEER,9914719,156 nm from Felixstowe,2026-06-16T00:00Z,GBFXT,MEDIUM,0.9,CR-COSU,L-SGSIN-GBFXT,4436.0,19.9,30697.0,DDU,none,standard,2026-06-17T12:00Z,-1.5,,2026-06-13T05:00Z
S-700782,ORD-46435,P-PW-1801,Hamburg,Genoa,29,road,XPO LO-4192,N/A,approaching Genoa,2026-05-24T02:24Z,ITGOA,MEDIUM,1.2,CR-XPOT,L-DEHAM-ITGOA,9739.0,8.4,189.0,DDP,none,standard,2026-05-20T12:00Z,3.6,,2026-05-23T05:24Z
S-700783,ORD-48239,P-SW-3002,Shanghai,Rotterdam,29,ocean,MV NIPPON STAR,9624134,in transit,2026-05-31T21:36Z,NLRTM,LOW,0.4,CR-ZIMU,L-CNSHA-NLRTM,19182.0,55.7,1455.0,CIF,none,premium,2026-05-31T12:00Z,0.4,,2026-05-31T00:36Z
S-700784,ORD-46321,P-SN-5001,Hong Kong,Oakland,16,ocean,MV ATLANTIC BREEZE,9124516,in transit,2026-06-05T07:12Z,USOAK,MEDIUM,1.4,CR-MAEU,L-HKHKG-USOAK,15808.0,3.1,3103.0,FOB,9,standard,2026-06-06T12:00Z,-1.2,,2026-06-03T06:12Z
S-700785,ORD-48155,P-SN-5001,Busan,Los Angeles,17,ocean,MV IBERIAN SPIRIT,9948898,182 nm from Los Angeles,2026-05-22T21:36Z,USLAX,HIGH,2.6,CR-MAEU,L-KRPUS-USLAX,12878.0,25.8,311.0,DDP,9,premium,2026-05-22T12:00Z,0.4,,2026-05-21T20:36Z
S-700786,ORD-47027,P-PW-1801,Tianjin,Łódź Rail Terminal,9,rail,DB SCH-2310,N/A,44 nm from Łódź Rail Terminal,2026-05-28T21:36Z,PLLDZ,LOW,0.2,CR-DBSC,L-CNTAO-PLLDZ,13061.0,3.3,16372.0,DDP,none,standard,2026-05-27T12:00Z,1.4,,2026-05-27T22:36Z
S-700787,ORD-48021,P-CH-2211,Tianjin,Łódź Rail Terminal,18,rail,DB SCH-9849,N/A,Łódź Rail Terminal approach,2026-05-20T14:24Z,PLLDZ,LOW,0.2,CR-DBSC,L-CNTAO-PLLDZ,1788.0,50.3,14330.0,DAP,none,standard,2026-05-21T12:00Z,-0.9,,2026-05-19T00:24Z
S-700788,ORD-48239,P-PW-1801,Hamburg,Durban,27,ocean,MV PACIFIC EXPRESS,9671059,off Hamburg,2026-06-13T16:48Z,ZADUR,MEDIUM,1.5,CR-ONEY,L-DEHAM-ZADUR,13849.0,43.5,4507.0,CIF,none,premium,2026-06-13T12:00Z,0.2,,2026-06-12T11:48Z
S-700789,ORD-46093,P-PW-1802,Singapore,Frankfurt am Main Airport,8,air,FD-CARGO-432,N/A,Frankfurt am Main Airport approach,2026-05-26T04:48Z,DEFRA,LOW,0.1,CR-FDXA,L-SGSIN-DEFRA,7104.0,14.9,2534.0,FOB,none,standard,2026-05-24T12:00Z,1.7,,2026-05-24T20:48Z
S-700790,ORD-47444,P-CH-2211,Yokohama,Los Angeles,14,ocean,MV ATLANTIC PIONEER,9923355,Los Angeles approach,2026-05-29T04:48Z,USLAX,HIGH,2.6,CR-ZIMU,L-JPYOK-USLAX,6510.0,3.3,4083.0,DDP,8,standard,2026-05-30T12:00Z,-1.3,,2026-05-27T21:48Z
S-700791,ORD-49960,P-MC-7100,Shanghai,Düsseldorf Rail Terminal,4,rail,DB SCH-3529,N/A,Düsseldorf Rail Terminal approach,2026-06-07T02:24Z,DEDUS,LOW,0.2,CR-DBSC,L-CNSHA-DEDUS,6164.0,19.1,1410.0,DDP,9,standard,2026-06-04T12:00Z,2.6,,2026-06-06T01:24Z
S-700792,ORD-48506,P-MC-7200,Qingdao,Le Havre,31,ocean,MV TROPIC TRADER,9546334,in transit,2026-05-22T07:12Z,FRLEH,MEDIUM,1.0,CR-DSVS,L-CNQIN-FRLEH,17918.0,43.1,1098.0,DDP,8,standard,2026-05-22T12:00Z,-0.2,,2026-05-21T08:12Z
S-700793,ORD-47763,P-PW-1850,Yokohama,Los Angeles,15,ocean,MV BALTIC EXPRESS,9658800,approaching Los Angeles,2026-05-19T21:36Z,USLAX,HIGH,2.6,CR-YMLU,L-JPYOK-USLAX,5484.0,16.3,117403.0,CIF,none,economy,2026-05-21T12:00Z,-1.6,,2026-05-17T03:36Z
S-700794,ORD-49433,P-EL-9001,Yantian,Hamburg,29,ocean,MV CALEDONIAN TRADER,9242028,in transit,2026-06-20T00:00Z,DEHAM,HIGH,3.2,CR-WHLU,L-CNYTN-DEHAM,7533.0,10.9,1073.0,CIF,none,economy,2026-06-19T12:00Z,0.5,,2026-06-17T04:00Z
S-700795,ORD-46835,P-SN-5001,Ningbo,Rotterdam,24,ocean,MV ASIAN PIONEER,9543358,59 nm from Rotterdam,2026-06-13T14:24Z,NLRTM,LOW,0.4,CR-EGLV,L-CNNGB-NLRTM,15124.0,30.2,6721.0,CIF,none,standard,2026-06-14T12:00Z,-0.9,,2026-06-10T15:24Z
S-700796,ORD-44486,P-CH-2211,Hamburg,Genoa,29,road,DACHSE-7934,N/A,in transit,2026-05-29T16:48Z,ITGOA,MEDIUM,1.2,CR-DACH,L-DEHAM-ITGOA,13520.0,28.6,1592.0,EXW,none,premium,2026-05-21T12:00Z,8.2,damage,2026-05-27T03:48Z
S-700797,ORD-49984,P-MC-7102,Hong Kong,Frankfurt am Main Airport,15,air,UP-CARGO-323,N/A,approaching Frankfurt am Main Airport,2026-05-24T02:24Z,DEFRA,LOW,0.1,CR-UPSA,L-HKHKG-DEFRA,23184.0,22.3,309.0,DDP,9,standard,2026-05-22T12:00Z,1.6,delayed,2026-05-23T11:24Z
S-700798,ORD-46277,P-CH-2210,Hong Kong,Rotterdam,33,ocean,MV NORDIC EXPRESS,9745239,in transit,2026-06-07T16:48Z,NLRTM,LOW,0.4,CR-DSVS,L-HKHKG-NLRTM,12065.0,1.6,2667.0,DAP,none,standard,2026-06-05T12:00Z,2.2,,2026-06-06T02:48Z
S-700799,ORD-46739,P-SN-5001,Valencia,Veracruz,36,ocean,MV NIPPON SPIRIT,9213395,Veracruz approach,2026-06-01T14:24Z,MXVER,MEDIUM,1.3,CR-HMMU,L-ESVLC-MXVER,2396.0,58.2,169306.0,DDP,none,standard,2026-05-31T12:00Z,1.1,delayed,2026-06-01T06:24Z
S-700800,ORD-45263,P-SW-3001,Hamburg,Durban,27,ocean,MV NORDIC PIONEER,9294126,Durban approach,2026-06-13T00:00Z,ZADUR,MEDIUM,1.5,CR-WHLU,L-DEHAM-ZADUR,8877.0,34.5,1843.0,DDU,none,economy,2026-06-13T12:00Z,-0.5,,2026-06-12T06:00Z
S-700801,ORD-46020,P-CH-2230,Hong Kong,Oakland,14,ocean,MV NORDIC SPIRIT,9750653,off Hong Kong,2026-06-10T00:00Z,USOAK,MEDIUM,1.4,CR-HMMU,L-HKHKG-USOAK,4066.0,9.9,2269.0,EXW,none,premium,2026-06-09T12:00Z,0.5,,2026-06-07T14:00Z
S-700802,ORD-49330,P-EL-9101,Busan,New York/New Jersey,30,ocean,MV NIPPON EXPRESS,9322477,approaching New York/New Jersey,2026-05-22T21:36Z,USNYC,MEDIUM,1.6,CR-HLCU,L-KRPUS-USNYC,10701.0,51.7,5227.0,FOB,none,standard,2026-05-23T12:00Z,-0.6,,2026-05-19T22:36Z
S-700803,ORD-45179,P-CH-2211,Tianjin,Łódź Rail Terminal,1,rail,DB SCH-7156,N/A,off Tianjin,2026-05-28T14:24Z,PLLDZ,LOW,0.2,CR-DBSC,L-CNTAO-PLLDZ,25047.0,21.4,8023.0,DDP,none,standard,2026-05-27T12:00Z,1.1,,2026-05-26T15:24Z
S-700804,ORD-48230,P-MC-7102,Singapore,Frankfurt am Main Airport,17,air,EK-CARGO-497,N/A,47 nm from Frankfurt am Main Airport,2026-05-23T21:36Z,DEFRA,LOW,0.1,CR-EKCA,L-SGSIN-DEFRA,13683.0,3.3,13397.0,DDU,none,standard,2026-05-20T12:00Z,3.4,,2026-05-22T14:36Z
S-700805,ORD-49621,P-MC-7101,Hamburg,Durban,31,ocean,MV ASIAN SPIRIT,9514807,off Hamburg,2026-06-08T04:48Z,ZADUR,MEDIUM,1.5,CR-MSCU,L-DEHAM-ZADUR,18512.0,17.2,72326.0,DDP,9,economy,2026-06-07T12:00Z,0.7,port_congestion,2026-06-06T01:48Z
S-700806,ORD-48936,P-PW-1801,Rotterdam,Santos,29,ocean,MV PACIFIC GUARDIAN,9443557,approaching Santos,2026-06-11T16:48Z,BRSSZ,MEDIUM,1.7,CR-DSVS,L-NLRTM-BRSSZ,20042.0,6.4,5772.0,DAP,none,economy,2026-06-08T12:00Z,3.2,delayed,2026-06-09T03:48Z
S-700807,ORD-46002,P-MC-7102,Rotterdam,Santos,21,ocean,MV NIPPON EXPRESS,9598461,approaching Santos,2026-06-02T16:48Z,BRSSZ,MEDIUM,1.7,CR-CMDU,L-NLRTM-BRSSZ,18674.0,2.4,964.0,DDP,none,standard,2026-06-04T12:00Z,-1.8,customs_hold,2026-06-01T21:48Z
S-700808,ORD-46170,P-CH-2210,Valencia,Veracruz,1,ocean,MV NIPPON TRADER,9294242,in transit,2026-06-04T16:48Z,MXVER,MEDIUM,1.3,CR-COSU,L-ESVLC-MXVER,17805.0,16.9,45243.0,CIF,none,premium,2026-06-04T12:00Z,0.2,,2026-06-02T22:48Z
S-700809,ORD-45799,P-CH-2211,Chicago O'Hare Airport,Hong Kong,9,air,CX-CARGO-690,N/A,off Chicago O'Hare Airport,2026-05-21T16:48Z,HKHKG,LOW,0.8,CR-CXCA,L-USORD-HKHKG,9169.0,44.4,438.0,DAP,none,economy,2026-05-20T12:00Z,1.2,,2026-05-19T08:48Z
S-700810,ORD-46493,P-MC-7100,Shanghai,Hamburg,36,ocean,MV ATLANTIC PIONEER,9894646,approaching Hamburg,2026-06-08T12:00Z,DEHAM,HIGH,3.2,CR-ZIMU,L-CNSHA-DEHAM,9792.0,54.0,846.0,EXW,8,standard,2026-06-09T12:00Z,-1.0,,2026-06-05T20:00Z
S-700811,ORD-48019,P-PK-4500,Hong Kong,Oakland,34,ocean,MV ARCTIC EXPRESS,9714948,Oakland approach,2026-06-02T09:36Z,USOAK,MEDIUM,1.4,CR-MSCU,L-HKHKG-USOAK,16263.0,35.1,3745.0,FOB,none,standard,2026-06-01T12:00Z,0.9,,2026-05-31T15:36Z
S-700812,ORD-45219,P-EL-9002,Jebel Ali (Dubai),Frankfurt am Main Airport,4,air,EK-CARGO-432,N/A,off Jebel Ali (Dubai),2026-05-22T16:48Z,DEFRA,LOW,0.1,CR-EKCA,L-AEDXB-DEFRA,18294.0,15.6,483.0,EXW,9,premium,2026-05-22T12:00Z,0.2,,2026-05-21T03:48Z
S-700813,ORD-46271,P-CH-2230,Shanghai,Los Angeles,29,ocean,MV PACIFIC SPIRIT,9289979,approaching Los Angeles,2026-05-22T12:00Z,USLAX,HIGH,2.6,CR-CMDU,L-CNSHA-USLAX,19278.0,48.8,9292.0,DDU,none,economy,2026-05-21T12:00Z,1.0,damage,2026-05-22T06:00Z
S-700814,ORD-45788,P-CH-2211,Yantian,Hamburg,27,ocean,MV IBERIAN GUARDIAN,9780482,141 nm from Hamburg,2026-06-01T19:12Z,DEHAM,HIGH,3.2,CR-EGLV,L-CNYTN-DEHAM,13299.0,19.7,6849.0,DAP,none,economy,2026-06-01T12:00Z,0.3,,2026-05-30T04:12Z
S-700815,ORD-45912,P-MC-7100,Tokyo,Vancouver,32,ocean,MV ASIAN PIONEER,9216462,approaching Vancouver,2026-06-03T14:24Z,CASOG,LOW,0.6,CR-WHLU,L-JPTYO-CASOG,773.0,47.4,2487.0,EXW,9,standard,2026-06-01T12:00Z,2.1,,2026-06-03T03:24Z
S-700816,ORD-47994,P-MC-7100,Mundra,Felixstowe,21,ocean,MV PACIFIC PIONEER,9864629,in transit,2026-05-31T00:00Z,GBFXT,MEDIUM,0.9,CR-CMDU,L-INMUN-GBFXT,15684.0,11.8,48.0,DAP,8,premium,2026-05-27T12:00Z,3.5,,2026-05-30T13:00Z
S-700817,ORD-47771,P-MC-7200,Yantian,Callao (Lima),31,ocean,MV ARCTIC STAR,9774459,in transit,2026-06-05T02:24Z,PEMRI,LOW,0.9,CR-MSCU,L-CNYTN-PEMRI,5041.0,49.6,179.0,DDP,none,premium,2026-06-05T12:00Z,-0.4,delayed,2026-06-04T17:24Z
S-700818,ORD-49001,P-MC-7200,Rotterdam,Santos,16,ocean,MV CALEDONIAN GUARDIAN,9812934,in transit,2026-06-05T14:24Z,BRSSZ,MEDIUM,1.7,CR-CMDU,L-NLRTM-BRSSZ,18655.0,47.7,536.0,FOB,none,premium,2026-06-06T12:00Z,-0.9,,2026-06-04T07:24Z
S-700819,ORD-45992,P-CH-2210,Hamburg,Genoa,3,road,XPO LO-6665,N/A,in transit,2026-05-21T12:00Z,ITGOA,MEDIUM,1.2,CR-XPOT,L-DEHAM-ITGOA,14703.0,22.1,2477.0,FOB,none,premium,2026-05-23T12:00Z,-2.0,,2026-05-19T09:00Z
S-700820,ORD-47901,P-EL-9003,Frankfurt am Main Airport,Shanghai,2,air,AF-CARGO-768,N/A,approaching Shanghai,2026-05-26T07:12Z,CNSHA,MEDIUM,1.3,CR-AFKA,L-DEFRA-CNSHA,10363.0,42.6,12692.0,EXW,none,standard,2026-05-24T12:00Z,1.8,,2026-05-23T20:12Z
S-700821,ORD-45579,P-EL-9102,Hamburg,Genoa,33,road,XPO LO-6983,N/A,approaching Genoa,2026-05-29T16:48Z,ITGOA,MEDIUM,1.2,CR-XPOT,L-DEHAM-ITGOA,5317.0,31.9,5071.0,CIF,9,economy,2026-05-25T12:00Z,4.2,port_congestion,2026-05-28T22:48Z
S-700822,ORD-47462,P-PK-4500,Hamburg,Genoa,2,road,XPO LO-4438,N/A,approaching Genoa,2026-05-28T02:24Z,ITGOA,MEDIUM,1.2,CR-XPOT,L-DEHAM-ITGOA,10453.0,18.6,1005.0,DDU,9,premium,2026-05-23T12:00Z,4.6,delayed,2026-05-27T03:24Z
S-700823,ORD-47372,P-MC-7101,Jebel Ali (Dubai),Frankfurt am Main Airport,28,air,FD-CARGO-876,N/A,off Jebel Ali (Dubai),2026-05-20T19:12Z,DEFRA,LOW,0.1,CR-FDXA,L-AEDXB-DEFRA,20595.0,51.2,634.0,CIF,3,standard,2026-05-22T12:00Z,-1.7,,2026-05-20T16:12Z
S-700824,ORD-45547,P-EL-9001,Tokyo,Vancouver,32,ocean,MV ATLANTIC SPIRIT,9766232,off Tokyo,2026-05-22T21:36Z,CASOG,LOW,0.6,CR-PILU,L-JPTYO-CASOG,10124.0,59.8,136725.0,DAP,9,standard,2026-05-22T12:00Z,0.4,,2026-05-20T03:36Z
S-700825,ORD-49511,P-CH-2210,Mundra,Felixstowe,18,ocean,MV ARCTIC VICTORY,9935254,196 nm from Felixstowe,2026-06-06T14:24Z,GBFXT,MEDIUM,0.9,CR-CMDU,L-INMUN-GBFXT,11497.0,53.9,4042.0,DAP,none,economy,2026-06-01T12:00Z,5.1,port_congestion,2026-06-04T22:24Z
S-700826,ORD-44816,P-PW-1850,Shanghai,Hamburg,11,ocean,MV IBERIAN GUARDIAN,9225244,approaching Hamburg,2026-05-22T14:24Z,DEHAM,HIGH,3.2,CR-WHLU,L-CNSHA-DEHAM,24301.0,57.1,844.0,DDP,none,standard,2026-05-21T12:00Z,1.1,,2026-05-21T19:24Z
S-700827,ORD-49575,P-CH-2230,Antwerp,New York/New Jersey,2,ocean,MV ASIAN VICTORY,9864917,approaching New York/New Jersey,2026-05-22T12:00Z,USNYC,MEDIUM,1.6,CR-CMDU,L-BEANR-USNYC,25380.0,35.6,948.0,FOB,none,premium,2026-05-21T12:00Z,1.0,,2026-05-20T00:00Z
S-700828,ORD-47996,P-SW-3001,Shanghai,Rotterdam,36,ocean,MV BALTIC PIONEER,9251570,off Shanghai,2026-06-03T07:12Z,NLRTM,LOW,0.4,CR-MAEU,L-CNSHA-NLRTM,6339.0,5.2,9735.0,EXW,none,economy,2026-06-02T12:00Z,0.8,,2026-06-02T22:12Z
S-700829,ORD-44426,P-EL-9102,Salalah,Rotterdam,14,ocean,MV NORDIC CRYSTAL,9597059,13 nm from Rotterdam,2026-06-02T02:24Z,NLRTM,LOW,0.4,CR-HMMU,L-OMSLL-NLRTM,3665.0,17.8,3341.0,DAP,none,standard,2026-05-31T12:00Z,1.6,,2026-05-30T02:24Z
S-700830,ORD-44369,P-SN-5001,Ningbo,Rotterdam,4,ocean,MV ATLANTIC VICTORY,9181420,approaching Rotterdam,2026-06-24T09:36Z,NLRTM,LOW,0.4,CR-CMDU,L-CNNGB-NLRTM,18393.0,45.5,1737.0,CIF,3,standard,2026-06-24T12:00Z,-0.1,,2026-06-21T21:36Z
S-700831,ORD-45909,P-PW-1802,Ningbo,Rotterdam,23,ocean,MV NIPPON BREEZE,9903730,Rotterdam approach,2026-05-23T19:12Z,NLRTM,LOW,0.4,CR-WHLU,L-CNNGB-NLRTM,10227.0,45.4,1880.0,DAP,none,economy,2026-05-22T12:00Z,1.3,,2026-05-22T07:12Z
S-700832,ORD-49236,P-CH-2211,Singapore,Rotterdam,24,ocean,MV NORDIC VICTORY,9993393,Rotterdam approach,2026-06-03T07:12Z,NLRTM,LOW,0.4,CR-MSCU,L-SGSIN-NLRTM,18532.0,2.8,153699.0,DDP,none,standard,2026-06-03T12:00Z,-0.2,damage,2026-06-01T16:12Z
S-700833,ORD-45465,P-EL-9101,Jebel Ali (Dubai),Rotterdam,3,ocean,MV BALTIC GLORY,9746311,off Jebel Ali (Dubai),2026-05-21T00:00Z,NLRTM,LOW,0.4,CR-KNES,L-AEDXB-NLRTM,5398.0,44.7,570.0,CIF,9,standard,2026-05-20T12:00Z,0.5,port_congestion,2026-05-20T22:00Z
S-700834,ORD-47908,P-MC-7100,Genoa,Charleston,29,ocean,MV IBERIAN BREEZE,9936470,Charleston approach,2026-05-31T07:12Z,USCHS,LOW,0.7,CR-HMMU,L-ITGOA-USCHS,12272.0,9.4,63.0,DDP,none,economy,2026-05-29T12:00Z,1.8,,2026-05-28T21:12Z
S-700835,ORD-44829,P-CH-2230,Tianjin,Hamburg,25,ocean,MV ASIAN GUARDIAN,9424792,Hamburg approach,2026-06-27T12:00Z,DEHAM,HIGH,3.2,CR-WHLU,L-CNTAO-DEHAM,5282.0,26.4,425.0,DAP,8,premium,2026-06-25T12:00Z,2.0,,2026-06-24T15:00Z
S-700836,ORD-49988,P-EL-9003,Salalah,Rotterdam,4,ocean,MV TROPIC EXPRESS,9117892,Rotterdam approach,2026-05-26T12:00Z,NLRTM,LOW,0.4,CR-ZIMU,L-OMSLL-NLRTM,20468.0,37.7,6156.0,DDP,9,premium,2026-05-26T12:00Z,-0.0,customs_hold,2026-05-25T09:00Z
S-700837,ORD-48725,P-PK-4501,Busan,Los Angeles,10,ocean,MV IBERIAN BREEZE,9858985,approaching Los Angeles,2026-05-22T02:24Z,USLAX,HIGH,2.6,CR-KNES,L-KRPUS-USLAX,18241.0,4.4,2097.0,CIF,8,standard,2026-05-22T12:00Z,-0.4,,2026-05-20T14:24Z
S-700838,ORD-46707,P-PK-4501,Genoa,Charleston,35,ocean,MV ATLANTIC SPIRIT,9704406,Charleston approach,2026-06-01T00:00Z,USCHS,LOW,0.7,CR-WHLU,L-ITGOA-USCHS,25284.0,24.2,221.0,CIF,none,standard,2026-06-01T12:00Z,-0.5,,2026-05-30T01:00Z
S-700839,ORD-48890,P-CH-2210,Singapore,Frankfurt am Main Airport,18,air,LH-CARGO-351,N/A,Frankfurt am Main Airport approach,2026-05-25T04:48Z,DEFRA,LOW,0.1,CR-LHCA,L-SGSIN-DEFRA,11978.0,20.4,8365.0,FOB,none,standard,2026-05-23T12:00Z,1.7,,2026-05-22T06:48Z
S-700840,ORD-46295,P-EL-9002,Tokyo,Vancouver,21,ocean,MV ATLANTIC SPIRIT,9733971,off Tokyo,2026-05-22T21:36Z,CASOG,LOW,0.6,CR-MSCU,L-JPTYO-CASOG,13362.0,57.6,11955.0,EXW,none,standard,2026-05-24T12:00Z,-1.6,,2026-05-20T23:36Z
S-700841,ORD-45938,P-EL-9003,Shanghai,Los Angeles,5,ocean,MV ARCTIC GUARDIAN,9965549,off Shanghai,2026-06-05T09:36Z,USLAX,HIGH,2.6,CR-MSCU,L-CNSHA-USLAX,20979.0,43.1,3620.0,EXW,none,standard,2026-06-03T12:00Z,1.9,,2026-06-04T23:36Z
S-700842,ORD-47873,P-MC-7200,Shanghai,Rotterdam,19,ocean,MV ATLANTIC VICTORY,9388597,off Shanghai,2026-06-12T02:24Z,NLRTM,LOW,0.4,CR-WHLU,L-CNSHA-NLRTM,5221.0,34.7,603.0,CIF,none,economy,2026-06-10T12:00Z,1.6,,2026-06-10T08:24Z
S-700843,ORD-49626,P-MC-7200,Hong Kong,Rotterdam,1,ocean,MV BALTIC CRYSTAL,9298655,Rotterdam approach,2026-06-09T14:24Z,NLRTM,LOW,0.4,CR-ZIMU,L-HKHKG-NLRTM,9255.0,60.0,3528.0,DAP,none,standard,2026-06-09T12:00Z,0.1,vessel_change,2026-06-06T18:24Z
S-700844,ORD-48511,P-MC-7100,Hong Kong,Oakland,1,ocean,MV ASIAN EXPRESS,9503154,off Hong Kong,2026-05-31T16:48Z,USOAK,MEDIUM,1.4,CR-KNES,L-HKHKG-USOAK,23850.0,3.9,1743.0,CIF,none,standard,2026-05-31T12:00Z,0.2,,2026-05-29T18:48Z
S-700845,ORD-46818,P-PK-4501,Genoa,Charleston,34,ocean,MV NORDIC PIONEER,9194224,Charleston approach,2026-06-03T14:24Z,USCHS,LOW,0.7,CR-PILU,L-ITGOA-USCHS,1913.0,43.6,49829.0,DAP,8,standard,2026-06-04T12:00Z,-0.9,,2026-06-01T18:24Z
S-700846,ORD-48361,P-SN-5001,Yantian,Hamburg,28,ocean,MV ARCTIC SPIRIT,9679715,in transit,2026-06-12T04:48Z,DEHAM,HIGH,3.2,CR-KNES,L-CNYTN-DEHAM,24236.0,8.6,17310.0,DDU,none,economy,2026-06-10T12:00Z,1.7,,2026-06-09T07:48Z
S-700847,ORD-47607,P-SW-3001,Hamburg,Durban,4,ocean,MV PACIFIC EXPRESS,9893471,53 nm from Durban,2026-06-08T14:24Z,ZADUR,MEDIUM,1.5,CR-ONEY,L-DEHAM-ZADUR,23519.0,15.1,1110.0,EXW,none,standard,2026-06-07T12:00Z,1.1,delayed,2026-06-07T20:24Z
S-700848,ORD-49087,P-MC-7200,Tokyo,Vancouver,30,ocean,MV ARCTIC GLORY,9417848,in transit,2026-05-25T19:12Z,CASOG,LOW,0.6,CR-ONEY,L-JPTYO-CASOG,734.0,43.5,314.0,DAP,none,standard,2026-05-20T12:00Z,5.3,port_congestion,2026-05-23T23:12Z
S-700849,ORD-47056,P-SW-3001,New York/New Jersey,London Heathrow Airport,22,air,DH-CARGO-620,N/A,off New York/New Jersey,2026-05-24T02:24Z,LHRGB,LOW,0.1,CR-DHLA,L-USNYC-LHRGB,3800.0,45.5,695.0,CIF,none,standard,2026-05-22T12:00Z,1.6,,2026-05-22T00:24Z
S-700850,ORD-47427,P-EL-9001,Jebel Ali (Dubai),Rotterdam,18,ocean,MV ASIAN TRADER,9134797,approaching Rotterdam,2026-05-23T09:36Z,NLRTM,LOW,0.4,CR-CMDU,L-AEDXB-NLRTM,13612.0,24.8,2713.0,EXW,none,standard,2026-05-21T12:00Z,1.9,port_congestion,2026-05-22T06:36Z
S-700851,ORD-48120,P-PW-1850,Yantian,Los Angeles,34,ocean,MV TROPIC VICTORY,9922020,approaching Los Angeles,2026-05-22T00:00Z,USLAX,HIGH,2.6,CR-PILU,L-CNYTN-USLAX,8702.0,39.5,5680.0,DAP,8,standard,2026-05-21T12:00Z,0.5,,2026-05-19T02:00Z
S-700852,ORD-44082,P-SW-3001,Busan,Los Angeles,30,ocean,MV ASIAN GUARDIAN,9737792,Los Angeles approach,2026-06-06T09:36Z,USLAX,HIGH,2.6,CR-CMDU,L-KRPUS-USLAX,3355.0,29.6,23470.0,CIF,8,premium,2026-06-05T12:00Z,0.9,,2026-06-06T06:36Z
S-700853,ORD-47583,P-MC-7100,Hamburg,Santos,34,ocean,MV BALTIC GLORY,9198546,approaching Santos,2026-06-05T16:48Z,BRSSZ,MEDIUM,1.7,CR-EGLV,L-DEHAM-BRSSZ,25648.0,28.3,2307.0,CIF,3,economy,2026-06-04T12:00Z,1.2,,2026-06-05T02:48Z
S-700854,ORD-47906,P-CH-2211,Shanghai,Rotterdam,16,ocean,MV TROPIC EXPRESS,9778504,in transit,2026-05-28T21:36Z,NLRTM,LOW,0.4,CR-CMDU,L-CNSHA-NLRTM,17536.0,21.9,8441.0,DDP,none,premium,2026-05-27T12:00Z,1.4,,2026-05-27T01:36Z
S-700855,ORD-46005,P-MC-7102,Singapore,Felixstowe,28,ocean,MV NIPPON GLORY,9541138,Felixstowe approach,2026-06-04T09:36Z,GBFXT,MEDIUM,0.9,CR-PILU,L-SGSIN-GBFXT,1442.0,46.3,33789.0,FOB,3,premium,2026-06-04T12:00Z,-0.1,vessel_change,2026-06-02T20:36Z
S-700856,ORD-48118,P-EL-9002,Shanghai,Düsseldorf Rail Terminal,20,rail,DB SCH-5926,N/A,Düsseldorf Rail Terminal approach,2026-06-03T12:00Z,DEDUS,LOW,0.2,CR-DBSC,L-CNSHA-DEDUS,3042.0,27.4,407.0,FOB,none,standard,2026-06-01T12:00Z,2.0,,2026-05-31T13:00Z
S-700857,ORD-48279,P-EL-9101,Rotterdam,New York/New Jersey,35,ocean,MV IBERIAN PIONEER,9988426,in transit,2026-05-31T19:12Z,USNYC,MEDIUM,1.6,CR-ZIMU,L-NLRTM-USNYC,21271.0,7.9,77541.0,DAP,none,premium,2026-06-01T12:00Z,-0.7,customs_hold,2026-05-29T23:12Z
S-700858,ORD-44393,P-PK-4501,Genoa,Charleston,27,ocean,MV ASIAN SPIRIT,9925007,Charleston approach,2026-06-08T00:00Z,USCHS,LOW,0.7,CR-PILU,L-ITGOA-USCHS,16499.0,53.8,3039.0,DDU,none,premium,2026-06-05T12:00Z,2.5,,2026-06-06T01:00Z
S-700859,ORD-47393,P-PW-1850,Tianjin,Hamburg,6,ocean,MV NIPPON VICTORY,9992001,Hamburg approach,2026-06-20T14:24Z,DEHAM,HIGH,3.2,CR-COSU,L-CNTAO-DEHAM,19035.0,51.2,181021.0,DAP,none,premium,2026-06-19T12:00Z,1.1,damage,2026-06-20T03:24Z
S-700860,ORD-45467,P-EL-9001,Los Angeles,Sydney Kingsford Smith Airport,7,air,QT-CARGO-739,N/A,199 nm from Sydney Kingsford Smith Airport,2026-05-21T14:24Z,AUSYD,LOW,0.1,CR-QTRA,L-USLAX-AUSYD,130.0,16.1,342.0,DDP,none,standard,2026-05-22T12:00Z,-0.9,,2026-05-20T03:24Z
S-700861,ORD-47252,P-CH-2230,Yantian,Los Angeles,3,ocean,MV TROPIC CRYSTAL,9255040,17 nm from Los Angeles,2026-05-23T19:12Z,USLAX,HIGH,2.6,CR-ONEY,L-CNYTN-USLAX,6938.0,28.9,73.0,DAP,none,standard,2026-05-23T12:00Z,0.3,damage,2026-05-20T19:12Z
S-700862,ORD-49900,P-SW-3002,Yantian,Los Angeles,18,ocean,MV ATLANTIC STAR,9838980,in transit,2026-05-22T21:36Z,USLAX,HIGH,2.6,CR-PILU,L-CNYTN-USLAX,9247.0,43.9,689.0,FOB,none,premium,2026-05-23T12:00Z,-0.6,,2026-05-21T14:36Z
S-700863,ORD-46473,P-EL-9002,Hong Kong,Rotterdam,2,ocean,MV NORDIC VICTORY,9686564,off Hong Kong,2026-05-25T21:36Z,NLRTM,LOW,0.4,CR-DSVS,L-HKHKG-NLRTM,12906.0,41.9,8204.0,FOB,none,premium,2026-05-25T12:00Z,0.4,,2026-05-25T03:36Z
S-700864,ORD-47808,P-MC-7101,Yantian,Frankfurt am Main Airport,6,air,AF-CARGO-191,N/A,off Yantian,2026-05-23T16:48Z,DEFRA,LOW,0.1,CR-AFKA,L-CNYTN-DEFRA,6440.0,19.1,3211.0,DAP,3,standard,2026-05-21T12:00Z,2.2,,2026-05-21T19:48Z
S-700865,ORD-45160,P-PK-4501,Shanghai,Los Angeles,33,ocean,MV IBERIAN PIONEER,9673664,Los Angeles approach,2026-05-23T02:24Z,USLAX,HIGH,2.6,CR-DSVS,L-CNSHA-USLAX,14291.0,42.6,701.0,DDP,3,standard,2026-05-20T12:00Z,2.6,damage,2026-05-20T11:24Z
S-700866,ORD-45996,P-MC-7101,Chicago O'Hare Airport,Hong Kong,33,air,DH-CARGO-913,N/A,off Chicago O'Hare Airport,2026-05-25T12:00Z,HKHKG,LOW,0.8,CR-DHLA,L-USORD-HKHKG,21519.0,0.5,857.0,DAP,3,premium,2026-05-21T12:00Z,4.0,,2026-05-24T04:00Z
S-700867,ORD-48866,P-CH-2210,Busan,New York/New Jersey,28,ocean,MV PACIFIC CRYSTAL,9893519,191 nm from New York/New Jersey,2026-05-21T00:00Z,USNYC,MEDIUM,1.6,CR-CMDU,L-KRPUS-USNYC,13805.0,44.5,3133.0,DDU,none,premium,2026-05-21T12:00Z,-0.5,delayed,2026-05-20T21:00Z
S-700868,ORD-44918,P-EL-9002,Shanghai,Los Angeles,29,ocean,MV NIPPON TRADER,9539511,off Shanghai,2026-05-29T19:12Z,USLAX,HIGH,2.6,CR-MSCU,L-CNSHA-USLAX,10527.0,32.4,8999.0,FOB,none,standard,2026-05-28T12:00Z,1.3,,2026-05-28T02:12Z
S-700869,ORD-46730,P-CH-2230,Tianjin,Łódź Rail Terminal,36,rail,DB SCH-2690,N/A,140 nm from Łódź Rail Terminal,2026-05-26T04:48Z,PLLDZ,LOW,0.2,CR-DBSC,L-CNTAO-PLLDZ,5385.0,33.4,8797.0,DAP,none,standard,2026-05-25T12:00Z,0.7,,2026-05-24T15:48Z
S-700870,ORD-48382,P-PW-1850,Rotterdam,New York/New Jersey,32,ocean,MV ARCTIC GUARDIAN,9658703,approaching New York/New Jersey,2026-05-30T00:00Z,USNYC,MEDIUM,1.6,CR-HLCU,L-NLRTM-USNYC,9640.0,9.8,873.0,DAP,8,standard,2026-05-24T12:00Z,5.5,damage,2026-05-29T15:00Z
S-700871,ORD-44354,P-MC-7200,Salalah,Rotterdam,32,ocean,MV TROPIC TRADER,9568726,130 nm from Rotterdam,2026-06-08T02:24Z,NLRTM,LOW,0.4,CR-PILU,L-OMSLL-NLRTM,2103.0,7.7,2834.0,DAP,none,standard,2026-06-06T12:00Z,1.6,port_congestion,2026-06-05T04:24Z
S-700872,ORD-49588,P-PK-4500,Busan,Los Angeles,9,ocean,MV CALEDONIAN PIONEER,9661526,166 nm from Los Angeles,2026-06-03T00:00Z,USLAX,HIGH,2.6,CR-KNES,L-KRPUS-USLAX,4972.0,9.3,1799.0,FOB,none,standard,2026-05-28T12:00Z,5.5,delayed,2026-05-31T11:00Z
S-700873,ORD-47692,P-SN-5001,Shanghai,Düsseldorf Rail Terminal,5,rail,DB SCH-7549,N/A,44 nm from Düsseldorf Rail Terminal,2026-05-26T00:00Z,DEDUS,LOW,0.2,CR-DBSC,L-CNSHA-DEDUS,13743.0,29.5,4776.0,EXW,none,standard,2026-05-22T12:00Z,3.5,,2026-05-25T03:00Z
S-700874,ORD-48712,P-CH-2230,Singapore,Felixstowe,12,ocean,MV PACIFIC GLORY,9591080,approaching Felixstowe,2026-06-12T19:12Z,GBFXT,MEDIUM,0.9,CR-DSVS,L-SGSIN-GBFXT,7264.0,41.1,2582.0,DDU,none,standard,2026-06-11T12:00Z,1.3,,2026-06-10T12:12Z
S-700875,ORD-48655,P-SN-5001,Hong Kong,Frankfurt am Main Airport,31,air,DH-CARGO-964,N/A,off Hong Kong,2026-05-22T12:00Z,DEFRA,LOW,0.1,CR-DHLA,L-HKHKG-DEFRA,7062.0,13.0,42975.0,FOB,none,premium,2026-05-20T12:00Z,2.0,,2026-05-20T04:00Z
S-700876,ORD-49348,P-MC-7200,Singapore,Felixstowe,4,ocean,MV TROPIC SPIRIT,9680809,in transit,2026-05-25T21:36Z,GBFXT,MEDIUM,0.9,CR-ZIMU,L-SGSIN-GBFXT,13927.0,7.4,48693.0,EXW,8,premium,2026-05-25T12:00Z,0.4,,2026-05-23T05:36Z
S-700877,ORD-47839,P-PK-4500,Yokohama,Los Angeles,5,ocean,MV NIPPON CRYSTAL,9948172,approaching Los Angeles,2026-05-23T12:00Z,USLAX,HIGH,2.6,CR-COSU,L-JPYOK-USLAX,21619.0,0.8,4124.0,EXW,none,standard,2026-05-23T12:00Z,0.0,delayed,2026-05-20T17:00Z
S-700878,ORD-46339,P-MC-7200,Hong Kong,Frankfurt am Main Airport,8,air,LH-CARGO-669,N/A,in transit,2026-05-21T12:00Z,DEFRA,LOW,0.1,CR-LHCA,L-HKHKG-DEFRA,9663.0,37.2,2769.0,FOB,none,premium,2026-05-20T12:00Z,1.0,,2026-05-20T18:00Z
S-700879,ORD-45779,P-SN-5001,Yokohama,Los Angeles,16,ocean,MV ARCTIC CRYSTAL,9608859,115 nm from Los Angeles,2026-05-28T12:00Z,USLAX,HIGH,2.6,CR-YMLU,L-JPYOK-USLAX,15978.0,55.0,6059.0,DAP,none,premium,2026-05-29T12:00Z,-1.0,customs_hold,2026-05-27T07:00Z
S-700880,ORD-49933,P-EL-9003,Tokyo,Vancouver,19,ocean,MV NORDIC SPIRIT,9523273,Vancouver approach,2026-05-20T07:12Z,CASOG,LOW,0.6,CR-HMMU,L-JPTYO-CASOG,1464.0,0.9,3011.0,EXW,none,premium,2026-05-20T12:00Z,-0.2,,2026-05-19T10:12Z
S-700881,ORD-44943,P-EL-9102,Genoa,Charleston,7,ocean,MV PACIFIC PIONEER,9748520,approaching Charleston,2026-05-31T02:24Z,USCHS,LOW,0.7,CR-MAEU,L-ITGOA-USCHS,12760.0,31.5,5959.0,DDP,none,premium,2026-05-31T12:00Z,-0.4,,2026-05-28T19:24Z
S-700882,ORD-49370,P-EL-9102,Hamburg,Genoa,36,road,XPO LO-7604,N/A,off Hamburg,2026-05-29T00:00Z,ITGOA,MEDIUM,1.2,CR-XPOT,L-DEHAM-ITGOA,17741.0,47.2,2316.0,DDP,none,premium,2026-05-20T12:00Z,8.5,port_congestion,2026-05-26T10:00Z
S-700883,ORD-45787,P-PW-1802,Hong Kong,Frankfurt am Main Airport,17,air,UP-CARGO-456,N/A,in transit,2026-05-25T04:48Z,DEFRA,LOW,0.1,CR-UPSA,L-HKHKG-DEFRA,10898.0,52.3,131.0,DDU,none,standard,2026-05-23T12:00Z,1.7,,2026-05-24T00:48Z
S-700884,ORD-45670,P-EL-9101,Jebel Ali (Dubai),Frankfurt am Main Airport,27,air,FD-CARGO-214,N/A,in transit,2026-05-24T04:48Z,DEFRA,LOW,0.1,CR-FDXA,L-AEDXB-DEFRA,19215.0,30.4,23722.0,DDU,none,standard,2026-05-23T12:00Z,0.7,,2026-05-21T15:48Z
S-700885,ORD-44925,P-CH-2230,Tianjin,Łódź Rail Terminal,9,rail,DB SCH-5838,N/A,in transit,2026-06-03T12:00Z,PLLDZ,LOW,0.2,CR-DBSC,L-CNTAO-PLLDZ,6844.0,42.8,2361.0,EXW,none,standard,2026-06-03T12:00Z,0.0,,2026-06-03T03:00Z
S-700886,ORD-44834,P-SN-5001,Tianjin,Łódź Rail Terminal,16,rail,DB SCH-3018,N/A,in transit,2026-05-22T19:12Z,PLLDZ,LOW,0.2,CR-DBSC,L-CNTAO-PLLDZ,13681.0,14.8,45962.0,FOB,none,economy,2026-05-22T12:00Z,0.3,,2026-05-20T06:12Z
S-700887,ORD-45464,P-EL-9002,Tokyo,Vancouver,1,ocean,MV IBERIAN TRADER,9939716,23 nm from Vancouver,2026-05-30T14:24Z,CASOG,LOW,0.6,CR-HLCU,L-JPTYO-CASOG,10119.0,33.1,3159.0,EXW,none,standard,2026-05-25T12:00Z,5.1,port_congestion,2026-05-27T21:24Z
S-700888,ORD-48067,P-PW-1802,Hong Kong,Frankfurt am Main Airport,19,air,LH-CARGO-756,N/A,off Hong Kong,2026-05-22T16:48Z,DEFRA,LOW,0.1,CR-LHCA,L-HKHKG-DEFRA,2473.0,59.3,628.0,DDU,none,standard,2026-05-20T12:00Z,2.2,,2026-05-19T22:48Z
S-700889,ORD-49561,P-MC-7101,Yantian,Hamburg,2,ocean,MV NIPPON VICTORY,9138116,114 nm from Hamburg,2026-06-26T12:00Z,DEHAM,HIGH,3.2,CR-PILU,L-CNYTN-DEHAM,14040.0,10.4,7429.0,DAP,9,premium,2026-06-25T12:00Z,1.0,vessel_change,2026-06-25T20:00Z
S-700890,ORD-46185,P-PW-1802,Tianjin,Hamburg,22,ocean,MV NORDIC BREEZE,9176408,in transit,2026-06-11T00:00Z,DEHAM,HIGH,3.2,CR-WHLU,L-CNTAO-DEHAM,13976.0,1.2,835.0,FOB,none,standard,2026-06-10T12:00Z,0.5,port_congestion,2026-06-09T17:00Z
S-700891,ORD-48438,P-EL-9102,Los Angeles,Sydney Kingsford Smith Airport,12,air,CX-CARGO-720,N/A,in transit,2026-05-23T12:00Z,AUSYD,LOW,0.1,CR-CXCA,L-USLAX-AUSYD,13853.0,39.0,5347.0,EXW,none,standard,2026-05-23T12:00Z,0.0,,2026-05-21T19:00Z
S-700892,ORD-47225,P-PW-1802,Yantian,Callao (Lima),2,ocean,MV CALEDONIAN EXPRESS,9472091,51 nm from Callao (Lima),2026-06-18T16:48Z,PEMRI,LOW,0.9,CR-ZIMU,L-CNYTN-PEMRI,5462.0,39.4,500.0,DDP,none,standard,2026-06-19T12:00Z,-0.8,,2026-06-16T20:48Z
S-700893,ORD-45098,P-EL-9102,Antwerp,New York/New Jersey,17,ocean,MV CALEDONIAN CRYSTAL,9805225,New York/New Jersey approach,2026-06-04T19:12Z,USNYC,MEDIUM,1.6,CR-DSVS,L-BEANR-USNYC,19430.0,52.3,1574.0,CIF,none,standard,2026-06-03T12:00Z,1.3,,2026-06-04T00:12Z
S-700894,ORD-49116,P-SW-3001,Shanghai,Los Angeles,5,ocean,MV NORDIC PIONEER,9495358,9 nm from Los Angeles,2026-05-21T12:00Z,USLAX,HIGH,2.6,CR-COSU,L-CNSHA-USLAX,25059.0,49.5,2097.0,EXW,none,standard,2026-05-21T12:00Z,-0.0,,2026-05-18T19:00Z
S-700895,ORD-49574,P-SW-3002,Yantian,Los Angeles,6,ocean,MV BALTIC GUARDIAN,9840047,in transit,2026-06-02T19:12Z,USLAX,HIGH,2.6,CR-MAEU,L-CNYTN-USLAX,10518.0,33.9,7815.0,EXW,none,premium,2026-05-31T12:00Z,2.3,,2026-06-01T06:12Z
S-700896,ORD-45856,P-PW-1802,Shanghai,Rotterdam,36,ocean,MV PACIFIC GUARDIAN,9868526,off Shanghai,2026-06-19T00:00Z,NLRTM,LOW,0.4,CR-COSU,L-CNSHA-NLRTM,21768.0,26.0,352.0,CIF,none,premium,2026-06-18T12:00Z,0.5,,2026-06-16T13:00Z
S-700897,ORD-44351,P-PW-1802,Los Angeles,Sydney Kingsford Smith Airport,28,air,QT-CARGO-659,N/A,off Los Angeles,2026-05-26T02:24Z,AUSYD,LOW,0.1,CR-QTRA,L-USLAX-AUSYD,9440.0,5.9,35600.0,DDU,none,premium,2026-05-23T12:00Z,2.6,,2026-05-24T19:24Z
S-700898,ORD-48814,P-PK-4500,Tianjin,Hamburg,12,ocean,MV ATLANTIC GUARDIAN,9307328,Hamburg approach,2026-06-12T00:00Z,DEHAM,HIGH,3.2,CR-KNES,L-CNTAO-DEHAM,1982.0,4.3,131.0,DDU,none,economy,2026-06-10T12:00Z,1.5,,2026-06-09T12:00Z
S-700899,ORD-45816,P-PW-1850,Jebel Ali (Dubai),Frankfurt am Main Airport,3,air,CX-CARGO-127,N/A,in transit,2026-05-22T16:48Z,DEFRA,LOW,0.1,CR-CXCA,L-AEDXB-DEFRA,10578.0,16.4,7021.0,DDU,none,standard,2026-05-21T12:00Z,1.2,,2026-05-21T04:48Z
S-700900,ORD-46949,P-EL-9002,Yokohama,Los Angeles,1,ocean,MV IBERIAN PIONEER,9109262,Los Angeles approach,2026-06-02T19:12Z,USLAX,HIGH,2.6,CR-MAEU,L-JPYOK-USLAX,23800.0,54.2,328.0,DAP,none,economy,2026-05-30T12:00Z,3.3,vessel_change,2026-05-30T22:12Z
S-700901,ORD-48667,P-PK-4501,Valencia,Veracruz,31,ocean,MV IBERIAN PIONEER,9467938,Veracruz approach,2026-05-25T02:24Z,MXVER,MEDIUM,1.3,CR-ONEY,L-ESVLC-MXVER,25600.0,42.3,888.0,DDP,none,premium,2026-05-25T12:00Z,-0.4,,2026-05-24T13:24Z
S-700902,ORD-49821,P-MC-7100,Shanghai,New York/New Jersey,18,ocean,MV BALTIC EXPRESS,9262860,in transit,2026-06-08T19:12Z,USNYC,MEDIUM,1.6,CR-CMDU,L-CNSHA-USNYC,16144.0,44.7,579.0,EXW,9,standard,2026-06-09T12:00Z,-0.7,,2026-06-07T04:12Z
S-700903,ORD-44050,P-CH-2230,Hong Kong,Rotterdam,5,ocean,MV NORDIC GUARDIAN,9642411,164 nm from Rotterdam,2026-05-29T09:36Z,NLRTM,LOW,0.4,CR-DSVS,L-HKHKG-NLRTM,16713.0,33.0,5515.0,CIF,none,standard,2026-05-29T12:00Z,-0.1,,2026-05-28T06:36Z
S-700904,ORD-48755,P-MC-7101,Tokyo,Vancouver,5,ocean,MV CALEDONIAN TRADER,9441029,off Tokyo,2026-05-25T09:36Z,CASOG,LOW,0.6,CR-COSU,L-JPTYO-CASOG,9135.0,23.0,147.0,DDU,none,standard,2026-05-24T12:00Z,0.9,,2026-05-23T02:36Z
S-700905,ORD-46043,P-EL-9002,Hong Kong,Rotterdam,9,ocean,MV PACIFIC EXPRESS,9851744,approaching Rotterdam,2026-06-15T12:00Z,NLRTM,LOW,0.4,CR-KNES,L-HKHKG-NLRTM,24797.0,36.0,72.0,FOB,none,economy,2026-06-14T12:00Z,1.0,,2026-06-13T12:00Z
S-700906,ORD-45213,P-PW-1801,Shanghai,New York/New Jersey,35,ocean,MV NORDIC VICTORY,9721453,New York/New Jersey approach,2026-05-28T16:48Z,USNYC,MEDIUM,1.6,CR-COSU,L-CNSHA-USNYC,17361.0,22.0,840.0,CIF,none,standard,2026-05-26T12:00Z,2.2,,2026-05-27T14:48Z
S-700907,ORD-46262,P-EL-9102,New York/New Jersey,London Heathrow Airport,20,air,UP-CARGO-476,N/A,approaching London Heathrow Airport,2026-05-20T14:24Z,LHRGB,LOW,0.1,CR-UPSA,L-USNYC-LHRGB,21631.0,28.5,70053.0,CIF,3,economy,2026-05-21T12:00Z,-0.9,,2026-05-19T13:24Z
S-700908,ORD-49950,P-SW-3002,Yantian,Los Angeles,32,ocean,MV NORDIC PIONEER,9949321,in transit,2026-05-23T04:48Z,USLAX,HIGH,2.6,CR-CMDU,L-CNYTN-USLAX,11471.0,39.8,40.0,FOB,3,standard,2026-05-22T12:00Z,0.7,delayed,2026-05-20T20:48Z
S-700909,ORD-48066,P-CH-2211,Los Angeles,Sydney Kingsford Smith Airport,36,air,AF-CARGO-981,N/A,6 nm from Sydney Kingsford Smith Airport,2026-05-21T00:00Z,AUSYD,LOW,0.1,CR-AFKA,L-USLAX-AUSYD,3944.0,16.3,24662.0,EXW,none,premium,2026-05-20T12:00Z,0.5,,2026-05-18T18:00Z
S-700910,ORD-47098,P-CH-2230,Qingdao,Le Havre,28,ocean,MV BALTIC TRADER,9586293,Le Havre approach,2026-05-25T00:00Z,FRLEH,MEDIUM,1.0,CR-HLCU,L-CNQIN-FRLEH,1038.0,30.3,2773.0,DAP,none,standard,2026-05-25T12:00Z,-0.5,vessel_change,2026-05-23T05:00Z
S-700911,ORD-44253,P-SW-3001,Chicago O'Hare Airport,Hong Kong,3,air,LH-CARGO-801,N/A,approaching Hong Kong,2026-05-19T12:00Z,HKHKG,LOW,0.8,CR-LHCA,L-USORD-HKHKG,11374.0,5.5,1070.0,CIF,8,premium,2026-05-21T12:00Z,-2.0,,2026-05-18T23:00Z
S-700912,ORD-48864,P-SW-3001,Valencia,Veracruz,24,ocean,MV ATLANTIC GUARDIAN,9213384,Veracruz approach,2026-06-09T02:24Z,MXVER,MEDIUM,1.3,CR-COSU,L-ESVLC-MXVER,6833.0,49.1,1035.0,EXW,8,standard,2026-06-09T12:00Z,-0.4,vessel_change,2026-06-06T22:24Z
S-700913,ORD-49482,P-PK-4501,Rotterdam,New York/New Jersey,25,ocean,MV BALTIC PIONEER,9919637,44 nm from New York/New Jersey,2026-06-03T14:24Z,USNYC,MEDIUM,1.6,CR-COSU,L-NLRTM-USNYC,7432.0,9.1,40419.0,DAP,8,standard,2026-05-27T12:00Z,7.1,customs_hold,2026-06-01T19:24Z
S-700914,ORD-44130,P-PK-4501,Shanghai,Düsseldorf Rail Terminal,36,rail,DB SCH-9798,N/A,112 nm from Düsseldorf Rail Terminal,2026-05-28T02:24Z,DEDUS,LOW,0.2,CR-DBSC,L-CNSHA-DEDUS,6280.0,5.4,12241.0,DAP,none,standard,2026-05-29T12:00Z,-1.4,,2026-05-26T07:24Z
S-700915,ORD-47831,P-PW-1801,Hong Kong,Oakland,11,ocean,MV TROPIC SPIRIT,9905107,Oakland approach,2026-06-02T16:48Z,USOAK,MEDIUM,1.4,CR-WHLU,L-HKHKG-USOAK,7125.0,58.2,2844.0,DDP,9,standard,2026-06-04T12:00Z,-1.8,,2026-05-31T11:48Z
S-700916,ORD-48889,P-PW-1850,Antwerp,New York/New Jersey,34,ocean,MV IBERIAN VICTORY,9661633,approaching New York/New Jersey,2026-05-27T16:48Z,USNYC,MEDIUM,1.6,CR-ZIMU,L-BEANR-USNYC,23969.0,36.2,2068.0,EXW,3,standard,2026-05-21T12:00Z,6.2,customs_hold,2026-05-27T13:48Z
S-700917,ORD-47215,P-PW-1802,Hong Kong,Oakland,17,ocean,MV ATLANTIC PIONEER,9815360,58 nm from Oakland,2026-06-03T19:12Z,USOAK,MEDIUM,1.4,CR-KNES,L-HKHKG-USOAK,14362.0,51.8,1578.0,EXW,none,standard,2026-06-04T12:00Z,-0.7,,2026-06-01T12:12Z
S-700918,ORD-47625,P-EL-9102,Antwerp,New York/New Jersey,16,ocean,MV PACIFIC EXPRESS,9326739,off Antwerp,2026-06-06T04:48Z,USNYC,MEDIUM,1.6,CR-HLCU,L-BEANR-USNYC,11924.0,11.5,589.0,DAP,none,standard,2026-06-03T12:00Z,2.7,,2026-06-05T01:48Z
S-700919,ORD-49994,P-SW-3001,Mundra,Felixstowe,35,ocean,MV NORDIC VICTORY,9879576,157 nm from Felixstowe,2026-06-11T19:12Z,GBFXT,MEDIUM,0.9,CR-ZIMU,L-INMUN-GBFXT,5898.0,7.1,16218.0,DDU,8,premium,2026-06-08T12:00Z,3.3,customs_hold,2026-06-09T06:12Z
S-700920,ORD-46944,P-MC-7102,New York/New Jersey,London Heathrow Airport,13,air,DH-CARGO-489,N/A,112 nm from London Heathrow Airport,2026-05-22T19:12Z,LHRGB,LOW,0.1,CR-DHLA,L-USNYC-LHRGB,21668.0,44.7,13003.0,DDP,none,economy,2026-05-20T12:00Z,2.3,damage,2026-05-19T21:12Z
S-700921,ORD-46958,P-EL-9102,Busan,Los Angeles,23,ocean,MV ARCTIC CRYSTAL,9713494,approaching Los Angeles,2026-05-30T19:12Z,USLAX,HIGH,2.6,CR-MAEU,L-KRPUS-USLAX,12067.0,22.0,1028.0,CIF,none,standard,2026-05-25T12:00Z,5.3,damage,2026-05-30T09:12Z
S-700922,ORD-44896,P-EL-9101,Salalah,Rotterdam,33,ocean,MV CALEDONIAN CRYSTAL,9410647,off Salalah,2026-05-23T09:36Z,NLRTM,LOW,0.4,CR-ZIMU,L-OMSLL-NLRTM,964.0,29.6,14949.0,FOB,none,premium,2026-05-23T12:00Z,-0.1,,2026-05-20T17:36Z
S-700923,ORD-46584,P-SN-5001,Shanghai,Düsseldorf Rail Terminal,30,rail,DB SCH-6328,N/A,approaching Düsseldorf Rail Terminal,2026-06-02T09:36Z,DEDUS,LOW,0.2,CR-DBSC,L-CNSHA-DEDUS,24945.0,4.1,1162.0,DAP,none,premium,2026-06-01T12:00Z,0.9,vessel_change,2026-05-31T01:36Z
S-700924,ORD-45669,P-PW-1850,Tianjin,Hamburg,12,ocean,MV IBERIAN BREEZE,9653949,approaching Hamburg,2026-06-24T12:00Z,DEHAM,HIGH,3.2,CR-MSCU,L-CNTAO-DEHAM,9665.0,36.5,22178.0,DAP,3,economy,2026-06-21T12:00Z,3.0,,2026-06-23T14:00Z
S-700925,ORD-46186,P-CH-2211,Shanghai,New York/New Jersey,22,ocean,MV ASIAN GUARDIAN,9856343,approaching New York/New Jersey,2026-06-03T09:36Z,USNYC,MEDIUM,1.6,CR-EGLV,L-CNSHA-USNYC,14946.0,60.0,1127.0,CIF,none,standard,2026-06-03T12:00Z,-0.1,,2026-06-01T00:36Z
S-700926,ORD-44848,P-SN-5001,Singapore,Rotterdam,17,ocean,MV ATLANTIC TRADER,9938057,in transit,2026-06-08T19:12Z,NLRTM,LOW,0.4,CR-ZIMU,L-SGSIN-NLRTM,4779.0,22.1,91037.0,DDP,9,standard,2026-06-07T12:00Z,1.3,,2026-06-07T15:12Z
S-700927,ORD-47851,P-CH-2211,Shanghai,Hamburg,35,ocean,MV CALEDONIAN CRYSTAL,9171557,132 nm from Hamburg,2026-05-24T09:36Z,DEHAM,HIGH,3.2,CR-DSVS,L-CNSHA-DEHAM,5744.0,29.0,1478.0,CIF,9,premium,2026-05-25T12:00Z,-1.1,,2026-05-23T06:36Z
S-700928,ORD-47966,P-PW-1850,Qingdao,Le Havre,29,ocean,MV PACIFIC TRADER,9707625,in transit,2026-06-13T07:12Z,FRLEH,MEDIUM,1.0,CR-HLCU,L-CNQIN-FRLEH,4541.0,57.9,1098.0,DDP,9,standard,2026-06-11T12:00Z,1.8,,2026-06-10T08:12Z
S-700929,ORD-49481,P-CH-2230,Busan,New York/New Jersey,8,ocean,MV ATLANTIC BREEZE,9142636,New York/New Jersey approach,2026-06-17T04:48Z,USNYC,MEDIUM,1.6,CR-MSCU,L-KRPUS-USNYC,8857.0,48.9,17235.0,DDU,none,standard,2026-06-15T12:00Z,1.7,,2026-06-15T15:48Z
S-700930,ORD-44259,P-CH-2211,Busan,New York/New Jersey,18,ocean,MV ATLANTIC GUARDIAN,9974649,off Busan,2026-06-17T12:00Z,USNYC,MEDIUM,1.6,CR-YMLU,L-KRPUS-USNYC,6527.0,9.0,1873.0,CIF,8,standard,2026-06-15T12:00Z,2.0,,2026-06-15T00:00Z
S-700931,ORD-44890,P-PW-1850,Yantian,Los Angeles,13,ocean,MV ATLANTIC PIONEER,9985790,175 nm from Los Angeles,2026-05-24T04:48Z,USLAX,HIGH,2.6,CR-HLCU,L-CNYTN-USLAX,17622.0,8.8,3983.0,DDP,3,standard,2026-05-22T12:00Z,1.7,,2026-05-22T18:48Z
S-700932,ORD-46647,P-EL-9002,Qingdao,Le Havre,33,ocean,MV ASIAN GLORY,9605727,in transit,2026-06-07T02:24Z,FRLEH,MEDIUM,1.0,CR-HMMU,L-CNQIN-FRLEH,713.0,54.9,329.0,DDU,none,premium,2026-06-04T12:00Z,2.6,,2026-06-04T19:24Z
S-700933,ORD-44142,P-CH-2230,Yantian,Hamburg,7,ocean,MV ATLANTIC BREEZE,9789891,70 nm from Hamburg,2026-05-31T19:12Z,DEHAM,HIGH,3.2,CR-PILU,L-CNYTN-DEHAM,12257.0,16.6,18594.0,DDP,none,standard,2026-06-01T12:00Z,-0.7,,2026-05-30T23:12Z
S-700934,ORD-45346,P-EL-9001,Ningbo,Rotterdam,22,ocean,MV NORDIC GLORY,9368253,approaching Rotterdam,2026-06-10T09:36Z,NLRTM,LOW,0.4,CR-DSVS,L-CNNGB-NLRTM,7410.0,33.4,8286.0,DAP,none,standard,2026-06-08T12:00Z,1.9,,2026-06-08T19:36Z
S-700935,ORD-47431,P-CH-2211,Mundra,Felixstowe,1,ocean,MV ARCTIC TRADER,9262087,93 nm from Felixstowe,2026-05-19T12:00Z,GBFXT,MEDIUM,0.9,CR-PILU,L-INMUN-GBFXT,25305.0,51.4,45624.0,DAP,8,standard,2026-05-21T12:00Z,-2.0,,2026-05-17T17:00Z
S-700936,ORD-48041,P-EL-9003,Hamburg,Santos,24,ocean,MV IBERIAN EXPRESS,9170502,Santos approach,2026-06-02T09:36Z,BRSSZ,MEDIUM,1.7,CR-ZIMU,L-DEHAM-BRSSZ,6880.0,26.0,3730.0,FOB,none,standard,2026-06-01T12:00Z,0.9,,2026-05-31T21:36Z
S-700937,ORD-44307,P-PK-4500,Jebel Ali (Dubai),Rotterdam,9,ocean,MV TROPIC GLORY,9330566,approaching Rotterdam,2026-05-29T09:36Z,NLRTM,LOW,0.4,CR-ONEY,L-AEDXB-NLRTM,16839.0,57.5,8098.0,CIF,none,standard,2026-05-29T12:00Z,-0.1,,2026-05-26T19:36Z
S-700938,ORD-47244,P-PW-1850,Singapore,Rotterdam,4,ocean,MV PACIFIC EXPRESS,9301773,approaching Rotterdam,2026-05-27T07:12Z,NLRTM,LOW,0.4,CR-PILU,L-SGSIN-NLRTM,23623.0,14.6,2380.0,EXW,none,standard,2026-05-28T12:00Z,-1.2,,2026-05-26T08:12Z
S-700939,ORD-47948,P-MC-7102,New York/New Jersey,London Heathrow Airport,18,air,EK-CARGO-681,N/A,149 nm from London Heathrow Airport,2026-05-22T14:24Z,LHRGB,LOW,0.1,CR-EKCA,L-USNYC-LHRGB,9040.0,22.6,1398.0,DDU,none,standard,2026-05-21T12:00Z,1.1,port_congestion,2026-05-20T15:24Z
S-700940,ORD-47735,P-CH-2230,Hamburg,Santos,32,ocean,MV TROPIC CRYSTAL,9336396,106 nm from Santos,2026-06-09T04:48Z,BRSSZ,MEDIUM,1.7,CR-EGLV,L-DEHAM-BRSSZ,21254.0,30.8,334.0,DDU,3,standard,2026-06-09T12:00Z,-0.3,,2026-06-08T15:48Z
S-700941,ORD-45356,P-CH-2230,Yantian,Callao (Lima),22,ocean,MV ASIAN GUARDIAN,9737281,off Yantian,2026-06-05T02:24Z,PEMRI,LOW,0.9,CR-WHLU,L-CNYTN-PEMRI,11086.0,58.0,24706.0,EXW,none,standard,2026-06-04T12:00Z,0.6,,2026-06-02T05:24Z
S-700942,ORD-49452,P-EL-9003,Valencia,Veracruz,23,ocean,MV CALEDONIAN SPIRIT,9223422,approaching Veracruz,2026-05-23T21:36Z,MXVER,MEDIUM,1.3,CR-YMLU,L-ESVLC-MXVER,4702.0,30.0,2319.0,FOB,none,economy,2026-05-24T12:00Z,-0.6,,2026-05-21T04:36Z
S-700943,ORD-49660,P-MC-7100,Shanghai,New York/New Jersey,35,ocean,MV NIPPON PIONEER,9997627,approaching New York/New Jersey,2026-06-15T19:12Z,USNYC,MEDIUM,1.6,CR-COSU,L-CNSHA-USNYC,12903.0,25.5,402.0,EXW,none,premium,2026-06-16T12:00Z,-0.7,damage,2026-06-14T05:12Z
S-700944,ORD-49149,P-PW-1802,Singapore,Rotterdam,13,ocean,MV TROPIC GUARDIAN,9386525,approaching Rotterdam,2026-05-31T19:12Z,NLRTM,LOW,0.4,CR-PILU,L-SGSIN-NLRTM,5039.0,56.7,49249.0,DDU,none,standard,2026-05-31T12:00Z,0.3,,2026-05-29T18:12Z
S-700945,ORD-48387,P-CH-2211,Valencia,Veracruz,14,ocean,MV ASIAN GUARDIAN,9698040,in transit,2026-05-24T00:00Z,MXVER,MEDIUM,1.3,CR-PILU,L-ESVLC-MXVER,15914.0,51.0,8881.0,DAP,none,standard,2026-05-21T12:00Z,2.5,,2026-05-21T00:00Z
S-700946,ORD-47923,P-EL-9003,Salalah,Rotterdam,33,ocean,MV TROPIC BREEZE,9262112,off Salalah,2026-05-24T12:00Z,NLRTM,LOW,0.4,CR-KNES,L-OMSLL-NLRTM,19645.0,42.6,1201.0,CIF,none,premium,2026-05-23T12:00Z,1.0,vessel_change,2026-05-23T08:00Z
S-700947,ORD-46193,P-PW-1801,Tokyo,Vancouver,23,ocean,MV NIPPON GUARDIAN,9487158,Vancouver approach,2026-05-27T09:36Z,CASOG,LOW,0.6,CR-DSVS,L-JPTYO-CASOG,18451.0,22.6,532.0,DDU,none,standard,2026-05-26T12:00Z,0.9,,2026-05-24T23:36Z
S-700948,ORD-48773,P-SW-3002,Busan,Los Angeles,2,ocean,MV CALEDONIAN TRADER,9653354,off Busan,2026-06-05T16:48Z,USLAX,HIGH,2.6,CR-HLCU,L-KRPUS-USLAX,9014.0,38.0,27170.0,DAP,9,economy,2026-06-03T12:00Z,2.2,,2026-06-03T19:48Z
S-700949,ORD-44812,P-SW-3002,Frankfurt am Main Airport,Shanghai,9,air,QT-CARGO-328,N/A,195 nm from Shanghai,2026-05-21T09:36Z,CNSHA,MEDIUM,1.3,CR-QTRA,L-DEFRA-CNSHA,19997.0,58.5,64745.0,FOB,none,standard,2026-05-20T12:00Z,0.9,,2026-05-18T09:36Z
S-700950,ORD-44128,P-CH-2210,Rotterdam,New York/New Jersey,19,ocean,MV PACIFIC GLORY,9997603,31 nm from New York/New Jersey,2026-05-26T00:00Z,USNYC,MEDIUM,1.6,CR-YMLU,L-NLRTM-USNYC,4399.0,11.5,11989.0,DAP,3,premium,2026-05-25T12:00Z,0.5,port_congestion,2026-05-23T16:00Z
S-700951,ORD-46576,P-CH-2210,Los Angeles,Sydney Kingsford Smith Airport,25,air,FD-CARGO-461,N/A,189 nm from Sydney Kingsford Smith Airport,2026-05-22T19:12Z,AUSYD,LOW,0.1,CR-FDXA,L-USLAX-AUSYD,8662.0,1.7,12691.0,FOB,none,economy,2026-05-21T12:00Z,1.3,,2026-05-21T16:12Z
S-700952,ORD-47570,P-EL-9101,Antwerp,New York/New Jersey,35,ocean,MV TROPIC GLORY,9992548,143 nm from New York/New Jersey,2026-06-05T16:48Z,USNYC,MEDIUM,1.6,CR-HLCU,L-BEANR-USNYC,650.0,37.1,45276.0,DDU,none,standard,2026-05-29T12:00Z,7.2,vessel_change,2026-06-03T11:48Z
S-700953,ORD-47943,P-SW-3001,Hamburg,Genoa,7,road,DACHSE-8299,N/A,in transit,2026-05-26T09:36Z,ITGOA,MEDIUM,1.2,CR-DACH,L-DEHAM-ITGOA,16686.0,0.3,11286.0,EXW,9,standard,2026-05-24T12:00Z,1.9,,2026-05-24T11:36Z
S-700954,ORD-44198,P-CH-2210,Yokohama,Los Angeles,19,ocean,MV NIPPON BREEZE,9166318,approaching Los Angeles,2026-05-22T07:12Z,USLAX,HIGH,2.6,CR-HLCU,L-JPYOK-USLAX,22739.0,53.6,11929.0,FOB,9,standard,2026-05-22T12:00Z,-0.2,,2026-05-21T02:12Z
S-700955,ORD-47042,P-MC-7100,Hamburg,Santos,12,ocean,MV NORDIC SPIRIT,9144604,129 nm from Santos,2026-06-01T09:36Z,BRSSZ,MEDIUM,1.7,CR-PILU,L-DEHAM-BRSSZ,19693.0,52.5,1064.0,DDU,3,premium,2026-06-01T12:00Z,-0.1,,2026-05-30T12:36Z
S-700956,ORD-47404,P-PW-1850,Genoa,Charleston,31,ocean,MV ATLANTIC GUARDIAN,9583439,in transit,2026-05-21T00:00Z,USCHS,LOW,0.7,CR-YMLU,L-ITGOA-USCHS,10279.0,14.4,1820.0,CIF,none,standard,2026-05-20T12:00Z,0.5,,2026-05-20T03:00Z
S-700957,ORD-49304,P-SW-3002,Yantian,Hamburg,36,ocean,MV TROPIC BREEZE,9858109,off Yantian,2026-05-21T21:36Z,DEHAM,HIGH,3.2,CR-MAEU,L-CNYTN-DEHAM,7275.0,3.8,10286.0,DDU,none,standard,2026-05-22T12:00Z,-0.6,,2026-05-20T14:36Z
S-700958,ORD-48518,P-EL-9001,Yokohama,Los Angeles,2,ocean,MV ATLANTIC EXPRESS,9505877,66 nm from Los Angeles,2026-05-31T07:12Z,USLAX,HIGH,2.6,CR-ONEY,L-JPYOK-USLAX,23704.0,37.1,6159.0,DAP,none,premium,2026-05-29T12:00Z,1.8,damage,2026-05-31T02:12Z
S-700959,ORD-46815,P-MC-7100,Shanghai,New York/New Jersey,25,ocean,MV PACIFIC GLORY,9265321,approaching New York/New Jersey,2026-06-02T09:36Z,USNYC,MEDIUM,1.6,CR-ZIMU,L-CNSHA-USNYC,16856.0,19.9,707.0,DDU,none,standard,2026-06-01T12:00Z,0.9,,2026-05-31T11:36Z
S-700960,ORD-44514,P-PK-4501,Singapore,Rotterdam,2,ocean,MV PACIFIC TRADER,9125028,off Singapore,2026-06-19T21:36Z,NLRTM,LOW,0.4,CR-CMDU,L-SGSIN-NLRTM,13241.0,31.7,250000,EXW,none,standard,2026-06-17T12:00Z,2.4,port_congestion,2026-06-18T08:36Z
S-700961,ORD-48908,P-CH-2210,Singapore,Felixstowe,10,ocean,MV TROPIC GUARDIAN,9537259,off Singapore,2026-06-22T00:00Z,GBFXT,MEDIUM,0.9,CR-PILU,L-SGSIN-GBFXT,12309.0,42.6,1087.0,DDU,3,standard,2026-06-21T12:00Z,0.5,,2026-06-20T05:00Z
S-700962,ORD-49414,P-PW-1801,Shanghai,New York/New Jersey,32,ocean,MV ARCTIC TRADER,9613342,off Shanghai,2026-06-11T14:24Z,USNYC,MEDIUM,1.6,CR-MSCU,L-CNSHA-USNYC,21645.0,55.2,867.0,EXW,none,premium,2026-06-11T12:00Z,0.1,,2026-06-09T19:24Z
S-700963,ORD-48379,P-MC-7101,Valencia,Veracruz,6,ocean,MV BALTIC VICTORY,9854905,146 nm from Veracruz,2026-05-24T21:36Z,MXVER,MEDIUM,1.3,CR-HLCU,L-ESVLC-MXVER,17973.0,25.1,20990.0,EXW,none,economy,2026-05-26T12:00Z,-1.6,damage,2026-05-22T08:36Z
S-700964,ORD-49199,P-EL-9102,Hamburg,Durban,33,ocean,MV ASIAN TRADER,9535310,approaching Durban,2026-06-09T00:00Z,ZADUR,MEDIUM,1.5,CR-COSU,L-DEHAM-ZADUR,21177.0,4.8,165792.0,DAP,none,standard,2026-06-09T12:00Z,-0.5,,2026-06-06T10:00Z
S-700965,ORD-46143,P-MC-7200,Tokyo,Vancouver,12,ocean,MV NORDIC TRADER,9729515,approaching Vancouver,2026-05-26T12:00Z,CASOG,LOW,0.6,CR-KNES,L-JPTYO-CASOG,6848.0,27.0,4561.0,DDU,none,premium,2026-05-24T12:00Z,2.0,,2026-05-24T14:00Z
S-700966,ORD-46130,P-MC-7200,Yantian,Los Angeles,27,ocean,MV IBERIAN PIONEER,9714409,off Yantian,2026-06-02T14:24Z,USLAX,HIGH,2.6,CR-EGLV,L-CNYTN-USLAX,2088.0,54.3,5929.0,FOB,none,premium,2026-06-03T12:00Z,-0.9,,2026-05-31T02:24Z
S-700967,ORD-45043,P-MC-7200,Qingdao,Le Havre,33,ocean,MV TROPIC GUARDIAN,9899519,Le Havre approach,2026-06-26T19:12Z,FRLEH,MEDIUM,1.0,CR-KNES,L-CNQIN-FRLEH,3788.0,15.6,10845.0,DDU,none,standard,2026-06-25T12:00Z,1.3,,2026-06-25T12:12Z
S-700968,ORD-49209,P-EL-9002,Yantian,Frankfurt am Main Airport,15,air,DH-CARGO-352,N/A,in transit,2026-05-22T14:24Z,DEFRA,LOW,0.1,CR-DHLA,L-CNYTN-DEFRA,18755.0,39.1,341.0,DDP,8,standard,2026-05-20T12:00Z,2.1,,2026-05-21T22:24Z
S-700969,ORD-48399,P-CH-2210,Tianjin,Łódź Rail Terminal,22,rail,DB SCH-5986,N/A,Łódź Rail Terminal approach,2026-05-31T02:24Z,PLLDZ,LOW,0.2,CR-DBSC,L-CNTAO-PLLDZ,17829.0,29.3,20269.0,DAP,none,standard,2026-06-01T12:00Z,-1.4,,2026-05-30T09:24Z
S-700970,ORD-45050,P-PW-1850,Salalah,Rotterdam,24,ocean,MV NIPPON STAR,9530446,approaching Rotterdam,2026-05-30T19:12Z,NLRTM,LOW,0.4,CR-MSCU,L-OMSLL-NLRTM,8529.0,41.9,905.0,DDP,3,economy,2026-05-28T12:00Z,2.3,,2026-05-29T17:12Z
S-700971,ORD-45681,P-EL-9001,Hamburg,Santos,18,ocean,MV CALEDONIAN EXPRESS,9222745,in transit,2026-06-02T12:00Z,BRSSZ,MEDIUM,1.7,CR-DSVS,L-DEHAM-BRSSZ,6691.0,24.9,62762.0,EXW,none,economy,2026-05-31T12:00Z,2.0,,2026-05-30T22:00Z
S-700972,ORD-44870,P-MC-7100,Shanghai,Rotterdam,33,ocean,MV IBERIAN BREEZE,9974248,off Shanghai,2026-06-02T12:00Z,NLRTM,LOW,0.4,CR-PILU,L-CNSHA-NLRTM,11000.0,40.1,7325.0,DDP,none,premium,2026-05-31T12:00Z,2.0,,2026-06-01T21:00Z
S-700973,ORD-44611,P-EL-9003,Salalah,Rotterdam,17,ocean,MV ATLANTIC PIONEER,9353633,Rotterdam approach,2026-06-01T09:36Z,NLRTM,LOW,0.4,CR-YMLU,L-OMSLL-NLRTM,11329.0,20.9,141.0,FOB,none,standard,2026-06-01T12:00Z,-0.1,,2026-05-31T07:36Z
S-700974,ORD-45036,P-EL-9102,Nhava Sheva,Rotterdam,29,ocean,MV BALTIC VICTORY,9689321,Rotterdam approach,2026-05-25T14:24Z,NLRTM,LOW,0.4,CR-EGLV,L-INNSA-NLRTM,8810.0,6.9,127452.0,EXW,none,economy,2026-05-23T12:00Z,2.1,,2026-05-23T21:24Z
S-700975,ORD-44910,P-PW-1801,Salalah,Rotterdam,21,ocean,MV NORDIC GUARDIAN,9144537,approaching Rotterdam,2026-06-01T07:12Z,NLRTM,LOW,0.4,CR-ONEY,L-OMSLL-NLRTM,489.0,45.4,1714.0,DDP,none,standard,2026-06-01T12:00Z,-0.2,,2026-05-29T11:12Z
S-700976,ORD-49690,P-CH-2230,Yantian,Hamburg,13,ocean,MV TROPIC PIONEER,9482865,Hamburg approach,2026-06-24T00:00Z,DEHAM,HIGH,3.2,CR-MSCU,L-CNYTN-DEHAM,21178.0,19.7,11458.0,CIF,3,economy,2026-06-23T12:00Z,0.5,,2026-06-22T01:00Z
S-700977,ORD-48249,P-SW-3001,Singapore,Felixstowe,23,ocean,MV TROPIC VICTORY,9691812,in transit,2026-06-02T16:48Z,GBFXT,MEDIUM,0.9,CR-DSVS,L-SGSIN-GBFXT,12971.0,32.8,1800.0,EXW,none,standard,2026-05-31T12:00Z,2.2,,2026-06-02T00:48Z
S-700978,ORD-46983,P-PW-1801,Qingdao,Le Havre,30,ocean,MV ASIAN CRYSTAL,9640140,in transit,2026-06-12T16:48Z,FRLEH,MEDIUM,1.0,CR-HMMU,L-CNQIN-FRLEH,12626.0,45.6,7143.0,DDU,none,premium,2026-06-12T12:00Z,0.2,,2026-06-10T08:48Z
S-700979,ORD-48677,P-MC-7101,Yokohama,Los Angeles,26,ocean,MV BALTIC GLORY,9854690,approaching Los Angeles,2026-05-27T21:36Z,USLAX,HIGH,2.6,CR-ZIMU,L-JPYOK-USLAX,19384.0,8.2,152.0,CIF,8,standard,2026-05-20T12:00Z,7.4,delayed,2026-05-26T23:36Z
S-700980,ORD-48876,P-EL-9102,Ningbo,Rotterdam,34,ocean,MV IBERIAN EXPRESS,9198068,Rotterdam approach,2026-06-19T09:36Z,NLRTM,LOW,0.4,CR-MAEU,L-CNNGB-NLRTM,11253.0,21.8,1898.0,FOB,none,standard,2026-06-18T12:00Z,0.9,,2026-06-19T08:36Z
S-700981,ORD-44234,P-PW-1802,Salalah,Rotterdam,2,ocean,MV ATLANTIC GUARDIAN,9139214,approaching Rotterdam,2026-05-24T14:24Z,NLRTM,LOW,0.4,CR-ONEY,L-OMSLL-NLRTM,9261.0,3.7,116.0,FOB,8,economy,2026-05-24T12:00Z,0.1,,2026-05-24T03:24Z
S-700982,ORD-44437,P-PK-4501,Ningbo,Rotterdam,3,ocean,MV NIPPON GLORY,9206928,in transit,2026-05-24T12:00Z,NLRTM,LOW,0.4,CR-HMMU,L-CNNGB-NLRTM,4700.0,0.8,8502.0,DDU,none,premium,2026-05-22T12:00Z,2.0,,2026-05-24T07:00Z
S-700983,ORD-44536,P-CH-2230,Shanghai,Düsseldorf Rail Terminal,31,rail,DB SCH-1046,N/A,off Shanghai,2026-06-03T07:12Z,DEDUS,LOW,0.2,CR-DBSC,L-CNSHA-DEDUS,25121.0,44.6,1544.0,DDU,none,standard,2026-06-03T12:00Z,-0.2,,2026-06-01T17:12Z
S-700984,ORD-44778,P-PK-4500,Los Angeles,Sydney Kingsford Smith Airport,27,air,LH-CARGO-916,N/A,Sydney Kingsford Smith Airport approach,2026-05-22T21:36Z,AUSYD,LOW,0.1,CR-LHCA,L-USLAX-AUSYD,9092.0,13.8,833.0,DAP,9,standard,2026-05-21T12:00Z,1.4,,2026-05-22T07:36Z
S-700985,ORD-48860,P-CH-2211,Hong Kong,Rotterdam,32,ocean,MV CALEDONIAN GLORY,9139513,Rotterdam approach,2026-06-17T09:36Z,NLRTM,LOW,0.4,CR-EGLV,L-HKHKG-NLRTM,9941.0,23.4,12520.0,CIF,none,premium,2026-06-15T12:00Z,1.9,,2026-06-16T22:36Z
S-700986,ORD-45904,P-SW-3001,Singapore,Felixstowe,7,ocean,MV CALEDONIAN GUARDIAN,9481080,12 nm from Felixstowe,2026-06-21T04:48Z,GBFXT,MEDIUM,0.9,CR-DSVS,L-SGSIN-GBFXT,15645.0,20.9,465.0,DAP,8,standard,2026-06-21T12:00Z,-0.3,port_congestion,2026-06-19T12:48Z
S-700987,ORD-44294,P-EL-9001,Shanghai,Rotterdam,34,ocean,MV BALTIC BREEZE,9958352,in transit,2026-05-29T16:48Z,NLRTM,LOW,0.4,CR-KNES,L-CNSHA-NLRTM,22685.0,9.0,5018.0,DAP,none,standard,2026-05-30T12:00Z,-0.8,,2026-05-27T02:48Z
S-700988,ORD-45847,P-CH-2211,Yantian,Hamburg,18,ocean,MV NORDIC SPIRIT,9991968,in transit,2026-05-21T02:24Z,DEHAM,HIGH,3.2,CR-MSCU,L-CNYTN-DEHAM,20332.0,11.8,2571.0,DAP,none,economy,2026-05-20T12:00Z,0.6,,2026-05-20T21:24Z
S-700989,ORD-44766,P-MC-7102,Hamburg,Durban,13,ocean,MV BALTIC STAR,9251032,off Hamburg,2026-06-13T12:00Z,ZADUR,MEDIUM,1.5,CR-DSVS,L-DEHAM-ZADUR,14439.0,9.4,3672.0,EXW,3,premium,2026-06-10T12:00Z,3.0,,2026-06-11T14:00Z
S-700990,ORD-44142,P-PW-1850,Mundra,Felixstowe,8,ocean,MV NORDIC STAR,9183641,112 nm from Felixstowe,2026-06-12T04:48Z,GBFXT,MEDIUM,0.9,CR-EGLV,L-INMUN-GBFXT,442.0,15.0,1027.0,EXW,none,standard,2026-06-10T12:00Z,1.7,,2026-06-09T07:48Z
S-700991,ORD-47859,P-CH-2211,Yantian,Callao (Lima),20,ocean,MV ASIAN GLORY,9268959,in transit,2026-06-14T00:00Z,PEMRI,LOW,0.9,CR-YMLU,L-CNYTN-PEMRI,929.0,57.7,1156.0,EXW,none,standard,2026-06-12T12:00Z,1.5,delayed,2026-06-11T05:00Z
S-700992,ORD-44455,P-PW-1802,Hamburg,Genoa,9,road,DACHSE-4079,N/A,in transit,2026-05-23T02:24Z,ITGOA,MEDIUM,1.2,CR-DACH,L-DEHAM-ITGOA,931.0,35.1,250000,FOB,none,standard,2026-05-23T12:00Z,-0.4,,2026-05-21T15:24Z
S-700993,ORD-49395,P-PW-1801,Yokohama,Los Angeles,28,ocean,MV ATLANTIC GUARDIAN,9941233,off Yokohama,2026-06-10T02:24Z,USLAX,HIGH,2.6,CR-ONEY,L-JPYOK-USLAX,4352.0,43.3,5885.0,CIF,none,premium,2026-06-05T12:00Z,4.6,delayed,2026-06-09T07:24Z
S-700994,ORD-47399,P-PW-1802,New York/New Jersey,London Heathrow Airport,32,air,FD-CARGO-996,N/A,in transit,2026-05-24T14:24Z,LHRGB,LOW,0.1,CR-FDXA,L-USNYC-LHRGB,6941.0,12.9,261.0,EXW,none,economy,2026-05-22T12:00Z,2.1,,2026-05-24T12:24Z
S-700995,ORD-49565,P-MC-7100,New York/New Jersey,London Heathrow Airport,19,air,EK-CARGO-427,N/A,in transit,2026-05-19T02:24Z,LHRGB,LOW,0.1,CR-EKCA,L-USNYC-LHRGB,22816.0,23.4,13944.0,FOB,none,standard,2026-05-20T12:00Z,-1.4,,2026-05-18T00:24Z
S-700996,ORD-46151,P-MC-7102,Yokohama,Los Angeles,35,ocean,MV PACIFIC EXPRESS,9690647,Los Angeles approach,2026-05-24T12:00Z,USLAX,HIGH,2.6,CR-PILU,L-JPYOK-USLAX,18827.0,17.3,5719.0,DDP,3,premium,2026-05-26T12:00Z,-2.0,,2026-05-23T09:00Z
S-700997,ORD-44213,P-PW-1850,Hong Kong,Rotterdam,31,ocean,MV IBERIAN SPIRIT,9385484,off Hong Kong,2026-06-06T07:12Z,NLRTM,LOW,0.4,CR-ZIMU,L-HKHKG-NLRTM,3758.0,13.5,43537.0,DDU,8,standard,2026-06-03T12:00Z,2.8,,2026-06-05T14:12Z
S-700998,ORD-47837,P-SN-5001,Singapore,Frankfurt am Main Airport,8,air,LH-CARGO-780,N/A,Frankfurt am Main Airport approach,2026-05-23T21:36Z,DEFRA,LOW,0.1,CR-LHCA,L-SGSIN-DEFRA,17227.0,30.8,470.0,DDP,none,economy,2026-05-21T12:00Z,2.4,delayed,2026-05-22T11:36Z
S-700999,ORD-46506,P-EL-9003,Yokohama,Los Angeles,32,ocean,MV IBERIAN PIONEER,9250349,123 nm from Los Angeles,2026-06-01T14:24Z,USLAX,HIGH,2.6,CR-COSU,L-JPYOK-USLAX,21969.0,8.2,58807.0,DDP,none,economy,2026-05-31T12:00Z,1.1,,2026-05-30T22:24Z
S-701000,ORD-46853,P-EL-9102,Yokohama,Los Angeles,26,ocean,MV ATLANTIC BREEZE,9597887,approaching Los Angeles,2026-06-01T04:48Z,USLAX,HIGH,2.6,CR-ZIMU,L-JPYOK-USLAX,1176.0,21.8,95599.0,EXW,9,economy,2026-05-27T12:00Z,4.7,customs_hold,2026-05-31T15:48Z
S-701001,ORD-49190,P-SW-3001,Valencia,Veracruz,36,ocean,MV ARCTIC BREEZE,9790247,83 nm from Veracruz,2026-05-25T02:24Z,MXVER,MEDIUM,1.3,CR-YMLU,L-ESVLC-MXVER,20471.0,21.0,6192.0,DDP,none,premium,2026-05-25T12:00Z,-0.4,,2026-05-24T21:24Z
S-701002,ORD-45878,P-MC-7101,Tianjin,Łódź Rail Terminal,26,rail,DB SCH-6343,N/A,in transit,2026-06-06T12:00Z,PLLDZ,LOW,0.2,CR-DBSC,L-CNTAO-PLLDZ,23424.0,46.8,250000,EXW,none,premium,2026-06-07T12:00Z,-1.0,,2026-06-04T19:00Z
S-701003,ORD-44835,P-CH-2210,Jebel Ali (Dubai),Rotterdam,33,ocean,MV ASIAN EXPRESS,9362387,in transit,2026-05-25T16:48Z,NLRTM,LOW,0.4,CR-MSCU,L-AEDXB-NLRTM,15554.0,40.5,27346.0,DDP,9,standard,2026-05-25T12:00Z,0.2,,2026-05-24T14:48Z
S-701004,ORD-45260,P-EL-9003,Jebel Ali (Dubai),Rotterdam,18,ocean,MV IBERIAN PIONEER,9266461,in transit,2026-06-04T00:00Z,NLRTM,LOW,0.4,CR-ZIMU,L-AEDXB-NLRTM,5668.0,59.4,649.0,DDP,none,premium,2026-06-02T12:00Z,1.5,,2026-06-01T06:00Z
S-701005,ORD-47322,P-CH-2210,Busan,Los Angeles,6,ocean,MV BALTIC PIONEER,9796442,Los Angeles approach,2026-06-10T07:12Z,USLAX,HIGH,2.6,CR-ZIMU,L-KRPUS-USLAX,20244.0,8.1,3035.0,DDP,9,standard,2026-06-05T12:00Z,4.8,port_congestion,2026-06-10T06:12Z
S-701006,ORD-47256,P-CH-2230,Hamburg,Genoa,15,road,DACHSE-5395,N/A,Genoa approach,2026-05-24T19:12Z,ITGOA,MEDIUM,1.2,CR-DACH,L-DEHAM-ITGOA,20129.0,4.9,2044.0,FOB,none,standard,2026-05-21T12:00Z,3.3,,2026-05-23T00:12Z
S-701007,ORD-46616,P-PW-1850,Genoa,Charleston,24,ocean,MV NORDIC SPIRIT,9620987,off Genoa,2026-05-24T12:00Z,USCHS,LOW,0.7,CR-HLCU,L-ITGOA-USCHS,25803.0,44.8,2067.0,FOB,none,economy,2026-05-24T12:00Z,-0.0,,2026-05-23T03:00Z
S-701008,ORD-46730,P-SW-3001,New York/New Jersey,London Heathrow Airport,4,air,FD-CARGO-784,N/A,approaching London Heathrow Airport,2026-05-22T21:36Z,LHRGB,LOW,0.1,CR-FDXA,L-USNYC-LHRGB,11409.0,15.2,1884.0,DDU,9,standard,2026-05-21T12:00Z,1.4,,2026-05-22T15:36Z
S-701009,ORD-47671,P-EL-9101,Yantian,Hamburg,11,ocean,MV BALTIC SPIRIT,9309322,in transit,2026-06-09T09:36Z,DEHAM,HIGH,3.2,CR-CMDU,L-CNYTN-DEHAM,9951.0,28.6,9140.0,FOB,none,standard,2026-06-09T12:00Z,-0.1,,2026-06-06T22:36Z
S-701010,ORD-46877,P-EL-9001,Jebel Ali (Dubai),Rotterdam,10,ocean,MV CALEDONIAN GUARDIAN,9443229,Rotterdam approach,2026-06-02T21:36Z,NLRTM,LOW,0.4,CR-KNES,L-AEDXB-NLRTM,23255.0,21.3,155993.0,EXW,none,standard,2026-06-02T12:00Z,0.4,vessel_change,2026-06-02T20:36Z
S-701011,ORD-47987,P-PW-1850,Rotterdam,New York/New Jersey,31,ocean,MV NORDIC TRADER,9259056,79 nm from New York/New Jersey,2026-05-26T14:24Z,USNYC,MEDIUM,1.6,CR-PILU,L-NLRTM-USNYC,21902.0,15.1,2196.0,DAP,9,standard,2026-05-23T12:00Z,3.1,,2026-05-26T09:24Z
S-701012,ORD-44070,P-SN-5001,Frankfurt am Main Airport,Shanghai,36,air,AF-CARGO-940,N/A,approaching Shanghai,2026-05-20T02:24Z,CNSHA,MEDIUM,1.3,CR-AFKA,L-DEFRA-CNSHA,5156.0,57.3,1522.0,DDP,none,economy,2026-05-20T12:00Z,-0.4,,2026-05-18T23:24Z
S-701013,ORD-47155,P-MC-7101,Qingdao,Le Havre,23,ocean,MV NORDIC GLORY,9346916,Le Havre approach,2026-06-27T09:36Z,FRLEH,MEDIUM,1.0,CR-MAEU,L-CNQIN-FRLEH,11229.0,32.4,9301.0,DAP,none,standard,2026-06-26T12:00Z,0.9,,2026-06-24T19:36Z
S-701014,ORD-46830,P-EL-9001,Shanghai,Düsseldorf Rail Terminal,22,rail,DB SCH-8384,N/A,Düsseldorf Rail Terminal approach,2026-06-06T12:00Z,DEDUS,LOW,0.2,CR-DBSC,L-CNSHA-DEDUS,16923.0,11.8,1234.0,CIF,none,premium,2026-06-04T12:00Z,2.0,,2026-06-03T23:00Z
S-701015,ORD-49357,P-SN-5001,Tianjin,Łódź Rail Terminal,31,rail,DB SCH-8951,N/A,in transit,2026-05-28T19:12Z,PLLDZ,LOW,0.2,CR-DBSC,L-CNTAO-PLLDZ,17751.0,39.3,2041.0,DAP,8,standard,2026-05-28T12:00Z,0.3,vessel_change,2026-05-26T21:12Z
S-701016,ORD-48730,P-EL-9001,Valencia,Veracruz,36,ocean,MV NORDIC PIONEER,9484437,33 nm from Veracruz,2026-06-02T07:12Z,MXVER,MEDIUM,1.3,CR-KNES,L-ESVLC-MXVER,19735.0,40.5,6540.0,EXW,none,premium,2026-05-31T12:00Z,1.8,,2026-06-01T08:12Z
S-701017,ORD-44984,P-MC-7101,Tianjin,Łódź Rail Terminal,34,rail,DB SCH-4655,N/A,in transit,2026-06-01T16:48Z,PLLDZ,LOW,0.2,CR-DBSC,L-CNTAO-PLLDZ,16228.0,58.2,1346.0,DDP,3,premium,2026-06-02T12:00Z,-0.8,customs_hold,2026-05-30T19:48Z
S-701018,ORD-49973,P-SN-5001,Shanghai,New York/New Jersey,26,ocean,MV ASIAN GUARDIAN,9613766,in transit,2026-06-20T09:36Z,USNYC,MEDIUM,1.6,CR-MAEU,L-CNSHA-USNYC,5086.0,3.5,4958.0,EXW,none,standard,2026-06-19T12:00Z,0.9,,2026-06-20T03:36Z
S-701019,ORD-46346,P-MC-7200,Rotterdam,New York/New Jersey,16,ocean,MV ARCTIC EXPRESS,9937547,off Rotterdam,2026-05-24T16:48Z,USNYC,MEDIUM,1.6,CR-ONEY,L-NLRTM-USNYC,6163.0,37.8,110258.0,CIF,none,standard,2026-05-22T12:00Z,2.2,,2026-05-24T04:48Z
S-701020,ORD-47764,P-PK-4501,Hamburg,Genoa,34,road,XPO LO-6575,N/A,approaching Genoa,2026-05-20T12:00Z,ITGOA,MEDIUM,1.2,CR-XPOT,L-DEHAM-ITGOA,10277.0,12.2,47874.0,DDP,none,standard,2026-05-22T12:00Z,-2.0,,2026-05-19T10:00Z
S-701021,ORD-48007,P-EL-9003,Chicago O'Hare Airport,Hong Kong,29,air,QT-CARGO-936,N/A,in transit,2026-05-24T19:12Z,HKHKG,LOW,0.8,CR-QTRA,L-USORD-HKHKG,25342.0,1.4,9913.0,DDP,none,standard,2026-05-20T12:00Z,4.3,vessel_change,2026-05-23T22:12Z
S-701022,ORD-45892,P-PK-4500,Shanghai,Hamburg,29,ocean,MV ARCTIC PIONEER,9885681,off Shanghai,2026-05-26T12:00Z,DEHAM,HIGH,3.2,CR-COSU,L-CNSHA-DEHAM,5023.0,53.1,109.0,DDP,none,standard,2026-05-26T12:00Z,-0.0,,2026-05-26T05:00Z
S-701023,ORD-47659,P-PK-4500,Nhava Sheva,Rotterdam,34,ocean,MV IBERIAN STAR,9689823,in transit,2026-06-11T00:00Z,NLRTM,LOW,0.4,CR-HLCU,L-INNSA-NLRTM,15887.0,29.3,4010.0,DAP,none,premium,2026-06-12T12:00Z,-1.5,,2026-06-08T06:00Z
S-701024,ORD-48854,P-MC-7101,Tianjin,Hamburg,15,ocean,MV CALEDONIAN VICTORY,9203203,102 nm from Hamburg,2026-06-19T14:24Z,DEHAM,HIGH,3.2,CR-ZIMU,L-CNTAO-DEHAM,8894.0,27.8,7656.0,FOB,none,standard,2026-06-20T12:00Z,-0.9,,2026-06-19T13:24Z
S-701025,ORD-48068,P-CH-2210,Yantian,Callao (Lima),5,ocean,MV TROPIC EXPRESS,9552325,138 nm from Callao (Lima),2026-05-23T02:24Z,PEMRI,LOW,0.9,CR-YMLU,L-CNYTN-PEMRI,13686.0,2.9,5470.0,DAP,none,premium,2026-05-20T12:00Z,2.6,customs_hold,2026-05-20T17:24Z
S-701026,ORD-47783,P-EL-9001,Chicago O'Hare Airport,Hong Kong,36,air,QT-CARGO-375,N/A,Hong Kong approach,2026-05-26T14:24Z,HKHKG,LOW,0.8,CR-QTRA,L-USORD-HKHKG,5854.0,20.5,141.0,DAP,8,premium,2026-05-24T12:00Z,2.1,,2026-05-25T03:24Z
S-701027,ORD-44143,P-SW-3002,Shanghai,Hamburg,11,ocean,MV ASIAN EXPRESS,9406465,Hamburg approach,2026-06-12T07:12Z,DEHAM,HIGH,3.2,CR-MAEU,L-CNSHA-DEHAM,1176.0,32.0,2622.0,CIF,none,standard,2026-06-13T12:00Z,-1.2,,2026-06-11T23:12Z
S-701028,ORD-48134,P-SW-3001,Hong Kong,Oakland,33,ocean,MV ATLANTIC TRADER,9205193,approaching Oakland,2026-05-30T00:00Z,USOAK,MEDIUM,1.4,CR-YMLU,L-HKHKG-USOAK,24559.0,44.5,5404.0,DAP,none,premium,2026-05-28T12:00Z,1.5,,2026-05-27T15:00Z
S-701029,ORD-44095,P-EL-9002,Jebel Ali (Dubai),Frankfurt am Main Airport,25,air,AF-CARGO-337,N/A,in transit,2026-05-20T09:36Z,DEFRA,LOW,0.1,CR-AFKA,L-AEDXB-DEFRA,1951.0,31.5,344.0,FOB,none,premium,2026-05-21T12:00Z,-1.1,,2026-05-19T09:36Z
S-701030,ORD-49178,P-EL-9001,Tokyo,Vancouver,35,ocean,MV CALEDONIAN GUARDIAN,9750874,Vancouver approach,2026-05-21T00:00Z,CASOG,LOW,0.6,CR-CMDU,L-JPTYO-CASOG,11617.0,9.1,21588.0,EXW,8,standard,2026-05-20T12:00Z,0.5,,2026-05-19T10:00Z
S-701031,ORD-45630,P-PK-4500,Shanghai,Düsseldorf Rail Terminal,2,rail,DB SCH-1903,N/A,159 nm from Düsseldorf Rail Terminal,2026-05-29T00:00Z,DEDUS,LOW,0.2,CR-DBSC,L-CNSHA-DEDUS,25670.0,45.2,20526.0,FOB,8,standard,2026-05-28T12:00Z,0.5,,2026-05-26T01:00Z
S-701032,ORD-47358,P-SW-3002,Rotterdam,Santos,31,ocean,MV IBERIAN GUARDIAN,9181962,in transit,2026-05-23T14:24Z,BRSSZ,MEDIUM,1.7,CR-DSVS,L-NLRTM-BRSSZ,22300.0,56.3,1668.0,EXW,3,premium,2026-05-23T12:00Z,0.1,,2026-05-21T00:24Z
S-701033,ORD-49963,P-EL-9003,Shanghai,New York/New Jersey,16,ocean,MV IBERIAN GLORY,9238431,off Shanghai,2026-05-26T04:48Z,USNYC,MEDIUM,1.6,CR-HMMU,L-CNSHA-USNYC,7192.0,23.5,32765.0,DDP,none,standard,2026-05-23T12:00Z,2.7,,2026-05-26T00:48Z
S-701034,ORD-48947,P-EL-9003,Shanghai,Rotterdam,1,ocean,MV NORDIC CRYSTAL,9754699,in transit,2026-06-06T09:36Z,NLRTM,LOW,0.4,CR-MSCU,L-CNSHA-NLRTM,14784.0,16.1,29563.0,DDU,3,premium,2026-06-07T12:00Z,-1.1,damage,2026-06-03T09:36Z
S-701035,ORD-46782,P-CH-2211,Hamburg,Santos,34,ocean,MV CALEDONIAN STAR,9980276,125 nm from Santos,2026-05-23T19:12Z,BRSSZ,MEDIUM,1.7,CR-KNES,L-DEHAM-BRSSZ,1024.0,39.5,1566.0,DAP,none,standard,2026-05-23T12:00Z,0.3,,2026-05-21T15:12Z
S-701036,ORD-49218,P-PW-1850,Hong Kong,Oakland,16,ocean,MV ASIAN STAR,9664070,in transit,2026-05-19T12:00Z,USOAK,MEDIUM,1.4,CR-YMLU,L-HKHKG-USOAK,6729.0,35.9,23641.0,DDU,9,standard,2026-05-20T12:00Z,-1.0,delayed,2026-05-19T06:00Z
S-701037,ORD-45473,P-SW-3001,Hong Kong,Frankfurt am Main Airport,3,air,EK-CARGO-114,N/A,83 nm from Frankfurt am Main Airport,2026-05-24T07:12Z,DEFRA,LOW,0.1,CR-EKCA,L-HKHKG-DEFRA,2380.0,59.5,442.0,EXW,8,standard,2026-05-22T12:00Z,1.8,,2026-05-21T18:12Z
S-701038,ORD-46013,P-MC-7101,Tianjin,Łódź Rail Terminal,4,rail,DB SCH-5560,N/A,in transit,2026-05-22T12:00Z,PLLDZ,LOW,0.2,CR-DBSC,L-CNTAO-PLLDZ,3220.0,59.5,371.0,FOB,none,economy,2026-05-21T12:00Z,1.0,customs_hold,2026-05-20T11:00Z
S-701039,ORD-47875,P-EL-9102,Shanghai,Rotterdam,17,ocean,MV IBERIAN SPIRIT,9297384,off Shanghai,2026-06-04T09:36Z,NLRTM,LOW,0.4,CR-COSU,L-CNSHA-NLRTM,21682.0,27.3,206.0,CIF,3,premium,2026-06-03T12:00Z,0.9,,2026-06-01T19:36Z
S-701040,ORD-44856,P-EL-9002,Ningbo,Rotterdam,19,ocean,MV CALEDONIAN GLORY,9843363,approaching Rotterdam,2026-05-30T21:36Z,NLRTM,LOW,0.4,CR-ZIMU,L-CNNGB-NLRTM,15900.0,27.9,62278.0,EXW,none,premium,2026-06-01T12:00Z,-1.6,,2026-05-30T12:36Z
S-701041,ORD-48094,P-PW-1850,Yantian,Callao (Lima),5,ocean,MV IBERIAN BREEZE,9586707,195 nm from Callao (Lima),2026-06-04T04:48Z,PEMRI,LOW,0.9,CR-MAEU,L-CNYTN-PEMRI,12345.0,18.3,220.0,EXW,none,premium,2026-06-03T12:00Z,0.7,,2026-06-01T16:48Z
S-701042,ORD-48749,P-MC-7200,Rotterdam,New York/New Jersey,12,ocean,MV ASIAN BREEZE,9166332,approaching New York/New Jersey,2026-06-06T04:48Z,USNYC,MEDIUM,1.6,CR-MAEU,L-NLRTM-USNYC,3407.0,54.9,7812.0,EXW,none,premium,2026-06-02T12:00Z,3.7,,2026-06-04T15:48Z
S-701043,ORD-46431,P-MC-7200,Tianjin,Hamburg,6,ocean,MV ARCTIC EXPRESS,9445383,off Tianjin,2026-05-25T09:36Z,DEHAM,HIGH,3.2,CR-MAEU,L-CNTAO-DEHAM,6814.0,42.2,4550.0,FOB,3,standard,2026-05-25T12:00Z,-0.1,,2026-05-23T06:36Z
S-701044,ORD-44402,P-PW-1802,Shanghai,Hamburg,29,ocean,MV BALTIC PIONEER,9764849,off Shanghai,2026-06-03T04:48Z,DEHAM,HIGH,3.2,CR-HMMU,L-CNSHA-DEHAM,14927.0,43.5,1213.0,CIF,none,standard,2026-06-02T12:00Z,0.7,,2026-06-02T13:48Z
S-701045,ORD-48638,P-PK-4500,Busan,New York/New Jersey,32,ocean,MV CALEDONIAN VICTORY,9738340,New York/New Jersey approach,2026-06-18T12:00Z,USNYC,MEDIUM,1.6,CR-KNES,L-KRPUS-USNYC,21048.0,22.3,13143.0,DAP,none,premium,2026-06-17T12:00Z,1.0,,2026-06-18T03:00Z
S-701046,ORD-44771,P-EL-9002,Nhava Sheva,Rotterdam,33,ocean,MV CALEDONIAN CRYSTAL,9907600,off Nhava Sheva,2026-06-10T02:24Z,NLRTM,LOW,0.4,CR-MSCU,L-INNSA-NLRTM,8739.0,21.7,3084.0,EXW,9,premium,2026-06-08T12:00Z,1.6,,2026-06-08T16:24Z
S-701047,ORD-48891,P-CH-2230,Hamburg,Santos,8,ocean,MV IBERIAN TRADER,9205801,approaching Santos,2026-06-13T00:00Z,BRSSZ,MEDIUM,1.7,CR-CMDU,L-DEHAM-BRSSZ,252.0,15.7,2739.0,DDP,none,standard,2026-06-11T12:00Z,1.5,,2026-06-10T01:00Z
S-701048,ORD-46709,P-MC-7200,Singapore,Frankfurt am Main Airport,10,air,DH-CARGO-643,N/A,in transit,2026-05-26T14:24Z,DEFRA,LOW,0.1,CR-DHLA,L-SGSIN-DEFRA,9909.0,52.6,14220.0,DAP,8,standard,2026-05-24T12:00Z,2.1,,2026-05-24T01:24Z
S-701049,ORD-48373,P-CH-2230,Hong Kong,Frankfurt am Main Airport,2,air,CX-CARGO-992,N/A,off Hong Kong,2026-05-21T19:12Z,DEFRA,LOW,0.1,CR-CXCA,L-HKHKG-DEFRA,1898.0,56.9,723.0,DDU,3,standard,2026-05-20T12:00Z,1.3,,2026-05-20T18:12Z
S-701050,ORD-48330,P-EL-9102,Shanghai,Rotterdam,11,ocean,MV CALEDONIAN STAR,9262359,off Shanghai,2026-05-27T21:36Z,NLRTM,LOW,0.4,CR-YMLU,L-CNSHA-NLRTM,16398.0,22.9,146.0,FOB,none,standard,2026-05-28T12:00Z,-0.6,,2026-05-27T00:36Z
S-701051,ORD-48471,P-SW-3001,Tokyo,Vancouver,7,ocean,MV IBERIAN VICTORY,9745312,approaching Vancouver,2026-06-01T04:48Z,CASOG,LOW,0.6,CR-COSU,L-JPTYO-CASOG,7951.0,19.7,725.0,FOB,none,standard,2026-05-26T12:00Z,5.7,port_congestion,2026-05-29T11:48Z
S-701052,ORD-44621,P-MC-7102,Qingdao,Le Havre,31,ocean,MV CALEDONIAN STAR,9777202,51 nm from Le Havre,2026-06-12T00:00Z,FRLEH,MEDIUM,1.0,CR-HLCU,L-CNQIN-FRLEH,4293.0,2.3,287.0,CIF,none,premium,2026-06-12T12:00Z,-0.5,,2026-06-09T20:00Z
S-701053,ORD-48607,P-PW-1802,Singapore,Frankfurt am Main Airport,13,air,FD-CARGO-439,N/A,29 nm from Frankfurt am Main Airport,2026-05-24T14:24Z,DEFRA,LOW,0.1,CR-FDXA,L-SGSIN-DEFRA,23760.0,0.9,871.0,CIF,8,premium,2026-05-23T12:00Z,1.1,,2026-05-22T13:24Z
S-701054,ORD-49976,P-SN-5001,Yantian,Callao (Lima),4,ocean,MV ARCTIC SPIRIT,9544708,in transit,2026-05-23T02:24Z,PEMRI,LOW,0.9,CR-KNES,L-CNYTN-PEMRI,3462.0,9.4,25979.0,EXW,none,standard,2026-05-22T12:00Z,0.6,port_congestion,2026-05-22T11:24Z
S-701055,ORD-49517,P-EL-9002,Jebel Ali (Dubai),Frankfurt am Main Airport,12,air,CX-CARGO-212,N/A,in transit,2026-05-20T02:24Z,DEFRA,LOW,0.1,CR-CXCA,L-AEDXB-DEFRA,18095.0,20.3,1072.0,DDP,none,premium,2026-05-20T12:00Z,-0.4,,2026-05-18T06:24Z
S-701056,ORD-45921,P-SW-3002,Shanghai,Düsseldorf Rail Terminal,33,rail,DB SCH-3106,N/A,off Shanghai,2026-06-08T19:12Z,DEDUS,LOW,0.2,CR-DBSC,L-CNSHA-DEDUS,12651.0,41.6,106.0,CIF,none,premium,2026-06-07T12:00Z,1.3,,2026-06-05T19:12Z
S-701057,ORD-44140,P-EL-9002,New York/New Jersey,London Heathrow Airport,2,air,QT-CARGO-849,N/A,off New York/New Jersey,2026-05-25T07:12Z,LHRGB,LOW,0.1,CR-QTRA,L-USNYC-LHRGB,1999.0,28.4,25704.0,DDU,none,premium,2026-05-23T12:00Z,1.8,vessel_change,2026-05-22T19:12Z
S-701058,ORD-46000,P-CH-2211,Hamburg,Genoa,17,road,DACHSE-6157,N/A,off Hamburg,2026-05-18T12:00Z,ITGOA,MEDIUM,1.2,CR-DACH,L-DEHAM-ITGOA,6676.0,1.7,41318.0,DDP,none,standard,2026-05-20T12:00Z,-2.0,,2026-05-17T22:00Z
S-701059,ORD-49174,P-MC-7200,Singapore,Rotterdam,21,ocean,MV NORDIC GUARDIAN,9949118,in transit,2026-06-05T14:24Z,NLRTM,LOW,0.4,CR-WHLU,L-SGSIN-NLRTM,13696.0,51.0,779.0,CIF,none,economy,2026-06-02T12:00Z,3.1,,2026-06-04T14:24Z
S-701060,ORD-45058,P-PK-4501,Yantian,Los Angeles,12,ocean,MV ARCTIC GUARDIAN,9122361,in transit,2026-05-31T16:48Z,USLAX,HIGH,2.6,CR-ONEY,L-CNYTN-USLAX,3354.0,0.6,731.0,EXW,none,economy,2026-05-31T12:00Z,0.2,delayed,2026-05-30T05:48Z
S-701061,ORD-46608,P-CH-2210,Yantian,Frankfurt am Main Airport,35,air,QT-CARGO-220,N/A,33 nm from Frankfurt am Main Airport,2026-05-23T19:12Z,DEFRA,LOW,0.1,CR-QTRA,L-CNYTN-DEFRA,6625.0,25.2,46413.0,DDU,3,standard,2026-05-24T12:00Z,-0.7,,2026-05-21T12:12Z
S-701062,ORD-47285,P-MC-7102,Tianjin,Hamburg,11,ocean,MV BALTIC CRYSTAL,9783847,60 nm from Hamburg,2026-07-01T09:36Z,DEHAM,HIGH,3.2,CR-EGLV,L-CNTAO-DEHAM,24148.0,37.7,39338.0,CIF,none,premium,2026-06-29T12:00Z,1.9,,2026-06-30T14:36Z
S-701063,ORD-47021,P-SW-3002,Nhava Sheva,Rotterdam,5,ocean,MV IBERIAN VICTORY,9510501,142 nm from Rotterdam,2026-06-12T12:00Z,NLRTM,LOW,0.4,CR-HMMU,L-INNSA-NLRTM,15060.0,20.3,116.0,CIF,none,economy,2026-06-12T12:00Z,0.0,,2026-06-11T18:00Z
S-701064,ORD-46774,P-EL-9001,Antwerp,New York/New Jersey,17,ocean,MV NIPPON TRADER,9406020,31 nm from New York/New Jersey,2026-05-30T09:36Z,USNYC,MEDIUM,1.6,CR-HLCU,L-BEANR-USNYC,7853.0,14.5,5764.0,DDP,none,standard,2026-05-24T12:00Z,5.9,customs_hold,2026-05-28T02:36Z
S-701065,ORD-49296,P-PK-4501,New York/New Jersey,London Heathrow Airport,12,air,CX-CARGO-399,N/A,approaching London Heathrow Airport,2026-05-22T21:36Z,LHRGB,LOW,0.1,CR-CXCA,L-USNYC-LHRGB,2763.0,32.4,6922.0,DDU,9,premium,2026-05-21T12:00Z,1.4,,2026-05-22T01:36Z
S-701066,ORD-45971,P-SW-3001,Busan,New York/New Jersey,3,ocean,MV ARCTIC SPIRIT,9288202,193 nm from New York/New Jersey,2026-05-24T12:00Z,USNYC,MEDIUM,1.6,CR-DSVS,L-KRPUS-USNYC,2845.0,27.6,488.0,FOB,none,standard,2026-05-22T12:00Z,2.0,,2026-05-21T23:00Z
S-701067,ORD-48057,P-CH-2211,Nhava Sheva,Rotterdam,1,ocean,MV IBERIAN GLORY,9195299,approaching Rotterdam,2026-05-27T02:24Z,NLRTM,LOW,0.4,CR-MAEU,L-INNSA-NLRTM,539.0,53.2,22872.0,CIF,none,standard,2026-05-26T12:00Z,0.6,,2026-05-24T15:24Z
S-701068,ORD-47989,P-EL-9001,Shanghai,Düsseldorf Rail Terminal,14,rail,DB SCH-5819,N/A,in transit,2026-06-05T14:24Z,DEDUS,LOW,0.2,CR-DBSC,L-CNSHA-DEDUS,20960.0,27.6,730.0,DAP,8,standard,2026-06-06T12:00Z,-0.9,,2026-06-05T11:24Z
S-701069,ORD-45169,P-SW-3002,Hong Kong,Rotterdam,14,ocean,MV ATLANTIC BREEZE,9165630,Rotterdam approach,2026-06-09T02:24Z,NLRTM,LOW,0.4,CR-HLCU,L-HKHKG-NLRTM,24540.0,4.6,2362.0,EXW,3,premium,2026-06-08T12:00Z,0.6,customs_hold,2026-06-08T12:24Z
S-701070,ORD-44085,P-EL-9003,Genoa,Charleston,23,ocean,MV BALTIC BREEZE,9954582,169 nm from Charleston,2026-05-23T16:48Z,USCHS,LOW,0.7,CR-DSVS,L-ITGOA-USCHS,23931.0,1.0,16534.0,DDP,8,standard,2026-05-21T12:00Z,2.2,,2026-05-22T15:48Z
S-701071,ORD-45824,P-MC-7101,Singapore,Rotterdam,22,ocean,MV NIPPON BREEZE,9688590,approaching Rotterdam,2026-06-11T00:00Z,NLRTM,LOW,0.4,CR-WHLU,L-SGSIN-NLRTM,12285.0,4.4,10368.0,DDU,none,standard,2026-06-11T12:00Z,-0.5,,2026-06-09T16:00Z
S-701072,ORD-48205,P-PW-1802,Tianjin,Łódź Rail Terminal,34,rail,DB SCH-5397,N/A,off Tianjin,2026-05-30T12:00Z,PLLDZ,LOW,0.2,CR-DBSC,L-CNTAO-PLLDZ,23337.0,21.0,622.0,DDP,8,premium,2026-06-01T12:00Z,-2.0,,2026-05-29T20:00Z
S-701073,ORD-46991,P-SW-3002,Jebel Ali (Dubai),Rotterdam,16,ocean,MV PACIFIC EXPRESS,9461691,off Jebel Ali (Dubai),2026-06-04T02:24Z,NLRTM,LOW,0.4,CR-WHLU,L-AEDXB-NLRTM,24575.0,35.4,115.0,CIF,none,standard,2026-06-05T12:00Z,-1.4,port_congestion,2026-06-02T20:24Z
S-701074,ORD-48454,P-PK-4501,Hamburg,Genoa,31,road,XPO LO-8918,N/A,in transit,2026-05-23T04:48Z,ITGOA,MEDIUM,1.2,CR-XPOT,L-DEHAM-ITGOA,17688.0,26.2,3764.0,DDU,none,premium,2026-05-23T12:00Z,-0.3,,2026-05-23T00:48Z
S-701075,ORD-45987,P-PW-1850,Hamburg,Genoa,30,road,XPO LO-3448,N/A,133 nm from Genoa,2026-05-28T14:24Z,ITGOA,MEDIUM,1.2,CR-XPOT,L-DEHAM-ITGOA,2630.0,27.9,12587.0,DDP,none,standard,2026-05-24T12:00Z,4.1,delayed,2026-05-28T11:24Z
S-701076,ORD-44878,P-SW-3002,Tianjin,Łódź Rail Terminal,31,rail,DB SCH-6727,N/A,Łódź Rail Terminal approach,2026-05-21T00:00Z,PLLDZ,LOW,0.2,CR-DBSC,L-CNTAO-PLLDZ,15393.0,57.1,230.0,DDU,3,standard,2026-05-21T12:00Z,-0.5,,2026-05-19T22:00Z
S-701077,ORD-46161,P-MC-7200,Tianjin,Hamburg,35,ocean,MV NORDIC CRYSTAL,9418644,approaching Hamburg,2026-06-16T12:00Z,DEHAM,HIGH,3.2,CR-ZIMU,L-CNTAO-DEHAM,23950.0,18.4,3209.0,CIF,none,standard,2026-06-14T12:00Z,2.0,,2026-06-13T17:00Z
S-701078,ORD-48451,P-CH-2230,Mundra,Felixstowe,32,ocean,MV PACIFIC CRYSTAL,9168558,off Mundra,2026-05-25T09:36Z,GBFXT,MEDIUM,0.9,CR-HLCU,L-INMUN-GBFXT,11485.0,7.1,14962.0,DDP,none,standard,2026-05-23T12:00Z,1.9,,2026-05-22T15:36Z
S-701079,ORD-47949,P-MC-7200,Hong Kong,Rotterdam,9,ocean,MV IBERIAN CRYSTAL,9745634,Rotterdam approach,2026-05-29T14:24Z,NLRTM,LOW,0.4,CR-MSCU,L-HKHKG-NLRTM,12075.0,22.9,2686.0,DDU,none,standard,2026-05-29T12:00Z,0.1,,2026-05-29T05:24Z
S-701080,ORD-45234,P-CH-2230,Shanghai,Hamburg,26,ocean,MV NORDIC TRADER,9238568,199 nm from Hamburg,2026-06-13T04:48Z,DEHAM,HIGH,3.2,CR-HLCU,L-CNSHA-DEHAM,2358.0,26.6,18604.0,EXW,none,standard,2026-06-11T12:00Z,1.7,,2026-06-10T08:48Z
S-701081,ORD-44077,P-MC-7101,Yantian,Los Angeles,24,ocean,MV IBERIAN BREEZE,9192948,in transit,2026-05-25T21:36Z,USLAX,HIGH,2.6,CR-ONEY,L-CNYTN-USLAX,13617.0,5.1,15873.0,DDP,none,premium,2026-05-23T12:00Z,2.4,delayed,2026-05-23T14:36Z
S-701082,ORD-45959,P-EL-9102,Hamburg,Durban,24,ocean,MV IBERIAN EXPRESS,9693013,Durban approach,2026-05-28T00:00Z,ZADUR,MEDIUM,1.5,CR-ONEY,L-DEHAM-ZADUR,2246.0,40.9,613.0,EXW,8,premium,2026-05-27T12:00Z,0.5,,2026-05-27T18:00Z
S-701083,ORD-46926,P-PW-1801,Genoa,Charleston,26,ocean,MV NORDIC VICTORY,9951536,approaching Charleston,2026-06-02T21:36Z,USCHS,LOW,0.7,CR-PILU,L-ITGOA-USCHS,20128.0,13.3,435.0,DAP,none,premium,2026-06-03T12:00Z,-0.6,,2026-06-02T15:36Z
S-701084,ORD-46164,P-EL-9102,Nhava Sheva,Rotterdam,7,ocean,MV CALEDONIAN VICTORY,9403385,off Nhava Sheva,2026-06-10T19:12Z,NLRTM,LOW,0.4,CR-PILU,L-INNSA-NLRTM,20239.0,33.3,20.0,DAP,none,standard,2026-06-09T12:00Z,1.3,,2026-06-10T04:12Z
S-701085,ORD-44836,P-PK-4501,Hamburg,Genoa,11,road,XPO LO-1331,N/A,in transit,2026-05-22T12:00Z,ITGOA,MEDIUM,1.2,CR-XPOT,L-DEHAM-ITGOA,9759.0,56.9,1347.0,FOB,none,premium,2026-05-24T12:00Z,-2.0,,2026-05-20T05:00Z
S-701086,ORD-45177,P-EL-9101,Busan,Los Angeles,16,ocean,MV PACIFIC BREEZE,9341485,Los Angeles approach,2026-06-09T16:48Z,USLAX,HIGH,2.6,CR-DSVS,L-KRPUS-USLAX,18921.0,25.9,902.0,FOB,3,standard,2026-06-06T12:00Z,3.2,,2026-06-07T20:48Z
S-701087,ORD-46933,P-PK-4500,Singapore,Felixstowe,9,ocean,MV IBERIAN GUARDIAN,9399207,off Singapore,2026-05-24T00:00Z,GBFXT,MEDIUM,0.9,CR-HLCU,L-SGSIN-GBFXT,15742.0,34.1,1297.0,DDU,none,standard,2026-05-23T12:00Z,0.5,,2026-05-22T22:00Z
S-701088,ORD-44269,P-PW-1850,Genoa,Charleston,13,ocean,MV NORDIC TRADER,9314815,off Genoa,2026-05-23T04:48Z,USCHS,LOW,0.7,CR-HLCU,L-ITGOA-USCHS,13131.0,49.6,6244.0,EXW,none,economy,2026-05-24T12:00Z,-1.3,,2026-05-22T16:48Z
S-701089,ORD-49443,P-SN-5001,Busan,Los Angeles,26,ocean,MV CALEDONIAN PIONEER,9278191,Los Angeles approach,2026-06-09T02:24Z,USLAX,HIGH,2.6,CR-ONEY,L-KRPUS-USLAX,13366.0,40.2,118.0,FOB,none,standard,2026-06-02T12:00Z,6.6,vessel_change,2026-06-07T08:24Z
S-701090,ORD-44132,P-SW-3002,Salalah,Rotterdam,30,ocean,MV ASIAN TRADER,9157513,Rotterdam approach,2026-05-23T04:48Z,NLRTM,LOW,0.4,CR-PILU,L-OMSLL-NLRTM,12874.0,15.1,85235.0,DDP,none,economy,2026-05-20T12:00Z,2.7,,2026-05-20T07:48Z
S-701091,ORD-47612,P-PW-1801,Hong Kong,Rotterdam,34,ocean,MV ASIAN STAR,9374040,Rotterdam approach,2026-06-11T09:36Z,NLRTM,LOW,0.4,CR-CMDU,L-HKHKG-NLRTM,18418.0,20.0,2769.0,DDU,none,economy,2026-06-11T12:00Z,-0.1,delayed,2026-06-09T08:36Z
S-701092,ORD-45258,P-PW-1801,Frankfurt am Main Airport,Shanghai,16,air,AF-CARGO-962,N/A,off Frankfurt am Main Airport,2026-05-21T12:00Z,CNSHA,MEDIUM,1.3,CR-AFKA,L-DEFRA-CNSHA,13376.0,39.2,1538.0,DAP,3,economy,2026-05-21T12:00Z,-0.0,,2026-05-21T11:00Z
S-701093,ORD-46013,P-PK-4500,Yantian,Callao (Lima),17,ocean,MV ATLANTIC GLORY,9399954,Callao (Lima) approach,2026-06-06T12:00Z,PEMRI,LOW,0.9,CR-MSCU,L-CNYTN-PEMRI,21745.0,32.1,174.0,CIF,3,standard,2026-06-05T12:00Z,1.0,,2026-06-04T02:00Z
S-701094,ORD-44352,P-CH-2210,Jebel Ali (Dubai),Frankfurt am Main Airport,26,air,QT-CARGO-569,N/A,off Jebel Ali (Dubai),2026-05-23T12:00Z,DEFRA,LOW,0.1,CR-QTRA,L-AEDXB-DEFRA,6673.0,13.8,251.0,DDP,none,premium,2026-05-22T12:00Z,1.0,,2026-05-22T06:00Z
S-701095,ORD-44821,P-MC-7101,Mundra,Felixstowe,9,ocean,MV PACIFIC EXPRESS,9520002,approaching Felixstowe,2026-06-06T12:00Z,GBFXT,MEDIUM,0.9,CR-MSCU,L-INMUN-GBFXT,16940.0,18.7,5384.0,EXW,none,economy,2026-06-05T12:00Z,1.0,,2026-06-05T10:00Z
S-701096,ORD-45413,P-EL-9003,Hamburg,Genoa,27,road,DACHSE-5099,N/A,approaching Genoa,2026-05-29T14:24Z,ITGOA,MEDIUM,1.2,CR-DACH,L-DEHAM-ITGOA,22333.0,9.9,3148.0,DDU,none,premium,2026-05-25T12:00Z,4.1,damage,2026-05-26T17:24Z
S-701097,ORD-47273,P-MC-7200,Los Angeles,Sydney Kingsford Smith Airport,31,air,FD-CARGO-787,N/A,off Los Angeles,2026-05-23T19:12Z,AUSYD,LOW,0.1,CR-FDXA,L-USLAX-AUSYD,9201.0,46.3,701.0,EXW,none,premium,2026-05-23T12:00Z,0.3,,2026-05-22T22:12Z
S-701098,ORD-45926,P-CH-2211,Singapore,Frankfurt am Main Airport,11,air,DH-CARGO-799,N/A,approaching Frankfurt am Main Airport,2026-05-24T21:36Z,DEFRA,LOW,0.1,CR-DHLA,L-SGSIN-DEFRA,19184.0,16.1,1625.0,DAP,9,standard,2026-05-22T12:00Z,2.4,vessel_change,2026-05-23T02:36Z
S-701099,ORD-47419,P-SN-5001,Hamburg,Durban,11,ocean,MV NIPPON TRADER,9460794,Durban approach,2026-05-20T00:00Z,ZADUR,MEDIUM,1.5,CR-MAEU,L-DEHAM-ZADUR,4888.0,58.9,18539.0,DDP,none,economy,2026-05-20T12:00Z,-0.5,,2026-05-19T06:00Z
S-701100,ORD-48532,P-SN-5001,Frankfurt am Main Airport,Shanghai,11,air,UP-CARGO-936,N/A,in transit,2026-05-24T04:48Z,CNSHA,MEDIUM,1.3,CR-UPSA,L-DEFRA-CNSHA,9010.0,27.8,2854.0,DAP,3,standard,2026-05-23T12:00Z,0.7,,2026-05-24T00:48Z
S-701101,ORD-47312,P-EL-9003,Rotterdam,Santos,5,ocean,MV NIPPON EXPRESS,9742177,Santos approach,2026-05-31T19:12Z,BRSSZ,MEDIUM,1.7,CR-ZIMU,L-NLRTM-BRSSZ,7089.0,27.8,5865.0,EXW,none,standard,2026-06-01T12:00Z,-0.7,,2026-05-30T18:12Z
S-701102,ORD-45634,P-PW-1802,Singapore,Felixstowe,11,ocean,MV CALEDONIAN GUARDIAN,9752305,off Singapore,2026-05-25T19:12Z,GBFXT,MEDIUM,0.9,CR-CMDU,L-SGSIN-GBFXT,5093.0,35.2,8904.0,EXW,3,standard,2026-05-26T12:00Z,-0.7,,2026-05-23T23:12Z
S-701103,ORD-48772,P-CH-2230,Busan,New York/New Jersey,1,ocean,MV IBERIAN STAR,9225287,in transit,2026-06-21T14:24Z,USNYC,MEDIUM,1.6,CR-CMDU,L-KRPUS-USNYC,480.0,2.9,23008.0,DDP,none,standard,2026-06-21T12:00Z,0.1,port_congestion,2026-06-21T05:24Z
S-701104,ORD-47080,P-MC-7101,Singapore,Rotterdam,11,ocean,MV NORDIC GUARDIAN,9840628,off Singapore,2026-06-19T12:00Z,NLRTM,LOW,0.4,CR-WHLU,L-SGSIN-NLRTM,6743.0,29.5,422.0,DDP,8,standard,2026-06-19T12:00Z,0.0,,2026-06-17T04:00Z
S-701105,ORD-47553,P-MC-7100,Tianjin,Łódź Rail Terminal,32,rail,DB SCH-8199,N/A,in transit,2026-05-28T04:48Z,PLLDZ,LOW,0.2,CR-DBSC,L-CNTAO-PLLDZ,6806.0,5.2,6327.0,DDU,none,standard,2026-05-27T12:00Z,0.7,,2026-05-27T04:48Z
S-701106,ORD-45495,P-MC-7200,Chicago O'Hare Airport,Hong Kong,30,air,QT-CARGO-229,N/A,9 nm from Hong Kong,2026-05-24T16:48Z,HKHKG,LOW,0.8,CR-QTRA,L-USORD-HKHKG,7352.0,57.4,127.0,DDP,none,premium,2026-05-21T12:00Z,3.2,,2026-05-21T19:48Z
S-701107,ORD-47464,P-PW-1802,Hamburg,Santos,9,ocean,MV ARCTIC VICTORY,9511030,Santos approach,2026-06-09T07:12Z,BRSSZ,MEDIUM,1.7,CR-ZIMU,L-DEHAM-BRSSZ,23727.0,50.9,553.0,DDU,none,standard,2026-06-09T12:00Z,-0.2,,2026-06-07T16:12Z
S-701108,ORD-48293,P-SW-3001,Hong Kong,Rotterdam,28,ocean,MV TROPIC PIONEER,9656045,Rotterdam approach,2026-05-27T21:36Z,NLRTM,LOW,0.4,CR-COSU,L-HKHKG-NLRTM,24712.0,6.5,383.0,CIF,none,premium,2026-05-27T12:00Z,0.4,,2026-05-26T09:36Z
S-701109,ORD-45449,P-PW-1801,Busan,New York/New Jersey,34,ocean,MV PACIFIC GUARDIAN,9803450,off Busan,2026-05-27T14:24Z,USNYC,MEDIUM,1.6,CR-YMLU,L-KRPUS-USNYC,18478.0,7.7,39798.0,FOB,9,premium,2026-05-27T12:00Z,0.1,,2026-05-25T00:24Z
S-701110,ORD-49234,P-PK-4501,Yantian,Callao (Lima),17,ocean,MV IBERIAN STAR,9620432,in transit,2026-06-05T16:48Z,PEMRI,LOW,0.9,CR-KNES,L-CNYTN-PEMRI,23113.0,50.5,3567.0,DDU,none,premium,2026-06-06T12:00Z,-0.8,,2026-06-04T14:48Z
S-701111,ORD-47932,P-EL-9101,Hong Kong,Frankfurt am Main Airport,8,air,DH-CARGO-405,N/A,off Hong Kong,2026-05-24T04:48Z,DEFRA,LOW,0.1,CR-DHLA,L-HKHKG-DEFRA,16032.0,9.6,5333.0,DDP,none,standard,2026-05-24T12:00Z,-0.3,,2026-05-23T20:48Z
S-701112,ORD-46563,P-PW-1850,Hamburg,Durban,25,ocean,MV NIPPON GUARDIAN,9316101,Durban approach,2026-05-26T12:00Z,ZADUR,MEDIUM,1.5,CR-KNES,L-DEHAM-ZADUR,5646.0,29.0,1496.0,DAP,none,standard,2026-05-25T12:00Z,1.0,customs_hold,2026-05-25T02:00Z
S-701113,ORD-45572,P-MC-7102,Frankfurt am Main Airport,Shanghai,25,air,CX-CARGO-968,N/A,Shanghai approach,2026-05-21T04:48Z,CNSHA,MEDIUM,1.3,CR-CXCA,L-DEFRA-CNSHA,74.0,18.5,54977.0,CIF,none,standard,2026-05-21T12:00Z,-0.3,,2026-05-18T16:48Z
S-701114,ORD-44297,P-MC-7100,Yantian,Hamburg,23,ocean,MV TROPIC VICTORY,9282999,in transit,2026-06-05T21:36Z,DEHAM,HIGH,3.2,CR-HMMU,L-CNYTN-DEHAM,10173.0,56.9,6126.0,DAP,8,standard,2026-06-06T12:00Z,-0.6,,2026-06-04T08:36Z
S-701115,ORD-49379,P-EL-9101,Valencia,Veracruz,15,ocean,MV BALTIC GUARDIAN,9879255,38 nm from Veracruz,2026-05-30T09:36Z,MXVER,MEDIUM,1.3,CR-HMMU,L-ESVLC-MXVER,10629.0,49.5,9373.0,CIF,none,premium,2026-05-28T12:00Z,1.9,,2026-05-27T17:36Z
S-701116,ORD-48780,P-PW-1801,Shanghai,New York/New Jersey,1,ocean,MV CALEDONIAN STAR,9837912,New York/New Jersey approach,2026-06-04T09:36Z,USNYC,MEDIUM,1.6,CR-ZIMU,L-CNSHA-USNYC,2396.0,27.3,406.0,EXW,none,standard,2026-06-04T12:00Z,-0.1,port_congestion,2026-06-03T06:36Z
S-701117,ORD-49806,P-EL-9001,Tokyo,Vancouver,36,ocean,MV CALEDONIAN PIONEER,9212161,off Tokyo,2026-06-02T07:12Z,CASOG,LOW,0.6,CR-MAEU,L-JPTYO-CASOG,308.0,51.9,185981.0,DDP,8,premium,2026-05-31T12:00Z,1.8,,2026-06-01T00:12Z
S-701118,ORD-48500,P-EL-9102,Busan,Los Angeles,10,ocean,MV ATLANTIC SPIRIT,9194972,Los Angeles approach,2026-06-09T19:12Z,USLAX,HIGH,2.6,CR-DSVS,L-KRPUS-USLAX,3371.0,52.0,235.0,FOB,none,standard,2026-06-06T12:00Z,3.3,,2026-06-08T07:12Z
S-701119,ORD-47173,P-CH-2230,Frankfurt am Main Airport,Shanghai,24,air,DH-CARGO-851,N/A,54 nm from Shanghai,2026-05-22T14:24Z,CNSHA,MEDIUM,1.3,CR-DHLA,L-DEFRA-CNSHA,11500.0,19.1,11282.0,CIF,none,standard,2026-05-20T12:00Z,2.1,,2026-05-21T04:24Z
S-701120,ORD-49895,P-MC-7102,Valencia,Veracruz,24,ocean,MV PACIFIC BREEZE,9891411,119 nm from Veracruz,2026-05-29T16:48Z,MXVER,MEDIUM,1.3,CR-DSVS,L-ESVLC-MXVER,14651.0,58.5,10425.0,FOB,8,standard,2026-05-29T12:00Z,0.2,,2026-05-27T22:48Z
S-701121,ORD-47034,P-PK-4500,Hong Kong,Oakland,6,ocean,MV BALTIC VICTORY,9566775,Oakland approach,2026-06-07T00:00Z,USOAK,MEDIUM,1.4,CR-HMMU,L-HKHKG-USOAK,4051.0,23.3,49356.0,FOB,none,premium,2026-06-08T12:00Z,-1.5,,2026-06-06T05:00Z
S-701122,ORD-49977,P-EL-9102,Shanghai,Hamburg,22,ocean,MV TROPIC VICTORY,9893418,off Shanghai,2026-06-12T09:36Z,DEHAM,HIGH,3.2,CR-WHLU,L-CNSHA-DEHAM,149.0,58.4,50997.0,FOB,3,economy,2026-06-10T12:00Z,1.9,,2026-06-09T20:36Z
S-701123,ORD-47200,P-EL-9002,Valencia,Veracruz,32,ocean,MV BALTIC EXPRESS,9336377,off Valencia,2026-05-20T00:00Z,MXVER,MEDIUM,1.3,CR-WHLU,L-ESVLC-MXVER,25137.0,44.7,6667.0,DDU,none,standard,2026-05-20T12:00Z,-0.5,,2026-05-18T21:00Z
S-701124,ORD-47895,P-CH-2210,Hamburg,Genoa,32,road,XPO LO-4474,N/A,off Hamburg,2026-05-27T19:12Z,ITGOA,MEDIUM,1.2,CR-XPOT,L-DEHAM-ITGOA,18872.0,3.5,1889.0,DAP,3,premium,2026-05-22T12:00Z,5.3,vessel_change,2026-05-24T23:12Z
S-701125,ORD-49512,P-PW-1850,Shanghai,Düsseldorf Rail Terminal,21,rail,DB SCH-5782,N/A,Düsseldorf Rail Terminal approach,2026-06-02T16:48Z,DEDUS,LOW,0.2,CR-DBSC,L-CNSHA-DEDUS,1338.0,24.9,16078.0,FOB,none,premium,2026-06-01T12:00Z,1.2,,2026-06-02T13:48Z
S-701126,ORD-44931,P-PW-1802,Hamburg,Genoa,15,road,XPO LO-9739,N/A,off Hamburg,2026-05-26T04:48Z,ITGOA,MEDIUM,1.2,CR-XPOT,L-DEHAM-ITGOA,13854.0,59.8,6689.0,DAP,none,standard,2026-05-24T12:00Z,1.7,,2026-05-24T16:48Z
S-701127,ORD-45361,P-PW-1801,Salalah,Rotterdam,14,ocean,MV TROPIC CRYSTAL,9567627,approaching Rotterdam,2026-05-28T14:24Z,NLRTM,LOW,0.4,CR-KNES,L-OMSLL-NLRTM,4214.0,37.1,1879.0,FOB,3,economy,2026-05-30T12:00Z,-1.9,,2026-05-25T20:24Z
S-701128,ORD-45988,P-PW-1850,Qingdao,Le Havre,18,ocean,MV CALEDONIAN GUARDIAN,9764606,in transit,2026-05-23T14:24Z,FRLEH,MEDIUM,1.0,CR-MSCU,L-CNQIN-FRLEH,4209.0,58.3,420.0,FOB,9,standard,2026-05-23T12:00Z,0.1,,2026-05-21T18:24Z
S-701129,ORD-47663,P-PW-1801,Yantian,Callao (Lima),33,ocean,MV ATLANTIC SPIRIT,9991793,Callao (Lima) approach,2026-05-31T04:48Z,PEMRI,LOW,0.9,CR-PILU,L-CNYTN-PEMRI,16385.0,54.2,841.0,DDU,none,standard,2026-05-29T12:00Z,1.7,,2026-05-28T14:48Z
S-701130,ORD-44439,P-PW-1802,Rotterdam,Santos,10,ocean,MV IBERIAN VICTORY,9654474,127 nm from Santos,2026-06-12T19:12Z,BRSSZ,MEDIUM,1.7,CR-COSU,L-NLRTM-BRSSZ,8100.0,41.2,119091.0,FOB,9,standard,2026-06-11T12:00Z,1.3,,2026-06-09T21:12Z
S-701131,ORD-49232,P-PW-1801,Singapore,Frankfurt am Main Airport,24,air,QT-CARGO-457,N/A,in transit,2026-05-24T00:00Z,DEFRA,LOW,0.1,CR-QTRA,L-SGSIN-DEFRA,5911.0,16.3,11031.0,CIF,9,standard,2026-05-22T12:00Z,1.5,,2026-05-21T15:00Z
S-701132,ORD-46446,P-PK-4500,Mundra,Felixstowe,31,ocean,MV TROPIC BREEZE,9823008,47 nm from Felixstowe,2026-06-04T16:48Z,GBFXT,MEDIUM,0.9,CR-ONEY,L-INMUN-GBFXT,9769.0,27.3,679.0,DDU,none,premium,2026-06-02T12:00Z,2.2,,2026-06-03T08:48Z
S-701133,ORD-46855,P-MC-7100,Chicago O'Hare Airport,Hong Kong,15,air,EK-CARGO-469,N/A,119 nm from Hong Kong,2026-05-26T16:48Z,HKHKG,LOW,0.8,CR-EKCA,L-USORD-HKHKG,1043.0,39.5,761.0,DAP,none,standard,2026-05-23T12:00Z,3.2,,2026-05-24T10:48Z
S-701134,ORD-48096,P-SN-5001,Hong Kong,Frankfurt am Main Airport,30,air,LH-CARGO-418,N/A,63 nm from Frankfurt am Main Airport,2026-05-23T19:12Z,DEFRA,LOW,0.1,CR-LHCA,L-HKHKG-DEFRA,2715.0,52.4,1440.0,DAP,none,standard,2026-05-24T12:00Z,-0.7,,2026-05-23T01:12Z
S-701135,ORD-47648,P-SN-5001,Singapore,Frankfurt am Main Airport,27,air,FD-CARGO-772,N/A,124 nm from Frankfurt am Main Airport,2026-05-23T00:00Z,DEFRA,LOW,0.1,CR-FDXA,L-SGSIN-DEFRA,18611.0,56.2,330.0,DDP,9,standard,2026-05-20T12:00Z,2.5,,2026-05-21T12:00Z
S-701136,ORD-44500,P-MC-7101,Ningbo,Rotterdam,22,ocean,MV ARCTIC GUARDIAN,9330120,in transit,2026-05-26T00:00Z,NLRTM,LOW,0.4,CR-COSU,L-CNNGB-NLRTM,22209.0,39.6,11433.0,EXW,none,premium,2026-05-27T12:00Z,-1.5,customs_hold,2026-05-24T01:00Z
S-701137,ORD-46658,P-SW-3001,Busan,Los Angeles,9,ocean,MV ASIAN VICTORY,9459344,Los Angeles approach,2026-05-30T04:48Z,USLAX,HIGH,2.6,CR-HMMU,L-KRPUS-USLAX,19921.0,3.1,14413.0,EXW,none,standard,2026-05-29T12:00Z,0.7,,2026-05-29T01:48Z
S-701138,ORD-48560,P-PK-4501,Yantian,Hamburg,30,ocean,MV PACIFIC STAR,9686129,approaching Hamburg,2026-05-28T09:36Z,DEHAM,HIGH,3.2,CR-EGLV,L-CNYTN-DEHAM,25024.0,39.6,119766.0,EXW,none,premium,2026-05-26T12:00Z,1.9,,2026-05-26T07:36Z
S-701139,ORD-48184,P-PK-4501,Ningbo,Rotterdam,16,ocean,MV IBERIAN SPIRIT,9570330,in transit,2026-05-20T14:24Z,NLRTM,LOW,0.4,CR-HLCU,L-CNNGB-NLRTM,19386.0,27.8,179.0,CIF,none,standard,2026-05-21T12:00Z,-0.9,,2026-05-18T06:24Z
S-701140,ORD-48766,P-MC-7101,Yokohama,Los Angeles,24,ocean,MV PACIFIC TRADER,9433886,Los Angeles approach,2026-05-29T19:12Z,USLAX,HIGH,2.6,CR-MSCU,L-JPYOK-USLAX,11736.0,42.6,1895.0,DDP,8,premium,2026-05-30T12:00Z,-0.7,,2026-05-28T23:12Z
S-701141,ORD-44427,P-EL-9002,Rotterdam,New York/New Jersey,28,ocean,MV ARCTIC TRADER,9132324,New York/New Jersey approach,2026-05-29T12:00Z,USNYC,MEDIUM,1.6,CR-ZIMU,L-NLRTM-USNYC,9037.0,36.1,307.0,FOB,none,economy,2026-05-27T12:00Z,2.0,,2026-05-28T08:00Z
S-701142,ORD-46060,P-CH-2230,Valencia,Veracruz,6,ocean,MV BALTIC GLORY,9171510,20 nm from Veracruz,2026-06-05T14:24Z,MXVER,MEDIUM,1.3,CR-KNES,L-ESVLC-MXVER,12819.0,4.2,38765.0,EXW,9,economy,2026-06-04T12:00Z,1.1,,2026-06-04T23:24Z
S-701143,ORD-44483,P-EL-9003,Hong Kong,Oakland,35,ocean,MV NORDIC EXPRESS,9829511,off Hong Kong,2026-06-12T00:00Z,USOAK,MEDIUM,1.4,CR-ZIMU,L-HKHKG-USOAK,13564.0,54.0,42420.0,CIF,none,standard,2026-06-09T12:00Z,2.5,,2026-06-09T16:00Z
S-701144,ORD-47362,P-CH-2230,Hamburg,Santos,2,ocean,MV ASIAN BREEZE,9888534,off Hamburg,2026-06-01T12:00Z,BRSSZ,MEDIUM,1.7,CR-WHLU,L-DEHAM-BRSSZ,13176.0,51.7,7533.0,DAP,none,premium,2026-06-02T12:00Z,-1.0,,2026-05-31T05:00Z
S-701145,ORD-46893,P-SW-3001,Los Angeles,Sydney Kingsford Smith Airport,4,air,CX-CARGO-964,N/A,Sydney Kingsford Smith Airport approach,2026-05-21T16:48Z,AUSYD,LOW,0.1,CR-CXCA,L-USLAX-AUSYD,25028.0,28.5,3347.0,FOB,9,premium,2026-05-21T12:00Z,0.2,,2026-05-20T09:48Z
S-701146,ORD-45437,P-PW-1850,Frankfurt am Main Airport,Shanghai,33,air,AF-CARGO-632,N/A,off Frankfurt am Main Airport,2026-05-19T04:48Z,CNSHA,MEDIUM,1.3,CR-AFKA,L-DEFRA-CNSHA,7766.0,21.9,81717.0,FOB,none,standard,2026-05-20T12:00Z,-1.3,,2026-05-18T05:48Z
S-701147,ORD-49653,P-SW-3001,Yokohama,Los Angeles,31,ocean,MV TROPIC EXPRESS,9710795,approaching Los Angeles,2026-05-24T14:24Z,USLAX,HIGH,2.6,CR-PILU,L-JPYOK-USLAX,12476.0,57.9,4368.0,FOB,8,premium,2026-05-20T12:00Z,4.1,customs_hold,2026-05-22T20:24Z
S-701148,ORD-48401,P-SW-3002,Busan,Los Angeles,3,ocean,MV BALTIC TRADER,9897868,approaching Los Angeles,2026-05-26T19:12Z,USLAX,HIGH,2.6,CR-DSVS,L-KRPUS-USLAX,3651.0,23.3,4624.0,DAP,8,standard,2026-05-24T12:00Z,2.3,,2026-05-26T13:12Z
S-701149,ORD-45776,P-PW-1850,Salalah,Rotterdam,36,ocean,MV BALTIC BREEZE,9668869,off Salalah,2026-05-26T04:48Z,NLRTM,LOW,0.4,CR-PILU,L-OMSLL-NLRTM,17955.0,7.0,43700.0,DDU,none,premium,2026-05-26T12:00Z,-0.3,customs_hold,2026-05-23T18:48Z
S-701150,ORD-46966,P-PW-1850,Hamburg,Santos,28,ocean,MV ASIAN SPIRIT,9250880,Santos approach,2026-05-31T07:12Z,BRSSZ,MEDIUM,1.7,CR-ONEY,L-DEHAM-BRSSZ,4753.0,25.6,3713.0,DDU,3,economy,2026-05-30T12:00Z,0.8,customs_hold,2026-05-29T09:12Z
S-701151,ORD-45633,P-EL-9002,Nhava Sheva,Rotterdam,11,ocean,MV PACIFIC STAR,9530472,approaching Rotterdam,2026-05-20T14:24Z,NLRTM,LOW,0.4,CR-ONEY,L-INNSA-NLRTM,650.0,47.4,723.0,FOB,8,economy,2026-05-20T12:00Z,0.1,,2026-05-19T14:24Z
S-701152,ORD-47587,P-PW-1802,Singapore,Felixstowe,4,ocean,MV IBERIAN STAR,9965424,185 nm from Felixstowe,2026-05-27T14:24Z,GBFXT,MEDIUM,0.9,CR-WHLU,L-SGSIN-GBFXT,8307.0,16.5,828.0,DAP,none,standard,2026-05-26T12:00Z,1.1,customs_hold,2026-05-26T13:24Z
S-701153,ORD-45470,P-MC-7200,Hong Kong,Rotterdam,35,ocean,MV CALEDONIAN VICTORY,9506588,in transit,2026-06-10T19:12Z,NLRTM,LOW,0.4,CR-KNES,L-HKHKG-NLRTM,5495.0,41.3,719.0,DDP,none,standard,2026-06-10T12:00Z,0.3,,2026-06-09T23:12Z
S-701154,ORD-49220,P-EL-9001,Shanghai,Düsseldorf Rail Terminal,18,rail,DB SCH-7182,N/A,157 nm from Düsseldorf Rail Terminal,2026-06-03T02:24Z,DEDUS,LOW,0.2,CR-DBSC,L-CNSHA-DEDUS,12876.0,42.5,2680.0,CIF,none,premium,2026-06-03T12:00Z,-0.4,,2026-06-01T13:24Z
S-701155,ORD-48879,P-PK-4501,Rotterdam,New York/New Jersey,6,ocean,MV BALTIC EXPRESS,9503953,approaching New York/New Jersey,2026-05-26T02:24Z,USNYC,MEDIUM,1.6,CR-PILU,L-NLRTM-USNYC,23948.0,51.6,10134.0,FOB,none,standard,2026-05-21T12:00Z,4.6,customs_hold,2026-05-23T03:24Z
S-701156,ORD-49304,P-EL-9003,Tianjin,Łódź Rail Terminal,18,rail,DB SCH-2632,N/A,92 nm from Łódź Rail Terminal,2026-05-27T16:48Z,PLLDZ,LOW,0.2,CR-DBSC,L-CNTAO-PLLDZ,19905.0,34.3,8275.0,FOB,none,premium,2026-05-25T12:00Z,2.2,,2026-05-25T08:48Z
S-701157,ORD-49796,P-MC-7200,Jebel Ali (Dubai),Frankfurt am Main Airport,32,air,UP-CARGO-374,N/A,in transit,2026-05-23T07:12Z,DEFRA,LOW,0.1,CR-UPSA,L-AEDXB-DEFRA,13677.0,39.5,4573.0,FOB,3,premium,2026-05-22T12:00Z,0.8,,2026-05-20T17:12Z
S-701158,ORD-44069,P-PK-4500,Busan,New York/New Jersey,13,ocean,MV IBERIAN STAR,9912858,20 nm from New York/New Jersey,2026-05-31T21:36Z,USNYC,MEDIUM,1.6,CR-HLCU,L-KRPUS-USNYC,6708.0,17.1,902.0,DDP,none,standard,2026-05-30T12:00Z,1.4,,2026-05-29T00:36Z
S-701159,ORD-46082,P-SW-3001,Los Angeles,Sydney Kingsford Smith Airport,34,air,QT-CARGO-126,N/A,70 nm from Sydney Kingsford Smith Airport,2026-05-22T12:00Z,AUSYD,LOW,0.1,CR-QTRA,L-USLAX-AUSYD,122.0,5.7,2921.0,FOB,none,standard,2026-05-23T12:00Z,-1.0,,2026-05-21T19:00Z
S-701160,ORD-44868,P-PW-1802,Hong Kong,Oakland,6,ocean,MV NIPPON PIONEER,9182577,34 nm from Oakland,2026-06-05T19:12Z,USOAK,MEDIUM,1.4,CR-EGLV,L-HKHKG-USOAK,9121.0,30.0,12266.0,DDP,none,standard,2026-06-05T12:00Z,0.3,,2026-06-04T04:12Z
S-701161,ORD-46791,P-CH-2211,Tianjin,Hamburg,13,ocean,MV BALTIC BREEZE,9545859,in transit,2026-06-16T19:12Z,DEHAM,HIGH,3.2,CR-KNES,L-CNTAO-DEHAM,9813.0,52.0,1314.0,FOB,none,premium,2026-06-15T12:00Z,1.3,,2026-06-14T07:12Z
S-701162,ORD-49408,P-CH-2230,Busan,New York/New Jersey,33,ocean,MV ATLANTIC GUARDIAN,9499253,New York/New Jersey approach,2026-05-21T21:36Z,USNYC,MEDIUM,1.6,CR-YMLU,L-KRPUS-USNYC,23411.0,5.8,21465.0,DDU,none,premium,2026-05-21T12:00Z,0.4,,2026-05-20T22:36Z
S-701163,ORD-46651,P-EL-9002,Genoa,Charleston,17,ocean,MV BALTIC TRADER,9240799,off Genoa,2026-06-04T21:36Z,USCHS,LOW,0.7,CR-CMDU,L-ITGOA-USCHS,1967.0,3.2,11261.0,DDU,8,standard,2026-06-03T12:00Z,1.4,customs_hold,2026-06-02T02:36Z
S-701164,ORD-47629,P-EL-9102,Hong Kong,Oakland,3,ocean,MV TROPIC VICTORY,9571161,118 nm from Oakland,2026-06-03T09:36Z,USOAK,MEDIUM,1.4,CR-ONEY,L-HKHKG-USOAK,1008.0,35.8,2431.0,CIF,none,standard,2026-06-04T12:00Z,-1.1,damage,2026-06-02T18:36Z
S-701165,ORD-48979,P-PK-4501,Hamburg,Genoa,30,road,DACHSE-5461,N/A,in transit,2026-05-26T16:48Z,ITGOA,MEDIUM,1.2,CR-DACH,L-DEHAM-ITGOA,11717.0,10.1,4.0,EXW,9,standard,2026-05-23T12:00Z,3.2,,2026-05-26T02:48Z
S-701166,ORD-45577,P-EL-9102,Tianjin,Łódź Rail Terminal,15,rail,DB SCH-2693,N/A,off Tianjin,2026-05-28T09:36Z,PLLDZ,LOW,0.2,CR-DBSC,L-CNTAO-PLLDZ,15227.0,33.1,98.0,EXW,8,standard,2026-05-28T12:00Z,-0.1,,2026-05-25T16:36Z
S-701167,ORD-45599,P-CH-2211,Yokohama,Los Angeles,32,ocean,MV ASIAN SPIRIT,9951341,130 nm from Los Angeles,2026-05-31T04:48Z,USLAX,HIGH,2.6,CR-WHLU,L-JPYOK-USLAX,4053.0,42.0,13362.0,DDP,none,economy,2026-05-31T12:00Z,-0.3,,2026-05-28T18:48Z
S-701168,ORD-46271,P-PW-1802,New York/New Jersey,London Heathrow Airport,16,air,FD-CARGO-447,N/A,London Heathrow Airport approach,2026-05-24T02:24Z,LHRGB,LOW,0.1,CR-FDXA,L-USNYC-LHRGB,21139.0,9.7,15378.0,FOB,none,premium,2026-05-23T12:00Z,0.6,,2026-05-21T15:24Z
S-701169,ORD-44589,P-CH-2210,Mundra,Felixstowe,12,ocean,MV ASIAN VICTORY,9218113,Felixstowe approach,2026-06-08T02:24Z,GBFXT,MEDIUM,0.9,CR-COSU,L-INMUN-GBFXT,21174.0,48.7,3693.0,DDU,none,standard,2026-06-04T12:00Z,3.6,customs_hold,2026-06-05T19:24Z
S-701170,ORD-46068,P-PK-4501,Rotterdam,New York/New Jersey,27,ocean,MV ASIAN GLORY,9846226,New York/New Jersey approach,2026-05-29T14:24Z,USNYC,MEDIUM,1.6,CR-HMMU,L-NLRTM-USNYC,19931.0,59.9,34423.0,FOB,none,standard,2026-05-23T12:00Z,6.1,vessel_change,2026-05-27T08:24Z
S-701171,ORD-49913,P-PW-1801,Salalah,Rotterdam,31,ocean,MV CALEDONIAN STAR,9595363,in transit,2026-05-29T09:36Z,NLRTM,LOW,0.4,CR-DSVS,L-OMSLL-NLRTM,21475.0,23.0,196.0,CIF,none,standard,2026-05-28T12:00Z,0.9,,2026-05-28T17:36Z
S-701172,ORD-47136,P-EL-9102,Yantian,Frankfurt am Main Airport,11,air,DH-CARGO-535,N/A,in transit,2026-05-25T04:48Z,DEFRA,LOW,0.1,CR-DHLA,L-CNYTN-DEFRA,15307.0,1.6,8981.0,DAP,none,standard,2026-05-24T12:00Z,0.7,,2026-05-24T10:48Z
S-701173,ORD-49758,P-CH-2211,Tianjin,Łódź Rail Terminal,13,rail,DB SCH-1256,N/A,off Tianjin,2026-06-08T14:24Z,PLLDZ,LOW,0.2,CR-DBSC,L-CNTAO-PLLDZ,20408.0,4.4,7439.0,EXW,none,standard,2026-06-07T12:00Z,1.1,,2026-06-06T19:24Z
S-701174,ORD-48586,P-PK-4500,Tianjin,Hamburg,4,ocean,MV NIPPON STAR,9596870,in transit,2026-06-12T00:00Z,DEHAM,HIGH,3.2,CR-WHLU,L-CNTAO-DEHAM,8611.0,48.3,3540.0,FOB,none,standard,2026-06-12T12:00Z,-0.5,,2026-06-11T17:00Z
S-701175,ORD-47278,P-PW-1801,Hamburg,Genoa,14,road,XPO LO-9284,N/A,58 nm from Genoa,2026-05-26T07:12Z,ITGOA,MEDIUM,1.2,CR-XPOT,L-DEHAM-ITGOA,21719.0,29.3,9182.0,FOB,none,standard,2026-05-23T12:00Z,2.8,,2026-05-24T17:12Z
S-701176,ORD-49220,P-SW-3002,Shanghai,Hamburg,2,ocean,MV NIPPON CRYSTAL,9800320,off Shanghai,2026-06-10T16:48Z,DEHAM,HIGH,3.2,CR-HLCU,L-CNSHA-DEHAM,196.0,20.5,210.0,DDU,9,premium,2026-06-08T12:00Z,2.2,,2026-06-08T22:48Z
S-701177,ORD-49924,P-MC-7200,Rotterdam,New York/New Jersey,32,ocean,MV ATLANTIC CRYSTAL,9914860,approaching New York/New Jersey,2026-05-31T12:00Z,USNYC,MEDIUM,1.6,CR-MSCU,L-NLRTM-USNYC,9307.0,19.7,3124.0,FOB,none,premium,2026-05-25T12:00Z,6.0,port_congestion,2026-05-29T01:00Z
S-701178,ORD-44291,P-EL-9001,Salalah,Rotterdam,14,ocean,MV ARCTIC VICTORY,9620704,52 nm from Rotterdam,2026-05-21T14:24Z,NLRTM,LOW,0.4,CR-PILU,L-OMSLL-NLRTM,17819.0,59.9,5350.0,EXW,none,economy,2026-05-21T12:00Z,0.1,,2026-05-20T21:24Z
S-701179,ORD-47066,P-CH-2211,Yantian,Callao (Lima),5,ocean,MV ASIAN BREEZE,9658346,off Yantian,2026-05-26T14:24Z,PEMRI,LOW,0.9,CR-EGLV,L-CNYTN-PEMRI,11007.0,18.5,2923.0,CIF,8,standard,2026-05-25T12:00Z,1.1,,2026-05-25T01:24Z
S-701180,ORD-48288,P-EL-9101,Tokyo,Vancouver,26,ocean,MV NIPPON STAR,9772024,in transit,2026-05-21T04:48Z,CASOG,LOW,0.6,CR-PILU,L-JPTYO-CASOG,16106.0,2.2,2541.0,CIF,none,standard,2026-05-22T12:00Z,-1.3,,2026-05-20T12:48Z
S-701181,ORD-46671,P-MC-7100,Mundra,Felixstowe,30,ocean,MV BALTIC GUARDIAN,9340092,156 nm from Felixstowe,2026-05-29T09:36Z,GBFXT,MEDIUM,0.9,CR-PILU,L-INMUN-GBFXT,24619.0,55.9,1018.0,DDU,8,standard,2026-05-26T12:00Z,2.9,,2026-05-27T11:36Z
S-701182,ORD-44758,P-PK-4500,Nhava Sheva,Rotterdam,32,ocean,MV ARCTIC GUARDIAN,9632103,off Nhava Sheva,2026-06-09T04:48Z,NLRTM,LOW,0.4,CR-MAEU,L-INNSA-NLRTM,21162.0,9.6,2681.0,FOB,none,standard,2026-06-07T12:00Z,1.7,,2026-06-06T05:48Z
S-701183,ORD-48938,P-EL-9102,Hamburg,Durban,10,ocean,MV ASIAN GUARDIAN,9182444,in transit,2026-05-23T14:24Z,ZADUR,MEDIUM,1.5,CR-HLCU,L-DEHAM-ZADUR,3716.0,13.4,33941.0,CIF,none,premium,2026-05-24T12:00Z,-0.9,,2026-05-22T16:24Z
S-701184,ORD-45265,P-MC-7100,Hamburg,Santos,17,ocean,MV ASIAN EXPRESS,9492700,in transit,2026-05-22T07:12Z,BRSSZ,MEDIUM,1.7,CR-YMLU,L-DEHAM-BRSSZ,2458.0,56.0,33712.0,EXW,none,standard,2026-05-20T12:00Z,1.8,,2026-05-19T22:12Z
S-701185,ORD-49608,P-SN-5001,Los Angeles,Sydney Kingsford Smith Airport,31,air,AF-CARGO-618,N/A,27 nm from Sydney Kingsford Smith Airport,2026-05-25T00:00Z,AUSYD,LOW,0.1,CR-AFKA,L-USLAX-AUSYD,13364.0,7.5,25335.0,EXW,none,economy,2026-05-23T12:00Z,1.5,,2026-05-23T12:00Z
S-701186,ORD-44085,P-EL-9002,Shanghai,Rotterdam,35,ocean,MV PACIFIC SPIRIT,9683718,off Shanghai,2026-06-09T12:00Z,NLRTM,LOW,0.4,CR-ONEY,L-CNSHA-NLRTM,24458.0,4.0,1564.0,DDP,3,premium,2026-06-09T12:00Z,0.0,,2026-06-08T13:00Z
S-701187,ORD-44147,P-MC-7100,Valencia,Veracruz,14,ocean,MV TROPIC EXPRESS,9904019,approaching Veracruz,2026-06-05T02:24Z,MXVER,MEDIUM,1.3,CR-MSCU,L-ESVLC-MXVER,18266.0,19.8,9640.0,DAP,none,economy,2026-06-05T12:00Z,-0.4,,2026-06-04T12:24Z
S-701188,ORD-49942,P-EL-9101,Shanghai,New York/New Jersey,2,ocean,MV IBERIAN TRADER,9353797,in transit,2026-06-20T00:00Z,USNYC,MEDIUM,1.6,CR-DSVS,L-CNSHA-USNYC,16705.0,10.9,31803.0,EXW,none,standard,2026-06-18T12:00Z,1.5,,2026-06-18T22:00Z
S-701189,ORD-47458,P-CH-2210,Antwerp,New York/New Jersey,5,ocean,MV ATLANTIC CRYSTAL,9198020,New York/New Jersey approach,2026-05-23T12:00Z,USNYC,MEDIUM,1.6,CR-EGLV,L-BEANR-USNYC,17599.0,54.9,13278.0,FOB,none,premium,2026-05-25T12:00Z,-2.0,,2026-05-22T06:00Z
S-701190,ORD-46849,P-MC-7102,New York/New Jersey,London Heathrow Airport,32,air,AF-CARGO-331,N/A,in transit,2026-05-21T12:00Z,LHRGB,LOW,0.1,CR-AFKA,L-USNYC-LHRGB,6437.0,55.9,260.0,FOB,none,standard,2026-05-23T12:00Z,-2.0,,2026-05-20T23:00Z
S-701191,ORD-45715,P-PW-1802,Hamburg,Genoa,34,road,XPO LO-3554,N/A,approaching Genoa,2026-05-27T04:48Z,ITGOA,MEDIUM,1.2,CR-XPOT,L-DEHAM-ITGOA,19940.0,22.0,1398.0,FOB,none,premium,2026-05-23T12:00Z,3.7,,2026-05-26T09:48Z
S-701192,ORD-46957,P-PK-4500,Genoa,Charleston,2,ocean,MV ATLANTIC PIONEER,9235547,approaching Charleston,2026-05-30T00:00Z,USCHS,LOW,0.7,CR-YMLU,L-ITGOA-USCHS,8398.0,48.9,6978.0,CIF,none,standard,2026-05-29T12:00Z,0.5,,2026-05-29T12:00Z
S-701193,ORD-45240,P-SN-5001,Los Angeles,Sydney Kingsford Smith Airport,5,air,UP-CARGO-323,N/A,56 nm from Sydney Kingsford Smith Airport,2026-05-22T00:00Z,AUSYD,LOW,0.1,CR-UPSA,L-USLAX-AUSYD,12924.0,15.0,114.0,DDP,none,standard,2026-05-20T12:00Z,1.5,,2026-05-19T17:00Z
S-701194,ORD-44764,P-MC-7101,Jebel Ali (Dubai),Frankfurt am Main Airport,24,air,UP-CARGO-527,N/A,Frankfurt am Main Airport approach,2026-05-21T04:48Z,DEFRA,LOW,0.1,CR-UPSA,L-AEDXB-DEFRA,965.0,30.3,862.0,DDP,none,premium,2026-05-21T12:00Z,-0.3,,2026-05-21T00:48Z
S-701195,ORD-49490,P-SW-3001,Hamburg,Genoa,18,road,DACHSE-2930,N/A,in transit,2026-05-19T19:12Z,ITGOA,MEDIUM,1.2,CR-DACH,L-DEHAM-ITGOA,7992.0,4.4,1669.0,CIF,none,standard,2026-05-21T12:00Z,-1.7,delayed,2026-05-17T17:12Z
S-701196,ORD-47137,P-PK-4500,Hong Kong,Rotterdam,4,ocean,MV ARCTIC GLORY,9387430,off Hong Kong,2026-06-15T16:48Z,NLRTM,LOW,0.4,CR-HLCU,L-HKHKG-NLRTM,4558.0,6.8,279.0,DDU,3,premium,2026-06-16T12:00Z,-0.8,,2026-06-13T11:48Z
S-701197,ORD-45393,P-PK-4501,Salalah,Rotterdam,1,ocean,MV IBERIAN GUARDIAN,9715219,165 nm from Rotterdam,2026-05-29T16:48Z,NLRTM,LOW,0.4,CR-KNES,L-OMSLL-NLRTM,16657.0,36.0,43011.0,CIF,none,economy,2026-05-27T12:00Z,2.2,,2026-05-27T00:48Z
S-701198,ORD-48001,P-CH-2211,Hong Kong,Oakland,35,ocean,MV ASIAN TRADER,9546297,off Hong Kong,2026-06-07T21:36Z,USOAK,MEDIUM,1.4,CR-EGLV,L-HKHKG-USOAK,3794.0,29.4,2769.0,CIF,none,standard,2026-06-09T12:00Z,-1.6,damage,2026-06-07T03:36Z
S-701199,ORD-49026,P-PW-1850,Yantian,Frankfurt am Main Airport,1,air,CX-CARGO-439,N/A,Frankfurt am Main Airport approach,2026-05-25T02:24Z,DEFRA,LOW,0.1,CR-CXCA,L-CNYTN-DEFRA,21855.0,29.5,59.0,DAP,none,standard,2026-05-23T12:00Z,1.6,,2026-05-23T00:24Z
S-701200,ORD-46112,P-MC-7100,Tokyo,Vancouver,8,ocean,MV CALEDONIAN PIONEER,9110342,off Tokyo,2026-05-23T04:48Z,CASOG,LOW,0.6,CR-ZIMU,L-JPTYO-CASOG,25935.0,21.5,263.0,DAP,none,premium,2026-05-21T12:00Z,1.7,,2026-05-23T01:48Z
S-701201,ORD-49778,P-PK-4500,Los Angeles,Sydney Kingsford Smith Airport,11,air,CX-CARGO-874,N/A,34 nm from Sydney Kingsford Smith Airport,2026-05-23T07:12Z,AUSYD,LOW,0.1,CR-CXCA,L-USLAX-AUSYD,17788.0,15.9,16433.0,DDP,none,premium,2026-05-23T12:00Z,-0.2,,2026-05-23T00:12Z
S-701202,ORD-48661,P-SW-3002,Qingdao,Le Havre,36,ocean,MV TROPIC BREEZE,9692887,Le Havre approach,2026-06-09T19:12Z,FRLEH,MEDIUM,1.0,CR-CMDU,L-CNQIN-FRLEH,14611.0,19.6,6317.0,CIF,3,premium,2026-06-11T12:00Z,-1.7,,2026-06-08T16:12Z
S-701203,ORD-44486,P-MC-7100,Shanghai,Düsseldorf Rail Terminal,9,rail,DB SCH-3936,N/A,approaching Düsseldorf Rail Terminal,2026-05-28T02:24Z,DEDUS,LOW,0.2,CR-DBSC,L-CNSHA-DEDUS,3755.0,29.2,137.0,DDP,3,economy,2026-05-27T12:00Z,0.6,,2026-05-25T10:24Z
S-701204,ORD-47314,P-PK-4500,Tianjin,Łódź Rail Terminal,10,rail,DB SCH-7842,N/A,Łódź Rail Terminal approach,2026-05-24T00:00Z,PLLDZ,LOW,0.2,CR-DBSC,L-CNTAO-PLLDZ,17123.0,47.3,25631.0,DAP,none,standard,2026-05-24T12:00Z,-0.5,,2026-05-21T09:00Z
S-701205,ORD-46681,P-EL-9003,Shanghai,Rotterdam,21,ocean,MV ASIAN PIONEER,9248356,in transit,2026-06-22T00:00Z,NLRTM,LOW,0.4,CR-WHLU,L-CNSHA-NLRTM,23299.0,44.9,318.0,DDU,none,standard,2026-06-23T12:00Z,-1.5,,2026-06-21T07:00Z
S-701206,ORD-44745,P-EL-9002,Valencia,Veracruz,17,ocean,MV ASIAN EXPRESS,9638011,144 nm from Veracruz,2026-05-19T12:00Z,MXVER,MEDIUM,1.3,CR-CMDU,L-ESVLC-MXVER,7707.0,22.1,1043.0,DAP,none,standard,2026-05-21T12:00Z,-2.0,,2026-05-16T19:00Z
S-701207,ORD-46543,P-EL-9002,Yokohama,Los Angeles,15,ocean,MV ASIAN TRADER,9474730,Los Angeles approach,2026-05-27T07:12Z,USLAX,HIGH,2.6,CR-ZIMU,L-JPYOK-USLAX,18966.0,1.5,149.0,DDU,none,standard,2026-05-21T12:00Z,5.8,delayed,2026-05-24T23:12Z
S-701208,ORD-46313,P-EL-9101,Salalah,Rotterdam,11,ocean,MV ATLANTIC SPIRIT,9633022,Rotterdam approach,2026-05-27T04:48Z,NLRTM,LOW,0.4,CR-MAEU,L-OMSLL-NLRTM,11016.0,21.0,7814.0,CIF,none,standard,2026-05-25T12:00Z,1.7,port_congestion,2026-05-24T06:48Z
S-701209,ORD-47139,P-PW-1801,Qingdao,Le Havre,5,ocean,MV ASIAN GLORY,9134633,Le Havre approach,2026-05-21T21:36Z,FRLEH,MEDIUM,1.0,CR-KNES,L-CNQIN-FRLEH,21658.0,2.3,4457.0,FOB,none,premium,2026-05-22T12:00Z,-0.6,customs_hold,2026-05-20T16:36Z
S-701210,ORD-49563,P-SW-3002,Hamburg,Genoa,27,road,DACHSE-2431,N/A,approaching Genoa,2026-05-20T16:48Z,ITGOA,MEDIUM,1.2,CR-DACH,L-DEHAM-ITGOA,15186.0,27.1,2539.0,FOB,8,premium,2026-05-22T12:00Z,-1.8,,2026-05-19T07:48Z
S-701211,ORD-49264,P-PW-1802,Los Angeles,Sydney Kingsford Smith Airport,3,air,EK-CARGO-932,N/A,in transit,2026-05-21T12:00Z,AUSYD,LOW,0.1,CR-EKCA,L-USLAX-AUSYD,15355.0,32.1,3401.0,DDP,3,premium,2026-05-20T12:00Z,1.0,,2026-05-20T11:00Z
S-701212,ORD-44948,P-PK-4500,Hamburg,Santos,11,ocean,MV BALTIC EXPRESS,9214480,approaching Santos,2026-05-29T07:12Z,BRSSZ,MEDIUM,1.7,CR-YMLU,L-DEHAM-BRSSZ,6697.0,22.7,250000,DDP,none,standard,2026-05-26T12:00Z,2.8,,2026-05-28T03:12Z
S-701213,ORD-45419,P-MC-7100,Singapore,Felixstowe,15,ocean,MV ASIAN BREEZE,9852664,in transit,2026-06-16T21:36Z,GBFXT,MEDIUM,0.9,CR-HMMU,L-SGSIN-GBFXT,22974.0,41.1,1695.0,EXW,none,standard,2026-06-15T12:00Z,1.4,,2026-06-16T01:36Z
S-701214,ORD-45702,P-CH-2230,Yantian,Frankfurt am Main Airport,15,air,EK-CARGO-832,N/A,in transit,2026-05-26T00:00Z,DEFRA,LOW,0.1,CR-EKCA,L-CNYTN-DEFRA,11713.0,59.9,8855.0,CIF,none,standard,2026-05-23T12:00Z,2.5,,2026-05-25T09:00Z
S-701215,ORD-49733,P-SW-3002,Tianjin,Hamburg,7,ocean,MV BALTIC VICTORY,9822059,Hamburg approach,2026-06-16T07:12Z,DEHAM,HIGH,3.2,CR-MAEU,L-CNTAO-DEHAM,13872.0,19.1,2353.0,EXW,none,economy,2026-06-17T12:00Z,-1.2,customs_hold,2026-06-15T20:12Z
S-701216,ORD-47530,P-SW-3002,Jebel Ali (Dubai),Rotterdam,4,ocean,MV IBERIAN GUARDIAN,9670210,Rotterdam approach,2026-06-01T00:00Z,NLRTM,LOW,0.4,CR-DSVS,L-AEDXB-NLRTM,23643.0,41.2,29115.0,DDU,none,premium,2026-05-31T12:00Z,0.5,,2026-05-30T18:00Z
S-701217,ORD-44397,P-CH-2230,Shanghai,Los Angeles,33,ocean,MV PACIFIC STAR,9933337,approaching Los Angeles,2026-05-27T21:36Z,USLAX,HIGH,2.6,CR-PILU,L-CNSHA-USLAX,19389.0,36.0,8919.0,FOB,none,standard,2026-05-27T12:00Z,0.4,,2026-05-25T15:36Z
S-701218,ORD-49304,P-PK-4500,Shanghai,Rotterdam,18,ocean,MV NORDIC TRADER,9492507,173 nm from Rotterdam,2026-06-23T19:12Z,NLRTM,LOW,0.4,CR-HLCU,L-CNSHA-NLRTM,16833.0,52.6,13528.0,CIF,none,premium,2026-06-20T12:00Z,3.3,,2026-06-20T19:12Z
S-701219,ORD-48883,P-MC-7102,Jebel Ali (Dubai),Rotterdam,27,ocean,MV ASIAN EXPRESS,9667051,in transit,2026-06-04T09:36Z,NLRTM,LOW,0.4,CR-COSU,L-AEDXB-NLRTM,16327.0,3.6,20361.0,DDP,8,premium,2026-06-03T12:00Z,0.9,delayed,2026-06-03T06:36Z
S-701220,ORD-47016,P-CH-2211,Los Angeles,Sydney Kingsford Smith Airport,7,air,LH-CARGO-258,N/A,off Los Angeles,2026-05-20T16:48Z,AUSYD,LOW,0.1,CR-LHCA,L-USLAX-AUSYD,21884.0,37.6,8925.0,DAP,none,standard,2026-05-20T12:00Z,0.2,,2026-05-20T14:48Z
S-701221,ORD-49374,P-PK-4501,Valencia,Veracruz,18,ocean,MV CALEDONIAN STAR,9372746,approaching Veracruz,2026-06-01T19:12Z,MXVER,MEDIUM,1.3,CR-PILU,L-ESVLC-MXVER,14528.0,5.9,3519.0,CIF,9,economy,2026-06-03T12:00Z,-1.7,,2026-05-30T22:12Z
S-701222,ORD-44366,P-MC-7101,Yantian,Callao (Lima),18,ocean,MV NORDIC GLORY,9216557,approaching Callao (Lima),2026-06-19T14:24Z,PEMRI,LOW,0.9,CR-EGLV,L-CNYTN-PEMRI,11143.0,37.5,35794.0,DAP,3,premium,2026-06-19T12:00Z,0.1,,2026-06-17T22:24Z
S-701223,ORD-45192,P-EL-9102,Yantian,Hamburg,22,ocean,MV TROPIC SPIRIT,9648217,in transit,2026-05-29T09:36Z,DEHAM,HIGH,3.2,CR-CMDU,L-CNYTN-DEHAM,10832.0,44.5,6571.0,DAP,none,standard,2026-05-27T12:00Z,1.9,,2026-05-27T03:36Z
S-701224,ORD-49847,P-EL-9102,Tianjin,Łódź Rail Terminal,35,rail,DB SCH-5675,N/A,Łódź Rail Terminal approach,2026-06-08T21:36Z,PLLDZ,LOW,0.2,CR-DBSC,L-CNTAO-PLLDZ,2924.0,11.1,4534.0,DDP,8,standard,2026-06-07T12:00Z,1.4,,2026-06-08T13:36Z
S-701225,ORD-44632,P-MC-7101,Qingdao,Le Havre,21,ocean,MV IBERIAN SPIRIT,9400025,in transit,2026-05-31T04:48Z,FRLEH,MEDIUM,1.0,CR-PILU,L-CNQIN-FRLEH,15407.0,18.0,13319.0,DAP,none,standard,2026-05-28T12:00Z,2.7,,2026-05-31T03:48Z
S-701226,ORD-46956,P-PK-4501,Qingdao,Le Havre,17,ocean,MV PACIFIC VICTORY,9740556,105 nm from Le Havre,2026-06-10T00:00Z,FRLEH,MEDIUM,1.0,CR-YMLU,L-CNQIN-FRLEH,6439.0,16.9,8687.0,DDU,9,economy,2026-06-08T12:00Z,1.5,,2026-06-09T23:00Z
S-701227,ORD-47186,P-PW-1850,Tianjin,Hamburg,27,ocean,MV NORDIC BREEZE,9490552,approaching Hamburg,2026-06-11T00:00Z,DEHAM,HIGH,3.2,CR-KNES,L-CNTAO-DEHAM,19439.0,55.1,32.0,EXW,8,economy,2026-06-08T12:00Z,2.5,,2026-06-09T21:00Z
S-701228,ORD-46094,P-EL-9101,Yantian,Los Angeles,6,ocean,MV ARCTIC GLORY,9303958,approaching Los Angeles,2026-06-06T19:12Z,USLAX,HIGH,2.6,CR-HLCU,L-CNYTN-USLAX,10511.0,34.1,2537.0,DDP,none,economy,2026-06-05T12:00Z,1.3,,2026-06-04T21:12Z
S-701229,ORD-45899,P-PK-4501,Busan,New York/New Jersey,31,ocean,MV IBERIAN BREEZE,9666116,off Busan,2026-06-16T12:00Z,USNYC,MEDIUM,1.6,CR-ONEY,L-KRPUS-USNYC,223.0,21.8,353.0,DAP,none,premium,2026-06-16T12:00Z,-0.0,,2026-06-13T18:00Z
S-701230,ORD-44827,P-SW-3002,Tianjin,Łódź Rail Terminal,26,rail,DB SCH-8095,N/A,191 nm from Łódź Rail Terminal,2026-05-21T14:24Z,PLLDZ,LOW,0.2,CR-DBSC,L-CNTAO-PLLDZ,11934.0,0.7,9804.0,EXW,none,standard,2026-05-20T12:00Z,1.1,customs_hold,2026-05-21T04:24Z
S-701231,ORD-44000,P-MC-7100,Chicago O'Hare Airport,Hong Kong,36,air,QT-CARGO-327,N/A,off Chicago O'Hare Airport,2026-05-23T19:12Z,HKHKG,LOW,0.8,CR-QTRA,L-USORD-HKHKG,21921.0,27.5,3412.0,DDP,none,economy,2026-05-21T12:00Z,2.3,,2026-05-21T19:12Z
S-701232,ORD-44694,P-CH-2210,Rotterdam,New York/New Jersey,24,ocean,MV NORDIC TRADER,9698482,approaching New York/New Jersey,2026-06-03T07:12Z,USNYC,MEDIUM,1.6,CR-ZIMU,L-NLRTM-USNYC,14819.0,52.5,491.0,DDU,none,standard,2026-05-29T12:00Z,4.8,vessel_change,2026-06-02T16:12Z
S-701233,ORD-47614,P-PW-1850,Tianjin,Hamburg,24,ocean,MV BALTIC GUARDIAN,9935764,87 nm from Hamburg,2026-05-22T14:24Z,DEHAM,HIGH,3.2,CR-HLCU,L-CNTAO-DEHAM,24245.0,7.9,1404.0,FOB,none,standard,2026-05-22T12:00Z,0.1,,2026-05-21T05:24Z
S-701234,ORD-45651,P-MC-7200,Singapore,Felixstowe,21,ocean,MV ATLANTIC STAR,9868730,approaching Felixstowe,2026-06-09T19:12Z,GBFXT,MEDIUM,0.9,CR-HLCU,L-SGSIN-GBFXT,13050.0,18.2,28829.0,CIF,none,premium,2026-06-10T12:00Z,-0.7,,2026-06-09T16:12Z
S-701235,ORD-45697,P-EL-9003,Yantian,Hamburg,7,ocean,MV BALTIC BREEZE,9495257,110 nm from Hamburg,2026-05-27T00:00Z,DEHAM,HIGH,3.2,CR-EGLV,L-CNYTN-DEHAM,16271.0,30.4,36292.0,FOB,3,standard,2026-05-25T12:00Z,1.5,,2026-05-26T15:00Z
S-701236,ORD-45081,P-MC-7200,Tianjin,Łódź Rail Terminal,4,rail,DB SCH-7143,N/A,Łódź Rail Terminal approach,2026-06-03T16:48Z,PLLDZ,LOW,0.2,CR-DBSC,L-CNTAO-PLLDZ,16094.0,53.9,2113.0,DAP,9,standard,2026-06-01T12:00Z,2.2,,2026-06-01T12:48Z
S-701237,ORD-47654,P-EL-9102,Hong Kong,Oakland,23,ocean,MV ASIAN VICTORY,9940109,off Hong Kong,2026-06-03T21:36Z,USOAK,MEDIUM,1.4,CR-ONEY,L-HKHKG-USOAK,10666.0,4.8,8752.0,CIF,none,standard,2026-06-03T12:00Z,0.4,,2026-06-01T02:36Z
S-701238,ORD-49721,P-EL-9101,New York/New Jersey,London Heathrow Airport,36,air,CX-CARGO-719,N/A,off New York/New Jersey,2026-05-22T07:12Z,LHRGB,LOW,0.1,CR-CXCA,L-USNYC-LHRGB,18705.0,41.7,4787.0,CIF,none,premium,2026-05-22T12:00Z,-0.2,,2026-05-19T21:12Z
S-701239,ORD-49479,P-MC-7102,Qingdao,Le Havre,28,ocean,MV NORDIC BREEZE,9302078,off Qingdao,2026-06-20T12:00Z,FRLEH,MEDIUM,1.0,CR-CMDU,L-CNQIN-FRLEH,9843.0,28.2,4594.0,FOB,none,premium,2026-06-19T12:00Z,1.0,,2026-06-17T16:00Z
S-701240,ORD-44390,P-MC-7100,Hamburg,Genoa,10,road,DACHSE-5896,N/A,off Hamburg,2026-05-24T19:12Z,ITGOA,MEDIUM,1.2,CR-DACH,L-DEHAM-ITGOA,24251.0,0.8,3657.0,CIF,none,standard,2026-05-22T12:00Z,2.3,,2026-05-22T19:12Z
S-701241,ORD-44579,P-PK-4501,Hong Kong,Frankfurt am Main Airport,28,air,UP-CARGO-136,N/A,Frankfurt am Main Airport approach,2026-05-25T02:24Z,DEFRA,LOW,0.1,CR-UPSA,L-HKHKG-DEFRA,15171.0,18.8,3338.0,DDP,3,standard,2026-05-23T12:00Z,1.6,,2026-05-23T01:24Z
S-701242,ORD-48729,P-EL-9102,Yantian,Callao (Lima),13,ocean,MV TROPIC GLORY,9144045,off Yantian,2026-05-22T04:48Z,PEMRI,LOW,0.9,CR-ZIMU,L-CNYTN-PEMRI,21799.0,5.3,35794.0,DDP,none,standard,2026-05-22T12:00Z,-0.3,,2026-05-19T21:48Z
S-701243,ORD-45616,P-SW-3002,Rotterdam,New York/New Jersey,22,ocean,MV NORDIC STAR,9478041,New York/New Jersey approach,2026-05-27T02:24Z,USNYC,MEDIUM,1.6,CR-MSCU,L-NLRTM-USNYC,2364.0,31.8,6341.0,FOB,none,standard,2026-05-26T12:00Z,0.6,,2026-05-24T03:24Z
S-701244,ORD-46186,P-PK-4500,Tianjin,Hamburg,10,ocean,MV BALTIC SPIRIT,9720331,off Tianjin,2026-05-28T12:00Z,DEHAM,HIGH,3.2,CR-MSCU,L-CNTAO-DEHAM,8165.0,24.1,28682.0,FOB,none,standard,2026-05-25T12:00Z,3.0,,2026-05-26T15:00Z
S-701245,ORD-47175,P-MC-7102,Rotterdam,New York/New Jersey,35,ocean,MV ARCTIC VICTORY,9488288,off Rotterdam,2026-05-30T12:00Z,USNYC,MEDIUM,1.6,CR-PILU,L-NLRTM-USNYC,7667.0,22.7,218.0,CIF,none,standard,2026-05-30T12:00Z,0.0,vessel_change,2026-05-28T08:00Z
S-701246,ORD-45637,P-PW-1802,Hong Kong,Oakland,3,ocean,MV TROPIC TRADER,9658173,Oakland approach,2026-05-30T16:48Z,USOAK,MEDIUM,1.4,CR-MAEU,L-HKHKG-USOAK,22221.0,30.5,4069.0,EXW,none,economy,2026-06-01T12:00Z,-1.8,,2026-05-30T10:48Z
S-701247,ORD-49728,P-SN-5001,Chicago O'Hare Airport,Hong Kong,15,air,CX-CARGO-476,N/A,off Chicago O'Hare Airport,2026-05-27T19:12Z,HKHKG,LOW,0.8,CR-CXCA,L-USORD-HKHKG,10661.0,36.5,2292.0,CIF,8,premium,2026-05-24T12:00Z,3.3,,2026-05-26T12:12Z
S-701248,ORD-48209,P-SN-5001,Rotterdam,New York/New Jersey,27,ocean,MV CALEDONIAN STAR,9819032,51 nm from New York/New Jersey,2026-05-24T21:36Z,USNYC,MEDIUM,1.6,CR-HMMU,L-NLRTM-USNYC,13465.0,28.6,3146.0,DAP,none,standard,2026-05-20T12:00Z,4.4,port_congestion,2026-05-23T17:36Z
S-701249,ORD-44174,P-SN-5001,Rotterdam,New York/New Jersey,29,ocean,MV IBERIAN SPIRIT,9726299,in transit,2026-06-08T14:24Z,USNYC,MEDIUM,1.6,CR-CMDU,L-NLRTM-USNYC,20611.0,25.4,965.0,DDP,9,standard,2026-06-02T12:00Z,6.1,damage,2026-06-06T11:24Z
S-701250,ORD-45903,P-EL-9002,Rotterdam,Santos,7,ocean,MV ARCTIC BREEZE,9217350,in transit,2026-05-22T12:00Z,BRSSZ,MEDIUM,1.7,CR-PILU,L-NLRTM-BRSSZ,2424.0,33.6,1023.0,DDP,3,standard,2026-05-22T12:00Z,-0.0,,2026-05-20T03:00Z
S-701251,ORD-49564,P-PK-4500,Jebel Ali (Dubai),Frankfurt am Main Airport,22,air,CX-CARGO-227,N/A,Frankfurt am Main Airport approach,2026-05-23T07:12Z,DEFRA,LOW,0.1,CR-CXCA,L-AEDXB-DEFRA,7061.0,41.3,3830.0,FOB,none,standard,2026-05-20T12:00Z,2.8,,2026-05-20T20:12Z
S-701252,ORD-45852,P-PK-4500,Busan,New York/New Jersey,11,ocean,MV NORDIC GLORY,9387848,28 nm from New York/New Jersey,2026-06-06T04:48Z,USNYC,MEDIUM,1.6,CR-HMMU,L-KRPUS-USNYC,10067.0,24.7,2079.0,DDP,none,standard,2026-06-05T12:00Z,0.7,,2026-06-03T21:48Z
S-701253,ORD-45356,P-EL-9001,Yantian,Callao (Lima),36,ocean,MV PACIFIC PIONEER,9438119,off Yantian,2026-06-20T02:24Z,PEMRI,LOW,0.9,CR-ZIMU,L-CNYTN-PEMRI,20102.0,41.7,1209.0,CIF,9,premium,2026-06-19T12:00Z,0.6,,2026-06-17T23:24Z
S-701254,ORD-44123,P-EL-9003,Antwerp,New York/New Jersey,13,ocean,MV IBERIAN CRYSTAL,9574995,in transit,2026-06-04T16:48Z,USNYC,MEDIUM,1.6,CR-EGLV,L-BEANR-USNYC,4990.0,13.1,8413.0,DDP,none,standard,2026-06-02T12:00Z,2.2,,2026-06-02T12:48Z
S-701255,ORD-45068,P-MC-7102,Tianjin,Hamburg,9,ocean,MV ARCTIC BREEZE,9723993,Hamburg approach,2026-05-28T09:36Z,DEHAM,HIGH,3.2,CR-ONEY,L-CNTAO-DEHAM,2099.0,54.0,6256.0,DDU,none,standard,2026-05-27T12:00Z,0.9,,2026-05-26T17:36Z
S-701256,ORD-46302,P-PK-4501,Salalah,Rotterdam,19,ocean,MV ARCTIC STAR,9841687,off Salalah,2026-05-24T09:36Z,NLRTM,LOW,0.4,CR-CMDU,L-OMSLL-NLRTM,4286.0,39.2,1443.0,FOB,none,standard,2026-05-24T12:00Z,-0.1,,2026-05-24T04:36Z
S-701257,ORD-45972,P-PK-4501,Rotterdam,New York/New Jersey,24,ocean,MV NIPPON VICTORY,9931296,off Rotterdam,2026-06-01T00:00Z,USNYC,MEDIUM,1.6,CR-HLCU,L-NLRTM-USNYC,23159.0,42.9,788.0,DAP,none,standard,2026-05-28T12:00Z,3.5,customs_hold,2026-05-30T15:00Z
S-701258,ORD-45444,P-SW-3002,Yantian,Hamburg,6,ocean,MV PACIFIC GUARDIAN,9170962,approaching Hamburg,2026-06-17T00:00Z,DEHAM,HIGH,3.2,CR-WHLU,L-CNYTN-DEHAM,2411.0,4.5,74.0,FOB,none,standard,2026-06-17T12:00Z,-0.5,,2026-06-15T13:00Z
S-701259,ORD-47790,P-MC-7102,Hamburg,Santos,26,ocean,MV ATLANTIC GUARDIAN,9520634,off Hamburg,2026-05-25T19:12Z,BRSSZ,MEDIUM,1.7,CR-HLCU,L-DEHAM-BRSSZ,20657.0,15.6,2655.0,FOB,none,standard,2026-05-24T12:00Z,1.3,,2026-05-24T04:12Z
S-701260,ORD-49254,P-CH-2211,Mundra,Felixstowe,34,ocean,MV CALEDONIAN TRADER,9628228,187 nm from Felixstowe,2026-05-29T00:00Z,GBFXT,MEDIUM,0.9,CR-MAEU,L-INMUN-GBFXT,13194.0,55.6,4041.0,DDP,none,premium,2026-05-30T12:00Z,-1.5,damage,2026-05-28T01:00Z
S-701261,ORD-49388,P-PW-1801,Shanghai,New York/New Jersey,13,ocean,MV NIPPON GLORY,9505050,in transit,2026-06-04T16:48Z,USNYC,MEDIUM,1.6,CR-DSVS,L-CNSHA-USNYC,3215.0,16.5,4187.0,DAP,3,standard,2026-06-05T12:00Z,-0.8,,2026-06-02T05:48Z
S-701262,ORD-44823,P-PW-1850,Busan,Los Angeles,1,ocean,MV NORDIC VICTORY,9422406,off Busan,2026-06-14T07:12Z,USLAX,HIGH,2.6,CR-MAEU,L-KRPUS-USLAX,11832.0,52.6,1501.0,CIF,none,premium,2026-06-08T12:00Z,5.8,damage,2026-06-13T13:12Z
S-701263,ORD-48039,P-CH-2230,Hamburg,Genoa,16,road,XPO LO-5911,N/A,Genoa approach,2026-05-27T12:00Z,ITGOA,MEDIUM,1.2,CR-XPOT,L-DEHAM-ITGOA,23241.0,24.1,2240.0,DDU,9,standard,2026-05-24T12:00Z,3.0,,2026-05-24T15:00Z
S-701264,ORD-49983,P-PW-1802,Rotterdam,Santos,34,ocean,MV NIPPON GLORY,9543871,off Rotterdam,2026-05-25T09:36Z,BRSSZ,MEDIUM,1.7,CR-YMLU,L-NLRTM-BRSSZ,18843.0,44.6,57.0,EXW,9,standard,2026-05-24T12:00Z,0.9,,2026-05-22T10:36Z
S-701265,ORD-46714,P-SW-3002,Antwerp,New York/New Jersey,5,ocean,MV TROPIC EXPRESS,9143995,in transit,2026-06-06T07:12Z,USNYC,MEDIUM,1.6,CR-DSVS,L-BEANR-USNYC,7884.0,16.2,12972.0,DAP,none,premium,2026-06-03T12:00Z,2.8,,2026-06-05T14:12Z
S-701266,ORD-44565,P-CH-2230,Yantian,Frankfurt am Main Airport,26,air,CX-CARGO-506,N/A,Frankfurt am Main Airport approach,2026-05-24T12:00Z,DEFRA,LOW,0.1,CR-CXCA,L-CNYTN-DEFRA,13536.0,43.8,1821.0,DDU,none,premium,2026-05-23T12:00Z,1.0,,2026-05-23T02:00Z
S-701267,ORD-45311,P-CH-2210,Hamburg,Santos,33,ocean,MV CALEDONIAN TRADER,9344842,Santos approach,2026-05-29T00:00Z,BRSSZ,MEDIUM,1.7,CR-YMLU,L-DEHAM-BRSSZ,16424.0,12.5,1466.0,DDU,3,premium,2026-05-28T12:00Z,0.5,,2026-05-28T02:00Z
S-701268,ORD-49586,P-EL-9101,Hamburg,Genoa,10,road,DACHSE-1440,N/A,in transit,2026-05-22T12:00Z,ITGOA,MEDIUM,1.2,CR-DACH,L-DEHAM-ITGOA,2241.0,55.3,156.0,CIF,none,economy,2026-05-24T12:00Z,-2.0,damage,2026-05-20T06:00Z
S-701269,ORD-46124,P-SN-5001,Shanghai,Los Angeles,22,ocean,MV BALTIC SPIRIT,9300440,Los Angeles approach,2026-06-07T04:48Z,USLAX,HIGH,2.6,CR-YMLU,L-CNSHA-USLAX,5202.0,54.2,1642.0,DDP,none,economy,2026-06-05T12:00Z,1.7,damage,2026-06-06T19:48Z
S-701270,ORD-49677,P-MC-7102,Qingdao,Le Havre,29,ocean,MV NIPPON CRYSTAL,9801000,Le Havre approach,2026-06-07T04:48Z,FRLEH,MEDIUM,1.0,CR-EGLV,L-CNQIN-FRLEH,13634.0,2.3,2188.0,CIF,9,standard,2026-06-05T12:00Z,1.7,,2026-06-04T04:48Z
S-701271,ORD-48526,P-SW-3002,Antwerp,New York/New Jersey,27,ocean,MV NIPPON TRADER,9804476,in transit,2026-05-28T14:24Z,USNYC,MEDIUM,1.6,CR-HMMU,L-BEANR-USNYC,5606.0,10.8,586.0,EXW,9,standard,2026-05-25T12:00Z,3.1,,2026-05-27T17:24Z
S-701272,ORD-47809,P-EL-9001,Shanghai,Los Angeles,22,ocean,MV NIPPON STAR,9441446,Los Angeles approach,2026-05-25T02:24Z,USLAX,HIGH,2.6,CR-HLCU,L-CNSHA-USLAX,4464.0,19.4,30266.0,FOB,none,standard,2026-05-24T12:00Z,0.6,,2026-05-22T02:24Z
S-701273,ORD-48420,P-SW-3001,Busan,New York/New Jersey,31,ocean,MV CALEDONIAN GLORY,9843734,off Busan,2026-06-14T02:24Z,USNYC,MEDIUM,1.6,CR-CMDU,L-KRPUS-USNYC,16308.0,6.3,574.0,CIF,none,premium,2026-06-12T12:00Z,1.6,,2026-06-13T13:24Z
S-701274,ORD-48040,P-MC-7100,Frankfurt am Main Airport,Shanghai,27,air,QT-CARGO-591,N/A,approaching Shanghai,2026-05-24T21:36Z,CNSHA,MEDIUM,1.3,CR-QTRA,L-DEFRA-CNSHA,23648.0,56.0,5194.0,DDP,3,economy,2026-05-23T12:00Z,1.4,,2026-05-24T06:36Z
S-701275,ORD-49447,P-MC-7101,Shanghai,Los Angeles,15,ocean,MV ATLANTIC BREEZE,9703397,in transit,2026-06-08T12:00Z,USLAX,HIGH,2.6,CR-MAEU,L-CNSHA-USLAX,16034.0,34.2,2934.0,DAP,none,standard,2026-06-06T12:00Z,2.0,,2026-06-08T00:00Z
S-701276,ORD-48801,P-PW-1802,Tianjin,Hamburg,35,ocean,MV CALEDONIAN PIONEER,9909271,in transit,2026-05-31T02:24Z,DEHAM,HIGH,3.2,CR-MAEU,L-CNTAO-DEHAM,19903.0,38.7,2309.0,EXW,none,standard,2026-05-30T12:00Z,0.6,,2026-05-30T09:24Z
S-701277,ORD-44919,P-SW-3001,Singapore,Felixstowe,13,ocean,MV TROPIC GLORY,9849466,off Singapore,2026-06-02T09:36Z,GBFXT,MEDIUM,0.9,CR-KNES,L-SGSIN-GBFXT,12137.0,3.7,28017.0,FOB,none,standard,2026-06-01T12:00Z,0.9,,2026-06-01T01:36Z
S-701278,ORD-45547,P-CH-2230,Shanghai,Rotterdam,8,ocean,MV ATLANTIC SPIRIT,9369652,in transit,2026-06-16T16:48Z,NLRTM,LOW,0.4,CR-ONEY,L-CNSHA-NLRTM,9077.0,28.7,1136.0,EXW,8,standard,2026-06-17T12:00Z,-0.8,,2026-06-14T12:48Z
S-701279,ORD-48948,P-PW-1802,Mundra,Felixstowe,15,ocean,MV TROPIC STAR,9766196,off Mundra,2026-06-06T07:12Z,GBFXT,MEDIUM,0.9,CR-HLCU,L-INMUN-GBFXT,12827.0,56.2,2812.0,FOB,8,standard,2026-06-04T12:00Z,1.8,,2026-06-05T09:12Z
S-701280,ORD-48482,P-EL-9002,Rotterdam,Santos,31,ocean,MV BALTIC TRADER,9731134,off Rotterdam,2026-05-23T00:00Z,BRSSZ,MEDIUM,1.7,CR-YMLU,L-NLRTM-BRSSZ,9931.0,20.9,858.0,DDP,none,premium,2026-05-22T12:00Z,0.5,,2026-05-22T11:00Z
S-701281,ORD-45064,P-EL-9001,Ningbo,Rotterdam,11,ocean,MV ARCTIC PIONEER,9266564,Rotterdam approach,2026-06-18T21:36Z,NLRTM,LOW,0.4,CR-MSCU,L-CNNGB-NLRTM,25615.0,38.1,13062.0,DAP,none,standard,2026-06-15T12:00Z,3.4,,2026-06-18T09:36Z
S-701282,ORD-47944,P-EL-9002,Rotterdam,Santos,11,ocean,MV ATLANTIC EXPRESS,9589809,in transit,2026-06-02T09:36Z,BRSSZ,MEDIUM,1.7,CR-MAEU,L-NLRTM-BRSSZ,1771.0,59.4,3152.0,DAP,9,premium,2026-06-01T12:00Z,0.9,,2026-06-01T18:36Z
S-701283,ORD-48537,P-SW-3001,Tokyo,Vancouver,21,ocean,MV BALTIC GUARDIAN,9974413,31 nm from Vancouver,2026-06-05T02:24Z,CASOG,LOW,0.6,CR-ONEY,L-JPTYO-CASOG,13086.0,19.9,5591.0,CIF,none,standard,2026-06-03T12:00Z,1.6,,2026-06-04T13:24Z
S-701284,ORD-49205,P-CH-2210,Singapore,Frankfurt am Main Airport,27,air,UP-CARGO-397,N/A,approaching Frankfurt am Main Airport,2026-05-25T12:00Z,DEFRA,LOW,0.1,CR-UPSA,L-SGSIN-DEFRA,18019.0,3.7,4446.0,FOB,3,economy,2026-05-23T12:00Z,2.0,,2026-05-23T18:00Z
S-701285,ORD-45318,P-PW-1850,Antwerp,New York/New Jersey,11,ocean,MV PACIFIC STAR,9994641,in transit,2026-05-19T12:00Z,USNYC,MEDIUM,1.6,CR-ZIMU,L-BEANR-USNYC,6565.0,9.7,7179.0,DAP,none,economy,2026-05-21T12:00Z,-2.0,,2026-05-17T17:00Z
S-701286,ORD-46392,P-EL-9101,Hamburg,Durban,34,ocean,MV NIPPON CRYSTAL,9884404,96 nm from Durban,2026-06-12T14:24Z,ZADUR,MEDIUM,1.5,CR-PILU,L-DEHAM-ZADUR,22674.0,5.1,12644.0,DDP,9,standard,2026-06-12T12:00Z,0.1,,2026-06-11T06:24Z
S-701287,ORD-44633,P-SN-5001,Valencia,Veracruz,22,ocean,MV NIPPON PIONEER,9663803,off Valencia,2026-06-05T02:24Z,MXVER,MEDIUM,1.3,CR-YMLU,L-ESVLC-MXVER,4700.0,5.1,3660.0,DDU,none,standard,2026-06-03T12:00Z,1.6,,2026-06-03T15:24Z
S-701288,ORD-47820,P-PW-1802,Yantian,Frankfurt am Main Airport,34,air,LH-CARGO-215,N/A,off Yantian,2026-05-21T16:48Z,DEFRA,LOW,0.1,CR-LHCA,L-CNYTN-DEFRA,25653.0,57.2,14152.0,DAP,none,premium,2026-05-21T12:00Z,0.2,,2026-05-20T13:48Z
S-701289,ORD-46665,P-EL-9002,Shanghai,Düsseldorf Rail Terminal,1,rail,DB SCH-8214,N/A,in transit,2026-05-29T02:24Z,DEDUS,LOW,0.2,CR-DBSC,L-CNSHA-DEDUS,16022.0,18.7,23938.0,EXW,none,standard,2026-05-27T12:00Z,1.6,,2026-05-28T16:24Z
S-701290,ORD-48642,P-MC-7102,Yantian,Callao (Lima),8,ocean,MV CALEDONIAN GLORY,9180683,in transit,2026-05-25T19:12Z,PEMRI,LOW,0.9,CR-MSCU,L-CNYTN-PEMRI,9574.0,48.9,2881.0,DDP,none,premium,2026-05-27T12:00Z,-1.7,,2026-05-23T21:12Z
S-701291,ORD-49719,P-MC-7200,Hamburg,Genoa,7,road,DACHSE-6530,N/A,Genoa approach,2026-05-31T12:00Z,ITGOA,MEDIUM,1.2,CR-DACH,L-DEHAM-ITGOA,24629.0,44.5,30612.0,DDP,none,economy,2026-05-22T12:00Z,9.0,vessel_change,2026-05-30T03:00Z
S-701292,ORD-46117,P-EL-9001,Hamburg,Durban,17,ocean,MV NORDIC TRADER,9650779,Durban approach,2026-05-24T02:24Z,ZADUR,MEDIUM,1.5,CR-COSU,L-DEHAM-ZADUR,7746.0,40.8,1996.0,EXW,9,economy,2026-05-23T12:00Z,0.6,,2026-05-21T16:24Z
S-701293,ORD-49205,P-PW-1801,Valencia,Veracruz,10,ocean,MV CALEDONIAN BREEZE,9380568,off Valencia,2026-05-22T14:24Z,MXVER,MEDIUM,1.3,CR-ONEY,L-ESVLC-MXVER,16100.0,14.0,19347.0,DDP,none,premium,2026-05-21T12:00Z,1.1,,2026-05-19T21:24Z
S-701294,ORD-46600,P-PW-1801,Hamburg,Genoa,10,road,DACHSE-4249,N/A,84 nm from Genoa,2026-05-25T04:48Z,ITGOA,MEDIUM,1.2,CR-DACH,L-DEHAM-ITGOA,9037.0,21.0,2442.0,DAP,3,premium,2026-05-23T12:00Z,1.7,,2026-05-22T14:48Z
S-701295,ORD-49076,P-PK-4501,Busan,Los Angeles,11,ocean,MV ASIAN GLORY,9539843,off Busan,2026-05-27T09:36Z,USLAX,HIGH,2.6,CR-PILU,L-KRPUS-USLAX,19563.0,27.3,126.0,DDP,8,economy,2026-05-23T12:00Z,3.9,,2026-05-26T18:36Z
S-701296,ORD-49646,P-CH-2230,Tianjin,Hamburg,21,ocean,MV ASIAN PIONEER,9762288,in transit,2026-06-07T02:24Z,DEHAM,HIGH,3.2,CR-MAEU,L-CNTAO-DEHAM,10421.0,34.2,231.0,CIF,none,premium,2026-06-05T12:00Z,1.6,,2026-06-04T21:24Z
S-701297,ORD-45862,P-CH-2230,Busan,New York/New Jersey,6,ocean,MV NIPPON TRADER,9281601,New York/New Jersey approach,2026-06-11T00:00Z,USNYC,MEDIUM,1.6,CR-HLCU,L-KRPUS-USNYC,2836.0,52.2,321.0,DDP,none,standard,2026-06-10T12:00Z,0.5,,2026-06-10T10:00Z
S-701298,ORD-49006,P-SW-3001,Yantian,Los Angeles,16,ocean,MV ATLANTIC EXPRESS,9119963,off Yantian,2026-06-07T14:24Z,USLAX,HIGH,2.6,CR-KNES,L-CNYTN-USLAX,19323.0,47.8,4549.0,DAP,8,premium,2026-06-07T12:00Z,0.1,,2026-06-06T12:24Z
S-701299,ORD-46316,P-PK-4500,Busan,New York/New Jersey,15,ocean,MV NORDIC BREEZE,9275684,approaching New York/New Jersey,2026-06-06T09:36Z,USNYC,MEDIUM,1.6,CR-EGLV,L-KRPUS-USNYC,16574.0,12.5,30725.0,FOB,8,economy,2026-06-05T12:00Z,0.9,,2026-06-04T20:36Z
S-701300,ORD-48213,P-EL-9003,Hamburg,Genoa,14,road,XPO LO-6760,N/A,approaching Genoa,2026-05-27T21:36Z,ITGOA,MEDIUM,1.2,CR-XPOT,L-DEHAM-ITGOA,25714.0,2.6,5831.0,DDU,3,premium,2026-05-25T12:00Z,2.4,,2026-05-24T21:36Z
S-701301,ORD-45734,P-EL-9001,Yokohama,Los Angeles,19,ocean,MV CALEDONIAN PIONEER,9177242,approaching Los Angeles,2026-05-27T00:00Z,USLAX,HIGH,2.6,CR-PILU,L-JPYOK-USLAX,16817.0,7.3,6457.0,CIF,none,standard,2026-05-26T12:00Z,0.5,,2026-05-24T14:00Z
S-701302,ORD-45623,P-MC-7100,Busan,Los Angeles,36,ocean,MV ATLANTIC VICTORY,9910788,Los Angeles approach,2026-06-12T00:00Z,USLAX,HIGH,2.6,CR-YMLU,L-KRPUS-USLAX,14216.0,12.2,50722.0,FOB,none,standard,2026-06-07T12:00Z,4.5,customs_hold,2026-06-11T09:00Z
S-701303,ORD-47717,P-EL-9002,Shanghai,Rotterdam,20,ocean,MV TROPIC VICTORY,9305912,in transit,2026-06-17T19:12Z,NLRTM,LOW,0.4,CR-MSCU,L-CNSHA-NLRTM,14064.0,23.7,6389.0,DDU,none,premium,2026-06-15T12:00Z,2.3,,2026-06-17T18:12Z
S-701304,ORD-49812,P-PK-4501,Rotterdam,New York/New Jersey,22,ocean,MV NORDIC CRYSTAL,9499566,New York/New Jersey approach,2026-05-23T02:24Z,USNYC,MEDIUM,1.6,CR-WHLU,L-NLRTM-USNYC,749.0,50.7,91.0,CIF,none,economy,2026-05-20T12:00Z,2.6,,2026-05-22T14:24Z
S-701305,ORD-49165,P-CH-2210,Qingdao,Le Havre,9,ocean,MV NIPPON STAR,9408303,off Qingdao,2026-05-23T02:24Z,FRLEH,MEDIUM,1.0,CR-ONEY,L-CNQIN-FRLEH,3937.0,28.2,25112.0,FOB,none,premium,2026-05-24T12:00Z,-1.4,,2026-05-22T17:24Z
S-701306,ORD-47763,P-EL-9101,Jebel Ali (Dubai),Rotterdam,21,ocean,MV ARCTIC BREEZE,9697884,65 nm from Rotterdam,2026-05-23T19:12Z,NLRTM,LOW,0.4,CR-YMLU,L-AEDXB-NLRTM,8439.0,51.9,1714.0,EXW,none,standard,2026-05-22T12:00Z,1.3,,2026-05-21T05:12Z
S-701307,ORD-46627,P-MC-7200,Hong Kong,Rotterdam,18,ocean,MV PACIFIC BREEZE,9960110,41 nm from Rotterdam,2026-06-19T12:00Z,NLRTM,LOW,0.4,CR-YMLU,L-HKHKG-NLRTM,14503.0,41.3,238.0,DDU,3,premium,2026-06-19T12:00Z,0.0,customs_hold,2026-06-17T15:00Z
S-701308,ORD-48252,P-MC-7102,Rotterdam,New York/New Jersey,35,ocean,MV BALTIC PIONEER,9292549,167 nm from New York/New Jersey,2026-06-05T14:24Z,USNYC,MEDIUM,1.6,CR-MSCU,L-NLRTM-USNYC,23007.0,8.6,764.0,FOB,8,economy,2026-05-31T12:00Z,5.1,vessel_change,2026-06-02T21:24Z
S-701309,ORD-45628,P-PW-1850,Singapore,Felixstowe,26,ocean,MV TROPIC BREEZE,9551597,off Singapore,2026-06-12T00:00Z,GBFXT,MEDIUM,0.9,CR-CMDU,L-SGSIN-GBFXT,19114.0,18.2,18880.0,EXW,8,economy,2026-06-09T12:00Z,2.5,,2026-06-10T09:00Z
S-701310,ORD-48992,P-SN-5001,Jebel Ali (Dubai),Rotterdam,33,ocean,MV ARCTIC PIONEER,9833754,Rotterdam approach,2026-05-28T00:00Z,NLRTM,LOW,0.4,CR-HLCU,L-AEDXB-NLRTM,24356.0,35.7,962.0,DDU,none,standard,2026-05-26T12:00Z,1.5,,2026-05-25T05:00Z
S-701311,ORD-47630,P-SW-3001,Hamburg,Durban,33,ocean,MV ARCTIC BREEZE,9686499,approaching Durban,2026-06-12T09:36Z,ZADUR,MEDIUM,1.5,CR-HMMU,L-DEHAM-ZADUR,19608.0,59.5,14171.0,DAP,3,standard,2026-06-12T12:00Z,-0.1,,2026-06-11T14:36Z
S-701312,ORD-48238,P-MC-7102,Yantian,Callao (Lima),3,ocean,MV IBERIAN GUARDIAN,9631616,Callao (Lima) approach,2026-06-05T04:48Z,PEMRI,LOW,0.9,CR-DSVS,L-CNYTN-PEMRI,22832.0,24.3,9884.0,DDP,none,premium,2026-06-04T12:00Z,0.7,,2026-06-05T01:48Z
S-701313,ORD-49899,P-CH-2211,Singapore,Frankfurt am Main Airport,7,air,QT-CARGO-122,N/A,off Singapore,2026-05-24T21:36Z,DEFRA,LOW,0.1,CR-QTRA,L-SGSIN-DEFRA,3311.0,52.1,1751.0,EXW,none,standard,2026-05-24T12:00Z,0.4,,2026-05-23T03:36Z
S-701314,ORD-44518,P-CH-2210,Tianjin,Łódź Rail Terminal,21,rail,DB SCH-8180,N/A,Łódź Rail Terminal approach,2026-05-25T16:48Z,PLLDZ,LOW,0.2,CR-DBSC,L-CNTAO-PLLDZ,8413.0,35.5,8797.0,FOB,none,economy,2026-05-25T12:00Z,0.2,,2026-05-24T11:48Z
S-701315,ORD-47890,P-SW-3001,Singapore,Felixstowe,36,ocean,MV ARCTIC BREEZE,9242347,approaching Felixstowe,2026-06-18T21:36Z,GBFXT,MEDIUM,0.9,CR-WHLU,L-SGSIN-GBFXT,2027.0,50.0,4581.0,DDU,9,standard,2026-06-16T12:00Z,2.4,,2026-06-17T09:36Z
S-701316,ORD-47758,P-PW-1801,Tianjin,Łódź Rail Terminal,7,rail,DB SCH-4367,N/A,Łódź Rail Terminal approach,2026-05-24T04:48Z,PLLDZ,LOW,0.2,CR-DBSC,L-CNTAO-PLLDZ,5129.0,48.0,708.0,DDU,none,economy,2026-05-24T12:00Z,-0.3,,2026-05-21T13:48Z
S-701317,ORD-48314,P-MC-7100,Hamburg,Santos,29,ocean,MV ASIAN GUARDIAN,9678640,approaching Santos,2026-06-11T02:24Z,BRSSZ,MEDIUM,1.7,CR-EGLV,L-DEHAM-BRSSZ,10443.0,38.8,17146.0,DDP,9,premium,2026-06-08T12:00Z,2.6,,2026-06-08T20:24Z
S-701318,ORD-44911,P-PW-1802,Genoa,Charleston,3,ocean,MV TROPIC TRADER,9576651,177 nm from Charleston,2026-05-21T19:12Z,USCHS,LOW,0.7,CR-MAEU,L-ITGOA-USCHS,8609.0,30.4,5956.0,DAP,none,economy,2026-05-20T12:00Z,1.3,,2026-05-19T00:12Z
S-701319,ORD-46953,P-EL-9102,Yantian,Callao (Lima),30,ocean,MV NORDIC BREEZE,9524847,in transit,2026-06-10T12:00Z,PEMRI,LOW,0.9,CR-HMMU,L-CNYTN-PEMRI,25850.0,27.8,22555.0,DDU,3,standard,2026-06-09T12:00Z,1.0,,2026-06-08T17:00Z
S-701320,ORD-44951,P-PW-1801,Yantian,Los Angeles,17,ocean,MV PACIFIC BREEZE,9243996,in transit,2026-05-24T02:24Z,USLAX,HIGH,2.6,CR-CMDU,L-CNYTN-USLAX,15082.0,16.0,8184.0,DDP,none,premium,2026-05-21T12:00Z,2.6,,2026-05-21T19:24Z
S-701321,ORD-49109,P-MC-7100,Tianjin,Hamburg,35,ocean,MV ASIAN TRADER,9743963,45 nm from Hamburg,2026-05-29T00:00Z,DEHAM,HIGH,3.2,CR-PILU,L-CNTAO-DEHAM,17630.0,48.2,258.0,DDU,none,standard,2026-05-28T12:00Z,0.5,,2026-05-27T03:00Z
S-701322,ORD-48753,P-SW-3001,Jebel Ali (Dubai),Rotterdam,29,ocean,MV NORDIC EXPRESS,9207850,Rotterdam approach,2026-06-04T07:12Z,NLRTM,LOW,0.4,CR-DSVS,L-AEDXB-NLRTM,13499.0,30.8,4749.0,DAP,none,premium,2026-06-03T12:00Z,0.8,,2026-06-03T07:12Z
S-701323,ORD-48095,P-EL-9003,Hamburg,Santos,1,ocean,MV NIPPON VICTORY,9179345,Santos approach,2026-05-20T16:48Z,BRSSZ,MEDIUM,1.7,CR-HLCU,L-DEHAM-BRSSZ,7124.0,51.6,4426.0,DAP,none,standard,2026-05-20T12:00Z,0.2,,2026-05-20T09:48Z
S-701324,ORD-48585,P-PK-4501,Hamburg,Durban,10,ocean,MV NORDIC SPIRIT,9765272,off Hamburg,2026-06-11T19:12Z,ZADUR,MEDIUM,1.5,CR-HMMU,L-DEHAM-ZADUR,21140.0,53.5,374.0,DAP,none,economy,2026-06-11T12:00Z,0.3,,2026-06-11T02:12Z
S-701325,ORD-46637,P-MC-7101,Yantian,Callao (Lima),6,ocean,MV ASIAN PIONEER,9203976,Callao (Lima) approach,2026-06-01T00:00Z,PEMRI,LOW,0.9,CR-WHLU,L-CNYTN-PEMRI,14871.0,30.5,598.0,CIF,none,premium,2026-06-01T12:00Z,-0.5,,2026-05-30T04:00Z
S-701326,ORD-47236,P-MC-7100,Shanghai,Hamburg,6,ocean,MV NORDIC TRADER,9710190,44 nm from Hamburg,2026-06-25T07:12Z,DEHAM,HIGH,3.2,CR-ONEY,L-CNSHA-DEHAM,6372.0,60.0,8811.0,DDP,none,economy,2026-06-25T12:00Z,-0.2,,2026-06-23T02:12Z
S-701327,ORD-44372,P-EL-9102,Yantian,Frankfurt am Main Airport,1,air,UP-CARGO-826,N/A,in transit,2026-05-22T00:00Z,DEFRA,LOW,0.1,CR-UPSA,L-CNYTN-DEFRA,24767.0,21.5,1783.0,DDP,9,premium,2026-05-20T12:00Z,1.5,,2026-05-20T03:00Z
S-701328,ORD-48493,P-MC-7200,Busan,New York/New Jersey,4,ocean,MV PACIFIC TRADER,9277694,in transit,2026-05-23T12:00Z,USNYC,MEDIUM,1.6,CR-ONEY,L-KRPUS-USNYC,10276.0,48.9,10566.0,FOB,none,standard,2026-05-25T12:00Z,-2.0,,2026-05-21T13:00Z
S-701329,ORD-47270,P-PW-1850,Qingdao,Le Havre,22,ocean,MV ARCTIC CRYSTAL,9281092,in transit,2026-06-11T07:12Z,FRLEH,MEDIUM,1.0,CR-MSCU,L-CNQIN-FRLEH,23318.0,9.0,325.0,FOB,none,standard,2026-06-10T12:00Z,0.8,,2026-06-10T14:12Z
S-701330,ORD-47967,P-EL-9002,Busan,New York/New Jersey,5,ocean,MV CALEDONIAN GUARDIAN,9485643,22 nm from New York/New Jersey,2026-05-26T16:48Z,USNYC,MEDIUM,1.6,CR-MAEU,L-KRPUS-USNYC,18247.0,19.3,355.0,FOB,none,standard,2026-05-24T12:00Z,2.2,,2026-05-25T15:48Z
S-701331,ORD-48841,P-CH-2230,Busan,New York/New Jersey,29,ocean,MV ARCTIC GUARDIAN,9805537,off Busan,2026-06-03T14:24Z,USNYC,MEDIUM,1.6,CR-EGLV,L-KRPUS-USNYC,11987.0,2.7,1793.0,DDP,none,premium,2026-06-05T12:00Z,-1.9,vessel_change,2026-06-01T18:24Z
S-701332,ORD-46303,P-EL-9001,Salalah,Rotterdam,28,ocean,MV CALEDONIAN TRADER,9647331,approaching Rotterdam,2026-05-28T16:48Z,NLRTM,LOW,0.4,CR-MAEU,L-OMSLL-NLRTM,3849.0,49.7,143.0,EXW,none,premium,2026-05-30T12:00Z,-1.8,,2026-05-26T01:48Z
S-701333,ORD-45697,P-MC-7200,Hong Kong,Rotterdam,25,ocean,MV IBERIAN STAR,9557827,off Hong Kong,2026-05-26T02:24Z,NLRTM,LOW,0.4,CR-HMMU,L-HKHKG-NLRTM,16844.0,8.7,192007.0,FOB,none,economy,2026-05-25T12:00Z,0.6,,2026-05-26T00:24Z
S-701334,ORD-48988,P-PW-1802,Shanghai,Rotterdam,6,ocean,MV NIPPON CRYSTAL,9539805,136 nm from Rotterdam,2026-06-03T16:48Z,NLRTM,LOW,0.4,CR-CMDU,L-CNSHA-NLRTM,21877.0,55.9,591.0,DAP,none,economy,2026-06-04T12:00Z,-0.8,damage,2026-05-31T21:48Z
S-701335,ORD-44393,P-EL-9002,Hong Kong,Rotterdam,16,ocean,MV ATLANTIC SPIRIT,9592053,approaching Rotterdam,2026-06-13T02:24Z,NLRTM,LOW,0.4,CR-ZIMU,L-HKHKG-NLRTM,13234.0,21.1,4987.0,EXW,9,premium,2026-06-11T12:00Z,1.6,delayed,2026-06-12T23:24Z
S-701336,ORD-49187,P-SN-5001,Busan,New York/New Jersey,29,ocean,MV ARCTIC PIONEER,9738041,New York/New Jersey approach,2026-06-19T09:36Z,USNYC,MEDIUM,1.6,CR-PILU,L-KRPUS-USNYC,14956.0,40.3,28379.0,DAP,none,premium,2026-06-16T12:00Z,2.9,vessel_change,2026-06-17T17:36Z
S-701337,ORD-44066,P-SN-5001,Jebel Ali (Dubai),Rotterdam,20,ocean,MV PACIFIC GUARDIAN,9789206,Rotterdam approach,2026-05-28T19:12Z,NLRTM,LOW,0.4,CR-DSVS,L-AEDXB-NLRTM,8968.0,12.6,375.0,DDU,none,standard,2026-05-28T12:00Z,0.3,,2026-05-26T11:12Z
S-701338,ORD-45237,P-SN-5001,Shanghai,New York/New Jersey,2,ocean,MV ARCTIC CRYSTAL,9617915,New York/New Jersey approach,2026-05-30T14:24Z,USNYC,MEDIUM,1.6,CR-YMLU,L-CNSHA-USNYC,24528.0,40.0,2227.0,EXW,none,premium,2026-06-01T12:00Z,-1.9,,2026-05-29T01:24Z
S-701339,ORD-48858,P-CH-2211,Rotterdam,New York/New Jersey,4,ocean,MV NIPPON BREEZE,9991407,in transit,2026-06-01T07:12Z,USNYC,MEDIUM,1.6,CR-HLCU,L-NLRTM-USNYC,9875.0,9.5,3821.0,FOB,none,economy,2026-05-31T12:00Z,0.8,,2026-05-31T05:12Z
S-701340,ORD-46356,P-CH-2230,Rotterdam,Santos,8,ocean,MV NIPPON BREEZE,9529730,5 nm from Santos,2026-05-26T12:00Z,BRSSZ,MEDIUM,1.7,CR-COSU,L-NLRTM-BRSSZ,13884.0,51.9,5045.0,DDP,8,premium,2026-05-26T12:00Z,0.0,,2026-05-24T19:00Z
S-701341,ORD-48872,P-CH-2230,Chicago O'Hare Airport,Hong Kong,15,air,CX-CARGO-441,N/A,off Chicago O'Hare Airport,2026-05-27T02:24Z,HKHKG,LOW,0.8,CR-CXCA,L-USORD-HKHKG,5384.0,36.5,507.0,FOB,none,standard,2026-05-24T12:00Z,2.6,,2026-05-25T07:24Z
S-701342,ORD-45360,P-MC-7102,Hamburg,Santos,17,ocean,MV NORDIC BREEZE,9213652,72 nm from Santos,2026-05-20T02:24Z,BRSSZ,MEDIUM,1.7,CR-MAEU,L-DEHAM-BRSSZ,12503.0,5.9,869.0,DAP,3,economy,2026-05-20T12:00Z,-0.4,,2026-05-19T11:24Z
S-701343,ORD-49695,P-PW-1802,Rotterdam,Santos,3,ocean,MV NORDIC STAR,9996126,off Rotterdam,2026-05-29T09:36Z,BRSSZ,MEDIUM,1.7,CR-MAEU,L-NLRTM-BRSSZ,25893.0,32.5,58649.0,FOB,none,economy,2026-05-27T12:00Z,1.9,,2026-05-26T13:36Z
S-701344,ORD-48957,P-EL-9003,Hong Kong,Rotterdam,10,ocean,MV ATLANTIC STAR,9818712,off Hong Kong,2026-06-21T04:48Z,NLRTM,LOW,0.4,CR-ZIMU,L-HKHKG-NLRTM,7131.0,6.0,12234.0,DAP,8,standard,2026-06-21T12:00Z,-0.3,damage,2026-06-20T16:48Z
S-701345,ORD-49140,P-SW-3002,Hong Kong,Rotterdam,19,ocean,MV IBERIAN VICTORY,9297017,approaching Rotterdam,2026-05-29T02:24Z,NLRTM,LOW,0.4,CR-ZIMU,L-HKHKG-NLRTM,17193.0,11.7,1217.0,EXW,none,premium,2026-05-29T12:00Z,-0.4,port_congestion,2026-05-26T03:24Z
S-701346,ORD-46447,P-SW-3001,Hamburg,Santos,16,ocean,MV PACIFIC CRYSTAL,9390600,approaching Santos,2026-05-21T04:48Z,BRSSZ,MEDIUM,1.7,CR-DSVS,L-DEHAM-BRSSZ,19262.0,24.1,26227.0,DAP,none,premium,2026-05-20T12:00Z,0.7,,2026-05-18T16:48Z
S-701347,ORD-48413,P-MC-7100,Shanghai,Düsseldorf Rail Terminal,6,rail,DB SCH-2948,N/A,in transit,2026-06-06T04:48Z,DEDUS,LOW,0.2,CR-DBSC,L-CNSHA-DEDUS,9383.0,46.5,259.0,EXW,3,economy,2026-06-05T12:00Z,0.7,,2026-06-03T09:48Z
S-701348,ORD-47501,P-PW-1802,Ningbo,Rotterdam,8,ocean,MV IBERIAN STAR,9586627,off Ningbo,2026-05-22T12:00Z,NLRTM,LOW,0.4,CR-HLCU,L-CNNGB-NLRTM,25021.0,53.6,1686.0,EXW,none,standard,2026-05-21T12:00Z,1.0,,2026-05-22T11:00Z
S-701349,ORD-46625,P-PK-4500,Rotterdam,Santos,20,ocean,MV NORDIC BREEZE,9988336,176 nm from Santos,2026-05-30T09:36Z,BRSSZ,MEDIUM,1.7,CR-ZIMU,L-NLRTM-BRSSZ,7741.0,9.3,412.0,CIF,8,standard,2026-05-27T12:00Z,2.9,,2026-05-28T23:36Z
S-701350,ORD-44811,P-PW-1850,Hamburg,Genoa,32,road,XPO LO-9391,N/A,150 nm from Genoa,2026-05-25T00:00Z,ITGOA,MEDIUM,1.2,CR-XPOT,L-DEHAM-ITGOA,20481.0,8.1,52248.0,DDP,none,standard,2026-05-22T12:00Z,2.5,damage,2026-05-22T09:00Z
S-701351,ORD-46736,P-EL-9002,Salalah,Rotterdam,9,ocean,MV PACIFIC STAR,9717261,131 nm from Rotterdam,2026-06-02T04:48Z,NLRTM,LOW,0.4,CR-MAEU,L-OMSLL-NLRTM,5622.0,48.4,13609.0,EXW,9,standard,2026-06-01T12:00Z,0.7,,2026-06-01T21:48Z
S-701352,ORD-49618,P-MC-7100,Genoa,Charleston,4,ocean,MV IBERIAN SPIRIT,9315837,approaching Charleston,2026-06-04T21:36Z,USCHS,LOW,0.7,CR-MSCU,L-ITGOA-USCHS,21413.0,38.5,122718.0,FOB,none,economy,2026-06-02T12:00Z,2.4,,2026-06-02T13:36Z
S-701353,ORD-48366,P-CH-2211,Yantian,Hamburg,36,ocean,MV IBERIAN PIONEER,9414172,in transit,2026-06-23T07:12Z,DEHAM,HIGH,3.2,CR-COSU,L-CNYTN-DEHAM,18159.0,16.8,963.0,FOB,none,premium,2026-06-23T12:00Z,-0.2,port_congestion,2026-06-21T23:12Z
S-701354,ORD-46449,P-PW-1802,Mundra,Felixstowe,10,ocean,MV PACIFIC EXPRESS,9363682,approaching Felixstowe,2026-05-31T00:00Z,GBFXT,MEDIUM,0.9,CR-MSCU,L-INMUN-GBFXT,17517.0,31.2,897.0,CIF,9,economy,2026-05-24T12:00Z,6.5,port_congestion,2026-05-28T16:00Z
S-701355,ORD-44613,P-CH-2230,Frankfurt am Main Airport,Shanghai,36,air,UP-CARGO-665,N/A,54 nm from Shanghai,2026-05-25T16:48Z,CNSHA,MEDIUM,1.3,CR-UPSA,L-DEFRA-CNSHA,4532.0,21.0,35889.0,DDP,none,premium,2026-05-24T12:00Z,1.2,,2026-05-24T23:48Z
S-701356,ORD-44076,P-EL-9001,New York/New Jersey,London Heathrow Airport,4,air,EK-CARGO-748,N/A,126 nm from London Heathrow Airport,2026-05-22T14:24Z,LHRGB,LOW,0.1,CR-EKCA,L-USNYC-LHRGB,16695.0,22.7,920.0,DDP,none,standard,2026-05-21T12:00Z,1.1,,2026-05-22T08:24Z
S-701357,ORD-46543,P-PK-4501,Busan,New York/New Jersey,14,ocean,MV NIPPON PIONEER,9265040,124 nm from New York/New Jersey,2026-06-04T12:00Z,USNYC,MEDIUM,1.6,CR-MAEU,L-KRPUS-USNYC,4311.0,7.5,20.0,DAP,9,standard,2026-06-06T12:00Z,-2.0,,2026-06-01T13:00Z
S-701358,ORD-46339,P-EL-9101,Yokohama,Los Angeles,8,ocean,MV ASIAN BREEZE,9235148,in transit,2026-05-31T09:36Z,USLAX,HIGH,2.6,CR-ONEY,L-JPYOK-USLAX,11454.0,27.2,587.0,EXW,none,premium,2026-05-25T12:00Z,5.9,vessel_change,2026-05-29T20:36Z
S-701359,ORD-46262,P-PW-1801,Hong Kong,Oakland,24,ocean,MV IBERIAN EXPRESS,9844077,approaching Oakland,2026-05-26T16:48Z,USOAK,MEDIUM,1.4,CR-CMDU,L-HKHKG-USOAK,1109.0,15.4,101.0,DDP,8,standard,2026-05-26T12:00Z,0.2,,2026-05-24T16:48Z
S-701360,ORD-46263,P-PK-4500,Shanghai,Düsseldorf Rail Terminal,30,rail,DB SCH-6169,N/A,98 nm from Düsseldorf Rail Terminal,2026-06-09T07:12Z,DEDUS,LOW,0.2,CR-DBSC,L-CNSHA-DEDUS,3087.0,23.6,876.0,DDP,none,premium,2026-06-08T12:00Z,0.8,,2026-06-06T12:12Z
S-701361,ORD-45905,P-EL-9102,Busan,New York/New Jersey,14,ocean,MV ASIAN GLORY,9230867,in transit,2026-05-23T19:12Z,USNYC,MEDIUM,1.6,CR-WHLU,L-KRPUS-USNYC,12809.0,20.3,440.0,CIF,none,standard,2026-05-22T12:00Z,1.3,,2026-05-22T22:12Z
S-701362,ORD-46022,P-EL-9101,Rotterdam,Santos,26,ocean,MV ATLANTIC PIONEER,9159186,67 nm from Santos,2026-05-24T12:00Z,BRSSZ,MEDIUM,1.7,CR-MSCU,L-NLRTM-BRSSZ,25080.0,33.2,5033.0,DDU,none,premium,2026-05-23T12:00Z,1.0,,2026-05-23T17:00Z
S-701363,ORD-48600,P-EL-9001,Yantian,Frankfurt am Main Airport,3,air,FD-CARGO-509,N/A,Frankfurt am Main Airport approach,2026-05-20T21:36Z,DEFRA,LOW,0.1,CR-FDXA,L-CNYTN-DEFRA,8424.0,3.8,1456.0,DAP,none,standard,2026-05-21T12:00Z,-0.6,,2026-05-18T17:36Z
S-701364,ORD-49458,P-MC-7101,Rotterdam,Santos,27,ocean,MV PACIFIC VICTORY,9449999,off Rotterdam,2026-06-01T12:00Z,BRSSZ,MEDIUM,1.7,CR-YMLU,L-NLRTM-BRSSZ,9636.0,55.1,20982.0,DDP,none,standard,2026-06-01T12:00Z,-0.0,,2026-05-30T08:00Z
S-701365,ORD-46160,P-PW-1801,Jebel Ali (Dubai),Frankfurt am Main Airport,29,air,LH-CARGO-622,N/A,Frankfurt am Main Airport approach,2026-05-22T16:48Z,DEFRA,LOW,0.1,CR-LHCA,L-AEDXB-DEFRA,19732.0,2.3,252.0,DDP,none,standard,2026-05-20T12:00Z,2.2,damage,2026-05-19T23:48Z
S-701366,ORD-45337,P-PK-4501,Hamburg,Genoa,21,road,XPO LO-1588,N/A,in transit,2026-05-25T12:00Z,ITGOA,MEDIUM,1.2,CR-XPOT,L-DEHAM-ITGOA,6870.0,28.3,7428.0,FOB,none,standard,2026-05-20T12:00Z,5.0,damage,2026-05-23T05:00Z
S-701367,ORD-44831,P-SW-3001,Rotterdam,New York/New Jersey,24,ocean,MV ATLANTIC PIONEER,9778835,New York/New Jersey approach,2026-06-05T16:48Z,USNYC,MEDIUM,1.6,CR-MAEU,L-NLRTM-USNYC,12602.0,46.7,44265.0,DDP,none,premium,2026-06-01T12:00Z,4.2,customs_hold,2026-06-05T02:48Z
S-701368,ORD-47976,P-PK-4500,Genoa,Charleston,6,ocean,MV NIPPON GLORY,9351666,in transit,2026-05-29T02:24Z,USCHS,LOW,0.7,CR-DSVS,L-ITGOA-USCHS,5592.0,44.2,1242.0,DAP,3,economy,2026-05-29T12:00Z,-0.4,,2026-05-27T00:24Z
S-701369,ORD-46040,P-SW-3001,Shanghai,Rotterdam,21,ocean,MV PACIFIC EXPRESS,9476792,in transit,2026-05-28T00:00Z,NLRTM,LOW,0.4,CR-WHLU,L-CNSHA-NLRTM,14567.0,46.8,47990.0,DDP,none,standard,2026-05-28T12:00Z,-0.5,,2026-05-26T19:00Z
S-701370,ORD-49359,P-PW-1802,Shanghai,Rotterdam,28,ocean,MV ATLANTIC GLORY,9775353,Rotterdam approach,2026-06-12T12:00Z,NLRTM,LOW,0.4,CR-HLCU,L-CNSHA-NLRTM,9673.0,13.2,26266.0,EXW,none,standard,2026-06-12T12:00Z,-0.0,,2026-06-09T19:00Z
S-701371,ORD-48250,P-SW-3001,Chicago O'Hare Airport,Hong Kong,21,air,FD-CARGO-805,N/A,off Chicago O'Hare Airport,2026-05-18T12:00Z,HKHKG,LOW,0.8,CR-FDXA,L-USORD-HKHKG,6098.0,59.3,3245.0,EXW,3,standard,2026-05-20T12:00Z,-2.0,delayed,2026-05-17T20:00Z
S-701372,ORD-46911,P-SW-3002,Yantian,Hamburg,18,ocean,MV NORDIC CRYSTAL,9279427,Hamburg approach,2026-05-27T19:12Z,DEHAM,HIGH,3.2,CR-YMLU,L-CNYTN-DEHAM,15541.0,19.6,10834.0,DDU,none,standard,2026-05-26T12:00Z,1.3,,2026-05-24T19:12Z
S-701373,ORD-46033,P-CH-2211,Rotterdam,Santos,22,ocean,MV NIPPON BREEZE,9798618,approaching Santos,2026-05-25T04:48Z,BRSSZ,MEDIUM,1.7,CR-PILU,L-NLRTM-BRSSZ,14672.0,22.3,11110.0,EXW,none,standard,2026-05-24T12:00Z,0.7,,2026-05-24T06:48Z
S-701374,ORD-44070,P-SW-3002,Shanghai,Düsseldorf Rail Terminal,32,rail,DB SCH-6813,N/A,in transit,2026-06-11T12:00Z,DEDUS,LOW,0.2,CR-DBSC,L-CNSHA-DEDUS,5183.0,52.5,410.0,CIF,none,standard,2026-06-09T12:00Z,2.0,,2026-06-09T09:00Z
S-701375,ORD-46583,P-CH-2230,Singapore,Rotterdam,19,ocean,MV NIPPON PIONEER,9540306,approaching Rotterdam,2026-06-17T04:48Z,NLRTM,LOW,0.4,CR-YMLU,L-SGSIN-NLRTM,17597.0,58.2,1193.0,CIF,none,economy,2026-06-16T12:00Z,0.7,,2026-06-17T03:48Z
S-701376,ORD-49021,P-PK-4500,Shanghai,Los Angeles,17,ocean,MV NORDIC SPIRIT,9359942,approaching Los Angeles,2026-06-01T14:24Z,USLAX,HIGH,2.6,CR-WHLU,L-CNSHA-USLAX,18701.0,29.9,1067.0,FOB,none,standard,2026-05-31T12:00Z,1.1,,2026-05-29T20:24Z
S-701377,ORD-46516,P-PW-1850,Shanghai,Rotterdam,13,ocean,MV ARCTIC BREEZE,9875015,Rotterdam approach,2026-06-11T21:36Z,NLRTM,LOW,0.4,CR-PILU,L-CNSHA-NLRTM,19168.0,30.3,3040.0,EXW,9,premium,2026-06-10T12:00Z,1.4,vessel_change,2026-06-10T05:36Z
S-701378,ORD-47739,P-SW-3002,Tianjin,Hamburg,19,ocean,MV NIPPON PIONEER,9861289,in transit,2026-05-27T04:48Z,DEHAM,HIGH,3.2,CR-COSU,L-CNTAO-DEHAM,2636.0,22.8,1174.0,DDU,none,standard,2026-05-26T12:00Z,0.7,,2026-05-26T09:48Z
S-701379,ORD-45514,P-EL-9003,Nhava Sheva,Rotterdam,13,ocean,MV ASIAN EXPRESS,9638974,off Nhava Sheva,2026-05-23T21:36Z,NLRTM,LOW,0.4,CR-ZIMU,L-INNSA-NLRTM,16920.0,12.5,3884.0,DDU,none,standard,2026-05-22T12:00Z,1.4,,2026-05-21T22:36Z
S-701380,ORD-46658,P-SW-3001,Hong Kong,Frankfurt am Main Airport,12,air,AF-CARGO-187,N/A,99 nm from Frankfurt am Main Airport,2026-05-27T12:00Z,DEFRA,LOW,0.1,CR-AFKA,L-HKHKG-DEFRA,15979.0,24.6,26954.0,CIF,none,economy,2026-05-24T12:00Z,3.0,,2026-05-24T17:00Z
S-701381,ORD-48103,P-EL-9002,Yantian,Callao (Lima),6,ocean,MV PACIFIC BREEZE,9839289,144 nm from Callao (Lima),2026-06-09T00:00Z,PEMRI,LOW,0.9,CR-YMLU,L-CNYTN-PEMRI,7667.0,30.5,10516.0,FOB,8,premium,2026-06-07T12:00Z,1.5,,2026-06-07T18:00Z
S-701382,ORD-44104,P-EL-9001,Ningbo,Rotterdam,31,ocean,MV BALTIC GUARDIAN,9401217,off Ningbo,2026-06-23T00:00Z,NLRTM,LOW,0.4,CR-EGLV,L-CNNGB-NLRTM,15027.0,7.9,5258.0,DDU,none,economy,2026-06-23T12:00Z,-0.5,,2026-06-21T23:00Z
S-701383,ORD-49092,P-CH-2230,Qingdao,Le Havre,21,ocean,MV ATLANTIC VICTORY,9693772,in transit,2026-06-26T09:36Z,FRLEH,MEDIUM,1.0,CR-HMMU,L-CNQIN-FRLEH,9723.0,38.6,1253.0,CIF,3,standard,2026-06-23T12:00Z,2.9,,2026-06-23T15:36Z
S-701384,ORD-46077,P-MC-7100,Yantian,Callao (Lima),12,ocean,MV ARCTIC GUARDIAN,9241087,approaching Callao (Lima),2026-06-02T12:00Z,PEMRI,LOW,0.9,CR-KNES,L-CNYTN-PEMRI,13947.0,45.9,40186.0,DDU,none,standard,2026-06-04T12:00Z,-2.0,,2026-06-02T06:00Z
S-701385,ORD-45672,P-EL-9003,Busan,New York/New Jersey,22,ocean,MV NORDIC GUARDIAN,9238829,off Busan,2026-05-30T02:24Z,USNYC,MEDIUM,1.6,CR-CMDU,L-KRPUS-USNYC,25914.0,0.4,152366.0,DDP,3,standard,2026-05-29T12:00Z,0.6,,2026-05-29T13:24Z
S-701386,ORD-48246,P-SN-5001,Jebel Ali (Dubai),Rotterdam,26,ocean,MV CALEDONIAN GLORY,9559072,35 nm from Rotterdam,2026-05-27T14:24Z,NLRTM,LOW,0.4,CR-WHLU,L-AEDXB-NLRTM,6099.0,5.1,1158.0,EXW,8,economy,2026-05-27T12:00Z,0.1,,2026-05-27T11:24Z
S-701387,ORD-44878,P-PK-4501,Shanghai,New York/New Jersey,22,ocean,MV BALTIC GUARDIAN,9672813,New York/New Jersey approach,2026-05-21T14:24Z,USNYC,MEDIUM,1.6,CR-HLCU,L-CNSHA-USNYC,6378.0,47.7,11951.0,CIF,none,standard,2026-05-22T12:00Z,-0.9,,2026-05-19T15:24Z
S-701388,ORD-44516,P-EL-9102,Yantian,Hamburg,33,ocean,MV CALEDONIAN STAR,9836287,off Yantian,2026-06-17T12:00Z,DEHAM,HIGH,3.2,CR-COSU,L-CNYTN-DEHAM,24419.0,1.6,3159.0,DDP,9,standard,2026-06-19T12:00Z,-2.0,,2026-06-16T15:00Z
S-701389,ORD-48547,P-EL-9101,Shanghai,Düsseldorf Rail Terminal,9,rail,DB SCH-7853,N/A,Düsseldorf Rail Terminal approach,2026-05-20T04:48Z,DEDUS,LOW,0.2,CR-DBSC,L-CNSHA-DEDUS,21242.0,52.7,84583.0,DDU,none,economy,2026-05-21T12:00Z,-1.3,port_congestion,2026-05-19T10:48Z
S-701390,ORD-47859,P-SN-5001,Shanghai,Düsseldorf Rail Terminal,36,rail,DB SCH-9540,N/A,approaching Düsseldorf Rail Terminal,2026-05-24T09:36Z,DEDUS,LOW,0.2,CR-DBSC,L-CNSHA-DEDUS,25900.0,46.7,980.0,DDU,none,standard,2026-05-23T12:00Z,0.9,,2026-05-21T16:36Z
S-701391,ORD-46132,P-EL-9002,Yantian,Callao (Lima),17,ocean,MV NIPPON STAR,9471522,in transit,2026-06-05T02:24Z,PEMRI,LOW,0.9,CR-HMMU,L-CNYTN-PEMRI,20989.0,27.7,582.0,DDP,none,economy,2026-06-05T12:00Z,-0.4,,2026-06-03T04:24Z
S-701392,ORD-48910,P-PW-1850,Qingdao,Le Havre,32,ocean,MV IBERIAN BREEZE,9122300,Le Havre approach,2026-06-15T09:36Z,FRLEH,MEDIUM,1.0,CR-CMDU,L-CNQIN-FRLEH,9217.0,40.4,52459.0,EXW,none,standard,2026-06-14T12:00Z,0.9,,2026-06-12T15:36Z
S-701393,ORD-49222,P-PW-1801,Mundra,Felixstowe,34,ocean,MV NORDIC SPIRIT,9837681,Felixstowe approach,2026-06-01T02:24Z,GBFXT,MEDIUM,0.9,CR-KNES,L-INMUN-GBFXT,11541.0,49.3,44724.0,EXW,none,standard,2026-05-31T12:00Z,0.6,,2026-05-29T22:24Z
S-701394,ORD-44954,P-CH-2211,Frankfurt am Main Airport,Shanghai,15,air,UP-CARGO-706,N/A,Shanghai approach,2026-05-21T14:24Z,CNSHA,MEDIUM,1.3,CR-UPSA,L-DEFRA-CNSHA,6759.0,49.4,1467.0,DDU,none,standard,2026-05-21T12:00Z,0.1,,2026-05-20T15:24Z
S-701395,ORD-44131,P-EL-9101,Hamburg,Santos,35,ocean,MV PACIFIC GUARDIAN,9971959,in transit,2026-06-03T07:12Z,BRSSZ,MEDIUM,1.7,CR-YMLU,L-DEHAM-BRSSZ,23061.0,50.1,217.0,CIF,3,standard,2026-06-03T12:00Z,-0.2,,2026-06-03T06:12Z
S-701396,ORD-44566,P-MC-7102,Frankfurt am Main Airport,Shanghai,14,air,EK-CARGO-924,N/A,off Frankfurt am Main Airport,2026-05-26T12:00Z,CNSHA,MEDIUM,1.3,CR-EKCA,L-DEFRA-CNSHA,21259.0,9.8,250000,CIF,none,premium,2026-05-24T12:00Z,2.0,,2026-05-23T23:00Z
S-701397,ORD-48655,P-CH-2211,Shanghai,Düsseldorf Rail Terminal,23,rail,DB SCH-9905,N/A,in transit,2026-06-07T02:24Z,DEDUS,LOW,0.2,CR-DBSC,L-CNSHA-DEDUS,16084.0,41.9,321.0,EXW,none,standard,2026-06-05T12:00Z,1.6,,2026-06-07T00:24Z
S-701398,ORD-46955,P-EL-9101,Busan,Los Angeles,32,ocean,MV PACIFIC PIONEER,9490030,off Busan,2026-06-04T09:36Z,USLAX,HIGH,2.6,CR-EGLV,L-KRPUS-USLAX,6138.0,11.5,2264.0,DDU,none,standard,2026-05-30T12:00Z,4.9,damage,2026-06-04T05:36Z
S-701399,ORD-45297,P-CH-2210,Chicago O'Hare Airport,Hong Kong,10,air,LH-CARGO-869,N/A,Hong Kong approach,2026-05-26T09:36Z,HKHKG,LOW,0.8,CR-LHCA,L-USORD-HKHKG,21925.0,12.5,613.0,DAP,none,standard,2026-05-22T12:00Z,3.9,,2026-05-25T06:36Z
S-701400,ORD-47891,P-CH-2211,Shanghai,Düsseldorf Rail Terminal,24,rail,DB SCH-1773,N/A,off Shanghai,2026-05-22T02:24Z,DEDUS,LOW,0.2,CR-DBSC,L-CNSHA-DEDUS,23843.0,6.5,4263.0,FOB,none,premium,2026-05-23T12:00Z,-1.4,,2026-05-21T18:24Z
S-701401,ORD-49682,P-CH-2230,Tianjin,Łódź Rail Terminal,4,rail,DB SCH-8145,N/A,in transit,2026-05-20T12:00Z,PLLDZ,LOW,0.2,CR-DBSC,L-CNTAO-PLLDZ,7699.0,43.4,2146.0,EXW,none,premium,2026-05-20T12:00Z,0.0,,2026-05-18T06:00Z
S-701402,ORD-46685,P-SN-5001,Singapore,Felixstowe,24,ocean,MV ATLANTIC GLORY,9903222,in transit,2026-06-11T09:36Z,GBFXT,MEDIUM,0.9,CR-YMLU,L-SGSIN-GBFXT,1569.0,55.6,2619.0,FOB,none,premium,2026-06-11T12:00Z,-0.1,,2026-06-09T23:36Z
S-701403,ORD-46508,P-EL-9102,Salalah,Rotterdam,28,ocean,MV TROPIC SPIRIT,9598225,17 nm from Rotterdam,2026-05-23T00:00Z,NLRTM,LOW,0.4,CR-ZIMU,L-OMSLL-NLRTM,1310.0,56.2,1529.0,EXW,none,economy,2026-05-22T12:00Z,0.5,,2026-05-21T10:00Z
S-701404,ORD-49480,P-SW-3001,Hong Kong,Frankfurt am Main Airport,20,air,LH-CARGO-722,N/A,approaching Frankfurt am Main Airport,2026-05-21T14:24Z,DEFRA,LOW,0.1,CR-LHCA,L-HKHKG-DEFRA,5952.0,0.8,250000,DDU,none,standard,2026-05-22T12:00Z,-0.9,,2026-05-19T11:24Z
S-701405,ORD-44687,P-EL-9003,Hamburg,Genoa,10,road,DACHSE-6748,N/A,in transit,2026-05-28T16:48Z,ITGOA,MEDIUM,1.2,CR-DACH,L-DEHAM-ITGOA,16418.0,45.7,1004.0,CIF,none,premium,2026-05-24T12:00Z,4.2,port_congestion,2026-05-27T10:48Z
S-701406,ORD-45313,P-PK-4501,Qingdao,Le Havre,18,ocean,MV IBERIAN VICTORY,9122517,Le Havre approach,2026-06-03T09:36Z,FRLEH,MEDIUM,1.0,CR-KNES,L-CNQIN-FRLEH,128.0,3.7,2939.0,EXW,none,standard,2026-06-02T12:00Z,0.9,,2026-06-01T03:36Z
S-701407,ORD-48218,P-EL-9001,Shanghai,Rotterdam,7,ocean,MV NIPPON EXPRESS,9612819,off Shanghai,2026-05-26T19:12Z,NLRTM,LOW,0.4,CR-ONEY,L-CNSHA-NLRTM,12318.0,47.2,4192.0,FOB,none,premium,2026-05-26T12:00Z,0.3,,2026-05-26T01:12Z
S-701408,ORD-49069,P-PW-1801,Mundra,Felixstowe,8,ocean,MV PACIFIC PIONEER,9413903,off Mundra,2026-05-29T12:00Z,GBFXT,MEDIUM,0.9,CR-EGLV,L-INMUN-GBFXT,22453.0,25.9,2184.0,DDP,none,standard,2026-05-25T12:00Z,4.0,,2026-05-29T02:00Z
S-701409,ORD-49840,P-MC-7100,Ningbo,Rotterdam,21,ocean,MV BALTIC GLORY,9762459,off Ningbo,2026-06-19T14:24Z,NLRTM,LOW,0.4,CR-WHLU,L-CNNGB-NLRTM,15093.0,5.9,5726.0,DDU,none,standard,2026-06-19T12:00Z,0.1,,2026-06-18T01:24Z
S-701410,ORD-44666,P-CH-2211,Genoa,Charleston,26,ocean,MV CALEDONIAN VICTORY,9454477,off Genoa,2026-05-30T07:12Z,USCHS,LOW,0.7,CR-WHLU,L-ITGOA-USCHS,24781.0,27.4,2733.0,EXW,none,standard,2026-05-29T12:00Z,0.8,,2026-05-28T13:12Z
S-701411,ORD-46222,P-SN-5001,Jebel Ali (Dubai),Rotterdam,21,ocean,MV PACIFIC CRYSTAL,9833118,Rotterdam approach,2026-05-28T02:24Z,NLRTM,LOW,0.4,CR-MAEU,L-AEDXB-NLRTM,18657.0,43.7,537.0,EXW,none,premium,2026-05-28T12:00Z,-0.4,delayed,2026-05-27T12:24Z
S-701412,ORD-45821,P-MC-7100,Tokyo,Vancouver,13,ocean,MV NORDIC VICTORY,9314349,approaching Vancouver,2026-05-26T02:24Z,CASOG,LOW,0.6,CR-ONEY,L-JPTYO-CASOG,23036.0,2.7,15276.0,DAP,3,premium,2026-05-22T12:00Z,3.6,,2026-05-25T03:24Z
S-701413,ORD-47524,P-MC-7200,Hong Kong,Oakland,27,ocean,MV CALEDONIAN CRYSTAL,9724253,Oakland approach,2026-06-10T09:36Z,USOAK,MEDIUM,1.4,CR-MSCU,L-HKHKG-USOAK,960.0,32.5,638.0,DAP,9,premium,2026-06-09T12:00Z,0.9,vessel_change,2026-06-09T03:36Z
S-701414,ORD-44788,P-EL-9101,Singapore,Rotterdam,32,ocean,MV PACIFIC TRADER,9306169,off Singapore,2026-06-12T07:12Z,NLRTM,LOW,0.4,CR-HMMU,L-SGSIN-NLRTM,18378.0,53.2,24120.0,EXW,none,premium,2026-06-11T12:00Z,0.8,,2026-06-11T12:12Z
S-701415,ORD-47177,P-PW-1801,Salalah,Rotterdam,12,ocean,MV BALTIC SPIRIT,9175940,approaching Rotterdam,2026-05-22T21:36Z,NLRTM,LOW,0.4,CR-WHLU,L-OMSLL-NLRTM,11553.0,43.6,724.0,EXW,none,economy,2026-05-21T12:00Z,1.4,,2026-05-22T07:36Z
S-701416,ORD-48777,P-EL-9101,Tianjin,Hamburg,35,ocean,MV NIPPON GLORY,9605565,off Tianjin,2026-06-17T16:48Z,DEHAM,HIGH,3.2,CR-DSVS,L-CNTAO-DEHAM,24855.0,20.4,25683.0,DDU,none,premium,2026-06-16T12:00Z,1.2,,2026-06-16T05:48Z
S-701417,ORD-47920,P-EL-9003,Shanghai,Rotterdam,11,ocean,MV BALTIC EXPRESS,9965079,Rotterdam approach,2026-06-23T16:48Z,NLRTM,LOW,0.4,CR-HMMU,L-CNSHA-NLRTM,15079.0,1.8,1641.0,CIF,3,standard,2026-06-22T12:00Z,1.2,delayed,2026-06-23T07:48Z
S-701418,ORD-48761,P-CH-2230,Hong Kong,Oakland,13,ocean,MV ASIAN BREEZE,9330558,Oakland approach,2026-06-02T16:48Z,USOAK,MEDIUM,1.4,CR-MSCU,L-HKHKG-USOAK,2988.0,0.9,33452.0,EXW,none,premium,2026-06-03T12:00Z,-0.8,,2026-05-31T02:48Z
S-701419,ORD-47533,P-EL-9101,Singapore,Rotterdam,13,ocean,MV NORDIC GUARDIAN,9437272,in transit,2026-06-01T21:36Z,NLRTM,LOW,0.4,CR-EGLV,L-SGSIN-NLRTM,21916.0,7.8,3644.0,DAP,none,premium,2026-05-31T12:00Z,1.4,,2026-05-31T08:36Z
S-701420,ORD-45040,P-MC-7100,Shanghai,Hamburg,29,ocean,MV ASIAN TRADER,9959082,in transit,2026-05-29T09:36Z,DEHAM,HIGH,3.2,CR-DSVS,L-CNSHA-DEHAM,17067.0,21.8,23117.0,DDP,none,economy,2026-05-28T12:00Z,0.9,,2026-05-29T01:36Z
S-701421,ORD-45949,P-EL-9101,Yantian,Frankfurt am Main Airport,6,air,CX-CARGO-880,N/A,approaching Frankfurt am Main Airport,2026-05-20T19:12Z,DEFRA,LOW,0.1,CR-CXCA,L-CNYTN-DEFRA,20713.0,5.4,1940.0,DDP,3,economy,2026-05-22T12:00Z,-1.7,,2026-05-19T04:12Z
S-701422,ORD-46923,P-MC-7200,Hamburg,Genoa,27,road,XPO LO-1398,N/A,Genoa approach,2026-05-24T12:00Z,ITGOA,MEDIUM,1.2,CR-XPOT,L-DEHAM-ITGOA,8876.0,2.9,2590.0,DDU,none,standard,2026-05-22T12:00Z,2.0,port_congestion,2026-05-23T16:00Z
S-701423,ORD-49524,P-CH-2211,Rotterdam,New York/New Jersey,30,ocean,MV ATLANTIC BREEZE,9857556,approaching New York/New Jersey,2026-05-26T07:12Z,USNYC,MEDIUM,1.6,CR-YMLU,L-NLRTM-USNYC,14805.0,55.1,1462.0,EXW,none,standard,2026-05-20T12:00Z,5.8,vessel_change,2026-05-24T12:12Z
S-701424,ORD-48065,P-SN-5001,Rotterdam,New York/New Jersey,26,ocean,MV NIPPON TRADER,9892777,124 nm from New York/New Jersey,2026-05-27T09:36Z,USNYC,MEDIUM,1.6,CR-HLCU,L-NLRTM-USNYC,25942.0,42.0,503.0,DDU,none,standard,2026-05-23T12:00Z,3.9,,2026-05-27T08:36Z
S-701425,ORD-45282,P-EL-9101,Hong Kong,Frankfurt am Main Airport,21,air,DH-CARGO-515,N/A,Frankfurt am Main Airport approach,2026-05-21T19:12Z,DEFRA,LOW,0.1,CR-DHLA,L-HKHKG-DEFRA,398.0,38.2,14438.0,CIF,none,standard,2026-05-21T12:00Z,0.3,,2026-05-20T10:12Z
S-701426,ORD-47575,P-PK-4501,Busan,Los Angeles,11,ocean,MV IBERIAN PIONEER,9122916,90 nm from Los Angeles,2026-06-09T19:12Z,USLAX,HIGH,2.6,CR-ZIMU,L-KRPUS-USLAX,6318.0,13.9,2012.0,DAP,none,premium,2026-06-06T12:00Z,3.3,,2026-06-08T04:12Z
S-701427,ORD-45459,P-CH-2210,Nhava Sheva,Rotterdam,27,ocean,MV ARCTIC CRYSTAL,9847608,Rotterdam approach,2026-05-25T07:12Z,NLRTM,LOW,0.4,CR-COSU,L-INNSA-NLRTM,11002.0,12.9,160.0,DDP,8,standard,2026-05-23T12:00Z,1.8,,2026-05-22T10:12Z
S-701428,ORD-45066,P-SN-5001,Shanghai,Los Angeles,25,ocean,MV NORDIC SPIRIT,9388656,196 nm from Los Angeles,2026-05-28T14:24Z,USLAX,HIGH,2.6,CR-MAEU,L-CNSHA-USLAX,9044.0,52.9,23495.0,FOB,none,premium,2026-05-27T12:00Z,1.1,,2026-05-28T05:24Z
S-701429,ORD-49144,P-CH-2210,Shanghai,New York/New Jersey,31,ocean,MV ASIAN PIONEER,9696617,163 nm from New York/New Jersey,2026-06-10T16:48Z,USNYC,MEDIUM,1.6,CR-HMMU,L-CNSHA-USNYC,3060.0,25.2,6849.0,DAP,none,standard,2026-06-08T12:00Z,2.2,,2026-06-08T20:48Z
S-701430,ORD-48621,P-EL-9102,Yokohama,Los Angeles,1,ocean,MV ASIAN VICTORY,9589035,approaching Los Angeles,2026-06-03T07:12Z,USLAX,HIGH,2.6,CR-ZIMU,L-JPYOK-USLAX,25848.0,11.4,2158.0,DDP,none,premium,2026-05-24T12:00Z,9.8,port_congestion,2026-06-01T06:12Z
S-701431,ORD-49079,P-CH-2230,Rotterdam,New York/New Jersey,25,ocean,MV BALTIC BREEZE,9722182,in transit,2026-05-20T19:12Z,USNYC,MEDIUM,1.6,CR-WHLU,L-NLRTM-USNYC,17723.0,48.5,617.0,FOB,8,standard,2026-05-20T12:00Z,0.3,,2026-05-20T00:12Z
S-701432,ORD-45519,P-EL-9102,Rotterdam,Santos,14,ocean,MV ARCTIC TRADER,9954599,133 nm from Santos,2026-06-06T19:12Z,BRSSZ,MEDIUM,1.7,CR-EGLV,L-NLRTM-BRSSZ,3593.0,33.2,648.0,DDP,3,economy,2026-06-04T12:00Z,2.3,delayed,2026-06-05T04:12Z
S-701433,ORD-49420,P-PK-4500,Hamburg,Santos,18,ocean,MV NIPPON VICTORY,9218518,in transit,2026-06-08T12:00Z,BRSSZ,MEDIUM,1.7,CR-ZIMU,L-DEHAM-BRSSZ,12657.0,50.8,2703.0,EXW,none,economy,2026-06-06T12:00Z,2.0,,2026-06-06T03:00Z
S-701434,ORD-45437,P-PW-1802,Genoa,Charleston,28,ocean,MV BALTIC BREEZE,9244983,off Genoa,2026-05-25T00:00Z,USCHS,LOW,0.7,CR-YMLU,L-ITGOA-USCHS,19681.0,46.0,30548.0,CIF,none,standard,2026-05-24T12:00Z,0.5,,2026-05-23T05:00Z
S-701435,ORD-44621,P-MC-7101,Hamburg,Genoa,19,road,DACHSE-7834,N/A,in transit,2026-05-27T19:12Z,ITGOA,MEDIUM,1.2,CR-DACH,L-DEHAM-ITGOA,6671.0,31.4,689.0,FOB,none,standard,2026-05-24T12:00Z,3.3,,2026-05-25T15:12Z
S-701436,ORD-45257,P-PK-4500,Hamburg,Santos,30,ocean,MV PACIFIC TRADER,9641499,Santos approach,2026-05-21T16:48Z,BRSSZ,MEDIUM,1.7,CR-CMDU,L-DEHAM-BRSSZ,23379.0,59.4,754.0,DDP,none,economy,2026-05-22T12:00Z,-0.8,,2026-05-18T20:48Z
S-701437,ORD-47584,P-MC-7200,Chicago O'Hare Airport,Hong Kong,23,air,DH-CARGO-487,N/A,in transit,2026-05-27T02:24Z,HKHKG,LOW,0.8,CR-DHLA,L-USORD-HKHKG,20302.0,27.0,40842.0,EXW,8,standard,2026-05-22T12:00Z,4.6,vessel_change,2026-05-24T02:24Z
S-701438,ORD-45132,P-CH-2210,Hong Kong,Rotterdam,11,ocean,MV ARCTIC BREEZE,9867338,approaching Rotterdam,2026-06-12T00:00Z,NLRTM,LOW,0.4,CR-YMLU,L-HKHKG-NLRTM,21321.0,44.2,123.0,FOB,9,standard,2026-06-12T12:00Z,-0.5,,2026-06-09T19:00Z
S-701439,ORD-47075,P-PW-1850,Shanghai,Düsseldorf Rail Terminal,12,rail,DB SCH-7249,N/A,off Shanghai,2026-06-07T12:00Z,DEDUS,LOW,0.2,CR-DBSC,L-CNSHA-DEDUS,6883.0,28.7,17650.0,CIF,none,premium,2026-06-07T12:00Z,-0.0,,2026-06-07T11:00Z
S-701440,ORD-46677,P-MC-7102,Chicago O'Hare Airport,Hong Kong,26,air,AF-CARGO-951,N/A,approaching Hong Kong,2026-05-26T00:00Z,HKHKG,LOW,0.8,CR-AFKA,L-USORD-HKHKG,23610.0,18.8,428.0,DDU,3,premium,2026-05-24T12:00Z,1.5,,2026-05-24T08:00Z
S-701441,ORD-49876,P-MC-7100,Antwerp,New York/New Jersey,23,ocean,MV NIPPON GUARDIAN,9870067,off Antwerp,2026-05-31T00:00Z,USNYC,MEDIUM,1.6,CR-EGLV,L-BEANR-USNYC,17868.0,44.9,5749.0,DDU,none,standard,2026-05-22T12:00Z,8.5,delayed,2026-05-28T06:00Z
S-701442,ORD-47365,P-EL-9102,Qingdao,Le Havre,23,ocean,MV NORDIC CRYSTAL,9628888,approaching Le Havre,2026-06-09T04:48Z,FRLEH,MEDIUM,1.0,CR-YMLU,L-CNQIN-FRLEH,8477.0,14.8,2709.0,EXW,none,standard,2026-06-09T12:00Z,-0.3,,2026-06-06T12:48Z
S-701443,ORD-47192,P-EL-9101,Ningbo,Rotterdam,34,ocean,MV PACIFIC STAR,9171239,approaching Rotterdam,2026-05-22T02:24Z,NLRTM,LOW,0.4,CR-HLCU,L-CNNGB-NLRTM,7868.0,42.7,22823.0,DAP,none,premium,2026-05-21T12:00Z,0.6,,2026-05-21T09:24Z
S-701444,ORD-49685,P-EL-9003,Jebel Ali (Dubai),Rotterdam,25,ocean,MV IBERIAN GUARDIAN,9101110,in transit,2026-06-07T19:12Z,NLRTM,LOW,0.4,CR-ONEY,L-AEDXB-NLRTM,8914.0,27.4,293.0,DDU,8,standard,2026-06-06T12:00Z,1.3,,2026-06-06T02:12Z
S-701445,ORD-44687,P-CH-2210,Yantian,Frankfurt am Main Airport,32,air,CX-CARGO-606,N/A,158 nm from Frankfurt am Main Airport,2026-05-24T00:00Z,DEFRA,LOW,0.1,CR-CXCA,L-CNYTN-DEFRA,15383.0,50.7,4802.0,DDP,9,premium,2026-05-22T12:00Z,1.5,,2026-05-22T22:00Z
S-701446,ORD-48251,P-EL-9002,Yokohama,Los Angeles,26,ocean,MV NIPPON PIONEER,9884662,in transit,2026-05-23T12:00Z,USLAX,HIGH,2.6,CR-HMMU,L-JPYOK-USLAX,21293.0,16.0,2863.0,DDP,none,premium,2026-05-24T12:00Z,-1.0,,2026-05-21T02:00Z
S-701447,ORD-45601,P-MC-7101,Singapore,Rotterdam,12,ocean,MV ATLANTIC TRADER,9334724,67 nm from Rotterdam,2026-06-07T19:12Z,NLRTM,LOW,0.4,CR-WHLU,L-SGSIN-NLRTM,25640.0,35.6,2779.0,DDP,none,standard,2026-06-06T12:00Z,1.3,,2026-06-07T10:12Z
S-701448,ORD-45367,P-MC-7200,Tianjin,Łódź Rail Terminal,9,rail,DB SCH-9502,N/A,approaching Łódź Rail Terminal,2026-05-29T09:36Z,PLLDZ,LOW,0.2,CR-DBSC,L-CNTAO-PLLDZ,149.0,56.0,827.0,DAP,none,premium,2026-05-26T12:00Z,2.9,,2026-05-29T03:36Z
S-701449,ORD-49047,P-EL-9003,Yantian,Callao (Lima),6,ocean,MV TROPIC EXPRESS,9620469,Callao (Lima) approach,2026-06-14T16:48Z,PEMRI,LOW,0.9,CR-ONEY,L-CNYTN-PEMRI,22683.0,28.3,378.0,DDP,none,premium,2026-06-15T12:00Z,-0.8,,2026-06-11T18:48Z
S-701450,ORD-46890,P-PW-1850,Hong Kong,Oakland,1,ocean,MV ARCTIC VICTORY,9657951,approaching Oakland,2026-05-29T21:36Z,USOAK,MEDIUM,1.4,CR-KNES,L-HKHKG-USOAK,636.0,50.9,257.0,FOB,none,premium,2026-05-28T12:00Z,1.4,,2026-05-28T22:36Z
S-701451,ORD-48178,P-SW-3001,Tianjin,Hamburg,32,ocean,MV CALEDONIAN TRADER,9245044,Hamburg approach,2026-06-26T07:12Z,DEHAM,HIGH,3.2,CR-CMDU,L-CNTAO-DEHAM,24846.0,10.4,1852.0,FOB,none,premium,2026-06-25T12:00Z,0.8,,2026-06-24T12:12Z
S-701452,ORD-44338,P-EL-9101,Hong Kong,Oakland,13,ocean,MV ARCTIC VICTORY,9717454,Oakland approach,2026-05-31T21:36Z,USOAK,MEDIUM,1.4,CR-EGLV,L-HKHKG-USOAK,5308.0,7.0,6437.0,DAP,none,standard,2026-06-01T12:00Z,-0.6,,2026-05-31T04:36Z
S-701453,ORD-46521,P-PK-4500,Tianjin,Łódź Rail Terminal,26,rail,DB SCH-9955,N/A,192 nm from Łódź Rail Terminal,2026-06-06T14:24Z,PLLDZ,LOW,0.2,CR-DBSC,L-CNTAO-PLLDZ,23843.0,31.3,18938.0,DDU,9,premium,2026-06-05T12:00Z,1.1,,2026-06-06T09:24Z
S-701454,ORD-44658,P-MC-7102,Shanghai,Los Angeles,13,ocean,MV ATLANTIC VICTORY,9721384,approaching Los Angeles,2026-06-01T16:48Z,USLAX,HIGH,2.6,CR-DSVS,L-CNSHA-USLAX,21877.0,41.4,7732.0,DDP,8,standard,2026-05-31T12:00Z,1.2,delayed,2026-05-30T21:48Z
S-701455,ORD-45124,P-EL-9003,Hamburg,Durban,6,ocean,MV PACIFIC GLORY,9421812,in transit,2026-06-14T07:12Z,ZADUR,MEDIUM,1.5,CR-CMDU,L-DEHAM-ZADUR,20025.0,56.1,131.0,DDP,none,economy,2026-06-14T12:00Z,-0.2,,2026-06-14T05:12Z
S-701456,ORD-47120,P-CH-2211,Valencia,Veracruz,11,ocean,MV NIPPON BREEZE,9664233,Veracruz approach,2026-06-04T16:48Z,MXVER,MEDIUM,1.3,CR-HLCU,L-ESVLC-MXVER,6776.0,24.5,7862.0,FOB,none,premium,2026-06-03T12:00Z,1.2,,2026-06-03T23:48Z
S-701457,ORD-47247,P-MC-7101,Tianjin,Hamburg,5,ocean,MV NIPPON VICTORY,9598251,77 nm from Hamburg,2026-05-29T14:24Z,DEHAM,HIGH,3.2,CR-HMMU,L-CNTAO-DEHAM,21521.0,47.3,56.0,CIF,8,standard,2026-05-26T12:00Z,3.1,,2026-05-27T23:24Z
S-701458,ORD-46106,P-SN-5001,Shanghai,Düsseldorf Rail Terminal,16,rail,DB SCH-6807,N/A,Düsseldorf Rail Terminal approach,2026-06-09T04:48Z,DEDUS,LOW,0.2,CR-DBSC,L-CNSHA-DEDUS,7516.0,31.6,42146.0,DDU,3,economy,2026-06-07T12:00Z,1.7,,2026-06-07T09:48Z
S-701459,ORD-45901,P-SW-3001,Jebel Ali (Dubai),Rotterdam,13,ocean,MV ARCTIC STAR,9139432,36 nm from Rotterdam,2026-06-10T09:36Z,NLRTM,LOW,0.4,CR-ONEY,L-AEDXB-NLRTM,3420.0,12.8,6451.0,CIF,none,standard,2026-06-08T12:00Z,1.9,port_congestion,2026-06-09T00:36Z
S-701460,ORD-44748,P-SW-3001,Genoa,Charleston,4,ocean,MV ATLANTIC PIONEER,9475932,Charleston approach,2026-05-31T00:00Z,USCHS,LOW,0.7,CR-WHLU,L-ITGOA-USCHS,12190.0,9.6,344.0,DAP,none,standard,2026-05-30T12:00Z,0.5,,2026-05-29T14:00Z
S-701461,ORD-48037,P-EL-9001,Genoa,Charleston,33,ocean,MV ATLANTIC TRADER,9844726,off Genoa,2026-05-23T14:24Z,USCHS,LOW,0.7,CR-YMLU,L-ITGOA-USCHS,17105.0,37.4,24.0,CIF,none,standard,2026-05-22T12:00Z,1.1,,2026-05-21T07:24Z
S-701462,ORD-44738,P-MC-7100,Hong Kong,Frankfurt am Main Airport,21,air,AF-CARGO-166,N/A,off Hong Kong,2026-05-25T19:12Z,DEFRA,LOW,0.1,CR-AFKA,L-HKHKG-DEFRA,16870.0,6.1,835.0,DDU,none,economy,2026-05-24T12:00Z,1.3,,2026-05-23T06:12Z
S-701463,ORD-44840,P-CH-2230,Yantian,Callao (Lima),17,ocean,MV CALEDONIAN STAR,9392960,in transit,2026-06-05T21:36Z,PEMRI,LOW,0.9,CR-ONEY,L-CNYTN-PEMRI,14962.0,48.6,33.0,EXW,none,premium,2026-06-06T12:00Z,-0.6,,2026-06-05T01:36Z
S-701464,ORD-46941,P-MC-7200,Shanghai,Los Angeles,25,ocean,MV TROPIC SPIRIT,9700752,Los Angeles approach,2026-05-22T16:48Z,USLAX,HIGH,2.6,CR-WHLU,L-CNSHA-USLAX,9021.0,50.4,7711.0,CIF,none,economy,2026-05-21T12:00Z,1.2,,2026-05-19T22:48Z
S-701465,ORD-45730,P-PW-1802,Jebel Ali (Dubai),Frankfurt am Main Airport,5,air,EK-CARGO-778,N/A,off Jebel Ali (Dubai),2026-05-24T09:36Z,DEFRA,LOW,0.1,CR-EKCA,L-AEDXB-DEFRA,3665.0,13.5,40274.0,DAP,none,premium,2026-05-23T12:00Z,0.9,,2026-05-24T02:36Z
S-701466,ORD-45938,P-MC-7101,Singapore,Frankfurt am Main Airport,9,air,EK-CARGO-825,N/A,in transit,2026-05-21T21:36Z,DEFRA,LOW,0.1,CR-EKCA,L-SGSIN-DEFRA,11868.0,1.3,67794.0,FOB,none,standard,2026-05-21T12:00Z,0.4,delayed,2026-05-19T20:36Z
S-701467,ORD-47495,P-CH-2211,Tianjin,Hamburg,29,ocean,MV BALTIC STAR,9816579,approaching Hamburg,2026-05-31T09:36Z,DEHAM,HIGH,3.2,CR-EGLV,L-CNTAO-DEHAM,2194.0,19.8,17667.0,EXW,3,standard,2026-05-27T12:00Z,3.9,,2026-05-29T01:36Z
S-701468,ORD-46225,P-CH-2230,Salalah,Rotterdam,1,ocean,MV PACIFIC PIONEER,9569526,Rotterdam approach,2026-06-04T09:36Z,NLRTM,LOW,0.4,CR-MAEU,L-OMSLL-NLRTM,16989.0,27.8,6684.0,CIF,none,standard,2026-06-03T12:00Z,0.9,,2026-06-04T02:36Z
S-701469,ORD-45975,P-EL-9003,Chicago O'Hare Airport,Hong Kong,12,air,EK-CARGO-217,N/A,Hong Kong approach,2026-05-25T02:24Z,HKHKG,LOW,0.8,CR-EKCA,L-USORD-HKHKG,18266.0,30.7,4712.0,DAP,8,premium,2026-05-22T12:00Z,2.6,,2026-05-24T03:24Z
S-701470,ORD-46557,P-MC-7100,Shanghai,Hamburg,12,ocean,MV ARCTIC GUARDIAN,9958161,approaching Hamburg,2026-06-15T07:12Z,DEHAM,HIGH,3.2,CR-KNES,L-CNSHA-DEHAM,17395.0,51.9,1012.0,CIF,none,standard,2026-06-14T12:00Z,0.8,,2026-06-13T05:12Z
S-701471,ORD-45910,P-EL-9002,Rotterdam,Santos,18,ocean,MV IBERIAN EXPRESS,9389771,115 nm from Santos,2026-06-10T12:00Z,BRSSZ,MEDIUM,1.7,CR-CMDU,L-NLRTM-BRSSZ,21511.0,5.6,2247.0,FOB,none,premium,2026-06-12T12:00Z,-2.0,,2026-06-09T02:00Z
S-701472,ORD-47452,P-MC-7101,Qingdao,Le Havre,15,ocean,MV ARCTIC VICTORY,9975971,100 nm from Le Havre,2026-06-21T21:36Z,FRLEH,MEDIUM,1.0,CR-ZIMU,L-CNQIN-FRLEH,10817.0,33.0,63.0,EXW,9,standard,2026-06-21T12:00Z,0.4,,2026-06-20T10:36Z
S-701473,ORD-46474,P-EL-9003,Yantian,Los Angeles,35,ocean,MV NIPPON TRADER,9382401,off Yantian,2026-05-31T09:36Z,USLAX,HIGH,2.6,CR-DSVS,L-CNYTN-USLAX,10999.0,21.9,21566.0,CIF,none,premium,2026-06-01T12:00Z,-1.1,,2026-05-29T03:36Z
S-701474,ORD-47149,P-CH-2210,Antwerp,New York/New Jersey,18,ocean,MV NORDIC BREEZE,9127272,162 nm from New York/New Jersey,2026-05-29T07:12Z,USNYC,MEDIUM,1.6,CR-COSU,L-BEANR-USNYC,21188.0,41.5,191.0,DDP,8,economy,2026-05-24T12:00Z,4.8,vessel_change,2026-05-27T10:12Z
S-701475,ORD-47231,P-CH-2230,Shanghai,Los Angeles,3,ocean,MV PACIFIC STAR,9129265,in transit,2026-06-02T16:48Z,USLAX,HIGH,2.6,CR-HLCU,L-CNSHA-USLAX,17093.0,20.2,3278.0,EXW,none,premium,2026-06-03T12:00Z,-0.8,,2026-06-02T12:48Z
S-701476,ORD-44958,P-PW-1802,Jebel Ali (Dubai),Rotterdam,5,ocean,MV BALTIC GLORY,9923467,off Jebel Ali (Dubai),2026-06-01T09:36Z,NLRTM,LOW,0.4,CR-YMLU,L-AEDXB-NLRTM,23685.0,29.9,20675.0,DDP,none,standard,2026-05-31T12:00Z,0.9,damage,2026-05-31T01:36Z
S-701477,ORD-47898,P-MC-7200,Shanghai,Rotterdam,26,ocean,MV NIPPON CRYSTAL,9817872,approaching Rotterdam,2026-06-02T14:24Z,NLRTM,LOW,0.4,CR-PILU,L-CNSHA-NLRTM,17214.0,27.1,919.0,EXW,none,standard,2026-06-02T12:00Z,0.1,,2026-05-30T16:24Z
S-701478,ORD-48348,P-SW-3001,Jebel Ali (Dubai),Rotterdam,10,ocean,MV TROPIC CRYSTAL,9563834,approaching Rotterdam,2026-05-27T07:12Z,NLRTM,LOW,0.4,CR-EGLV,L-AEDXB-NLRTM,3072.0,19.3,2837.0,EXW,none,premium,2026-05-24T12:00Z,2.8,,2026-05-25T05:12Z
S-701479,ORD-46464,P-PW-1850,Frankfurt am Main Airport,Shanghai,28,air,AF-CARGO-877,N/A,in transit,2026-05-23T21:36Z,CNSHA,MEDIUM,1.3,CR-AFKA,L-DEFRA-CNSHA,6692.0,16.1,12598.0,DDU,none,economy,2026-05-22T12:00Z,1.4,,2026-05-21T03:36Z
S-701480,ORD-49659,P-EL-9003,Yantian,Callao (Lima),23,ocean,MV NORDIC SPIRIT,9339214,81 nm from Callao (Lima),2026-05-24T09:36Z,PEMRI,LOW,0.9,CR-DSVS,L-CNYTN-PEMRI,5194.0,8.8,4661.0,DDU,9,economy,2026-05-21T12:00Z,2.9,,2026-05-24T01:36Z
S-701481,ORD-49761,P-EL-9102,Hong Kong,Frankfurt am Main Airport,29,air,DH-CARGO-134,N/A,in transit,2026-05-22T07:12Z,DEFRA,LOW,0.1,CR-DHLA,L-HKHKG-DEFRA,14197.0,40.7,646.0,DAP,none,standard,2026-05-21T12:00Z,0.8,,2026-05-20T15:12Z
S-701482,ORD-49771,P-PW-1801,Yokohama,Los Angeles,15,ocean,MV ARCTIC VICTORY,9913512,Los Angeles approach,2026-06-04T04:48Z,USLAX,HIGH,2.6,CR-HLCU,L-JPYOK-USLAX,19650.0,8.0,2189.0,DDU,3,economy,2026-06-02T12:00Z,1.7,,2026-06-03T10:48Z
S-701483,ORD-48859,P-SN-5001,Hamburg,Santos,8,ocean,MV IBERIAN VICTORY,9440891,in transit,2026-06-03T16:48Z,BRSSZ,MEDIUM,1.7,CR-CMDU,L-DEHAM-BRSSZ,25634.0,11.7,7161.0,DDP,none,premium,2026-06-02T12:00Z,1.2,,2026-06-02T08:48Z
S-701484,ORD-46662,P-MC-7101,Qingdao,Le Havre,36,ocean,MV ATLANTIC SPIRIT,9413421,Le Havre approach,2026-06-09T19:12Z,FRLEH,MEDIUM,1.0,CR-YMLU,L-CNQIN-FRLEH,17551.0,35.1,7115.0,FOB,8,premium,2026-06-10T12:00Z,-0.7,,2026-06-08T22:12Z
S-701485,ORD-45950,P-EL-9001,Tokyo,Vancouver,21,ocean,MV ARCTIC STAR,9156747,55 nm from Vancouver,2026-06-04T19:12Z,CASOG,LOW,0.6,CR-MAEU,L-JPTYO-CASOG,9373.0,12.5,1101.0,DDU,none,standard,2026-05-30T12:00Z,5.3,damage,2026-06-04T17:12Z
S-701486,ORD-44626,P-MC-7100,Los Angeles,Sydney Kingsford Smith Airport,19,air,QT-CARGO-299,N/A,49 nm from Sydney Kingsford Smith Airport,2026-05-22T16:48Z,AUSYD,LOW,0.1,CR-QTRA,L-USLAX-AUSYD,7563.0,17.9,63965.0,DAP,3,premium,2026-05-23T12:00Z,-0.8,,2026-05-20T19:48Z
S-701487,ORD-47307,P-EL-9101,Hong Kong,Rotterdam,27,ocean,MV PACIFIC SPIRIT,9117458,111 nm from Rotterdam,2026-05-23T02:24Z,NLRTM,LOW,0.4,CR-YMLU,L-HKHKG-NLRTM,4450.0,13.5,707.0,EXW,8,economy,2026-05-20T12:00Z,2.6,,2026-05-20T05:24Z
S-701488,ORD-47039,P-EL-9003,Rotterdam,Santos,15,ocean,MV ASIAN STAR,9383848,approaching Santos,2026-06-09T09:36Z,BRSSZ,MEDIUM,1.7,CR-WHLU,L-NLRTM-BRSSZ,23187.0,23.7,7677.0,FOB,none,premium,2026-06-09T12:00Z,-0.1,,2026-06-07T22:36Z
S-701489,ORD-46035,P-EL-9002,Hong Kong,Oakland,35,ocean,MV CALEDONIAN EXPRESS,9456907,186 nm from Oakland,2026-05-26T12:00Z,USOAK,MEDIUM,1.4,CR-COSU,L-HKHKG-USOAK,13169.0,6.1,11141.0,FOB,none,standard,2026-05-26T12:00Z,0.0,,2026-05-24T14:00Z
S-701490,ORD-49971,P-SN-5001,Shanghai,Los Angeles,23,ocean,MV IBERIAN STAR,9982935,Los Angeles approach,2026-05-29T02:24Z,USLAX,HIGH,2.6,CR-COSU,L-CNSHA-USLAX,19249.0,5.3,26932.0,DDP,none,standard,2026-05-27T12:00Z,1.6,vessel_change,2026-05-27T13:24Z
S-701491,ORD-46671,P-EL-9002,Chicago O'Hare Airport,Hong Kong,17,air,AF-CARGO-459,N/A,approaching Hong Kong,2026-05-25T04:48Z,HKHKG,LOW,0.8,CR-AFKA,L-USORD-HKHKG,18200.0,27.3,4624.0,FOB,3,premium,2026-05-20T12:00Z,4.7,damage,2026-05-24T19:48Z
S-701492,ORD-44063,P-MC-7102,Rotterdam,Santos,15,ocean,MV ATLANTIC GUARDIAN,9405647,Santos approach,2026-06-10T16:48Z,BRSSZ,MEDIUM,1.7,CR-PILU,L-NLRTM-BRSSZ,14187.0,6.2,229560.0,DAP,none,premium,2026-06-11T12:00Z,-0.8,,2026-06-09T09:48Z
S-701493,ORD-46896,P-CH-2230,Yantian,Hamburg,34,ocean,MV ARCTIC EXPRESS,9348080,in transit,2026-05-31T21:36Z,DEHAM,HIGH,3.2,CR-YMLU,L-CNYTN-DEHAM,6667.0,51.6,758.0,EXW,none,premium,2026-06-01T12:00Z,-0.6,,2026-05-29T00:36Z
S-701494,ORD-44055,P-PW-1801,Los Angeles,Sydney Kingsford Smith Airport,5,air,EK-CARGO-966,N/A,in transit,2026-05-24T09:36Z,AUSYD,LOW,0.1,CR-EKCA,L-USLAX-AUSYD,2661.0,48.7,987.0,CIF,9,premium,2026-05-21T12:00Z,2.9,,2026-05-23T06:36Z
S-701495,ORD-48594,P-PW-1850,Yantian,Callao (Lima),5,ocean,MV ASIAN SPIRIT,9154310,109 nm from Callao (Lima),2026-05-26T00:00Z,PEMRI,LOW,0.9,CR-ZIMU,L-CNYTN-PEMRI,3509.0,45.3,52.0,DDU,none,economy,2026-05-24T12:00Z,1.5,,2026-05-23T06:00Z
S-701496,ORD-48969,P-SW-3001,Nhava Sheva,Rotterdam,14,ocean,MV CALEDONIAN PIONEER,9262785,in transit,2026-06-14T04:48Z,NLRTM,LOW,0.4,CR-HLCU,L-INNSA-NLRTM,708.0,45.5,1504.0,EXW,none,premium,2026-06-13T12:00Z,0.7,,2026-06-11T07:48Z
S-701497,ORD-48261,P-EL-9102,Shanghai,Hamburg,31,ocean,MV BALTIC BREEZE,9908407,Hamburg approach,2026-05-22T19:12Z,DEHAM,HIGH,3.2,CR-PILU,L-CNSHA-DEHAM,7022.0,7.7,353.0,EXW,none,standard,2026-05-22T12:00Z,0.3,,2026-05-21T13:12Z
S-701498,ORD-46340,P-CH-2210,Shanghai,Hamburg,17,ocean,MV IBERIAN GUARDIAN,9753502,in transit,2026-06-22T09:36Z,DEHAM,HIGH,3.2,CR-PILU,L-CNSHA-DEHAM,2015.0,42.4,19679.0,FOB,none,premium,2026-06-21T12:00Z,0.9,,2026-06-22T05:36Z
S-701499,ORD-48268,P-EL-9102,Salalah,Rotterdam,13,ocean,MV TROPIC PIONEER,9241390,92 nm from Rotterdam,2026-06-02T04:48Z,NLRTM,LOW,0.4,CR-WHLU,L-OMSLL-NLRTM,23109.0,41.7,7265.0,DAP,none,premium,2026-06-03T12:00Z,-1.3,,2026-05-31T22:48Z
S-701500,ORD-48802,P-SW-3002,Yokohama,Los Angeles,24,ocean,MV NIPPON GLORY,9941312,in transit,2026-06-02T04:48Z,USLAX,HIGH,2.6,CR-ONEY,L-JPYOK-USLAX,17996.0,41.4,1512.0,DDU,none,standard,2026-05-28T12:00Z,4.7,port_congestion,2026-05-30T11:48Z
S-701501,ORD-46660,P-PW-1850,Shanghai,Rotterdam,36,ocean,MV ASIAN EXPRESS,9664362,approaching Rotterdam,2026-05-22T19:12Z,NLRTM,LOW,0.4,CR-ZIMU,L-CNSHA-NLRTM,4506.0,38.2,757.0,FOB,none,standard,2026-05-21T12:00Z,1.3,,2026-05-19T19:12Z
S-701502,ORD-47581,P-EL-9002,Shanghai,Los Angeles,34,ocean,MV ASIAN STAR,9861459,Los Angeles approach,2026-06-06T21:36Z,USLAX,HIGH,2.6,CR-MAEU,L-CNSHA-USLAX,22902.0,47.0,402.0,FOB,none,economy,2026-06-05T12:00Z,1.4,,2026-06-06T10:36Z
S-701503,ORD-45259,P-PK-4501,Singapore,Felixstowe,19,ocean,MV PACIFIC CRYSTAL,9824703,79 nm from Felixstowe,2026-06-23T12:00Z,GBFXT,MEDIUM,0.9,CR-COSU,L-SGSIN-GBFXT,11701.0,44.3,17132.0,CIF,8,premium,2026-06-21T12:00Z,2.0,,2026-06-22T18:00Z
S-701504,ORD-47353,P-PK-4500,Singapore,Rotterdam,17,ocean,MV PACIFIC GLORY,9448857,approaching Rotterdam,2026-06-06T12:00Z,NLRTM,LOW,0.4,CR-COSU,L-SGSIN-NLRTM,14930.0,26.8,2407.0,DDU,none,standard,2026-06-06T12:00Z,0.0,,2026-06-04T02:00Z
S-701505,ORD-46817,P-MC-7100,Yokohama,Los Angeles,22,ocean,MV TROPIC PIONEER,9473853,119 nm from Los Angeles,2026-06-02T04:48Z,USLAX,HIGH,2.6,CR-MAEU,L-JPYOK-USLAX,14238.0,33.3,1062.0,DDP,8,economy,2026-05-29T12:00Z,3.7,,2026-06-02T01:48Z
S-701506,ORD-49416,P-CH-2230,New York/New Jersey,London Heathrow Airport,2,air,DH-CARGO-951,N/A,in transit,2026-05-23T04:48Z,LHRGB,LOW,0.1,CR-DHLA,L-USNYC-LHRGB,10824.0,34.1,2114.0,DDU,none,standard,2026-05-22T12:00Z,0.7,,2026-05-21T15:48Z
S-701507,ORD-48581,P-PW-1802,Valencia,Veracruz,15,ocean,MV ATLANTIC BREEZE,9115145,159 nm from Veracruz,2026-06-07T02:24Z,MXVER,MEDIUM,1.3,CR-HLCU,L-ESVLC-MXVER,10587.0,56.8,250.0,CIF,none,standard,2026-06-05T12:00Z,1.6,,2026-06-06T19:24Z
S-701508,ORD-46525,P-EL-9003,Busan,New York/New Jersey,6,ocean,MV BALTIC GUARDIAN,9898843,New York/New Jersey approach,2026-05-28T21:36Z,USNYC,MEDIUM,1.6,CR-YMLU,L-KRPUS-USNYC,11890.0,11.2,5457.0,EXW,none,premium,2026-05-28T12:00Z,0.4,,2026-05-26T05:36Z
S-701509,ORD-47283,P-EL-9102,Jebel Ali (Dubai),Frankfurt am Main Airport,35,air,QT-CARGO-422,N/A,approaching Frankfurt am Main Airport,2026-05-20T19:12Z,DEFRA,LOW,0.1,CR-QTRA,L-AEDXB-DEFRA,19516.0,46.8,19040.0,DDU,none,premium,2026-05-21T12:00Z,-0.7,,2026-05-20T12:12Z
S-701510,ORD-44046,P-CH-2230,Ningbo,Rotterdam,15,ocean,MV TROPIC GLORY,9799254,Rotterdam approach,2026-06-06T00:00Z,NLRTM,LOW,0.4,CR-CMDU,L-CNNGB-NLRTM,23697.0,36.4,886.0,DDP,9,premium,2026-06-05T12:00Z,0.5,,2026-06-05T05:00Z
S-701511,ORD-45799,P-PK-4500,Hamburg,Genoa,17,road,XPO LO-8548,N/A,121 nm from Genoa,2026-05-19T12:00Z,ITGOA,MEDIUM,1.2,CR-XPOT,L-DEHAM-ITGOA,25450.0,54.9,2129.0,DDP,8,premium,2026-05-21T12:00Z,-2.0,,2026-05-17T02:00Z
S-701512,ORD-48831,P-CH-2211,Jebel Ali (Dubai),Frankfurt am Main Airport,33,air,UP-CARGO-350,N/A,off Jebel Ali (Dubai),2026-05-23T14:24Z,DEFRA,LOW,0.1,CR-UPSA,L-AEDXB-DEFRA,10997.0,21.8,338.0,DDU,3,economy,2026-05-23T12:00Z,0.1,,2026-05-23T08:24Z
S-701513,ORD-47314,P-MC-7101,Tokyo,Vancouver,36,ocean,MV NORDIC BREEZE,9639888,approaching Vancouver,2026-06-03T04:48Z,CASOG,LOW,0.6,CR-ZIMU,L-JPTYO-CASOG,14502.0,31.5,32635.0,EXW,none,standard,2026-06-03T12:00Z,-0.3,,2026-06-01T21:48Z
S-701514,ORD-48080,P-MC-7102,Tianjin,Łódź Rail Terminal,20,rail,DB SCH-5314,N/A,off Tianjin,2026-06-05T21:36Z,PLLDZ,LOW,0.2,CR-DBSC,L-CNTAO-PLLDZ,13769.0,4.0,33894.0,EXW,none,premium,2026-06-05T12:00Z,0.4,,2026-06-04T22:36Z
S-701515,ORD-48999,P-CH-2211,Chicago O'Hare Airport,Hong Kong,34,air,DH-CARGO-595,N/A,in transit,2026-05-25T02:24Z,HKHKG,LOW,0.8,CR-DHLA,L-USORD-HKHKG,10191.0,41.5,889.0,CIF,none,standard,2026-05-22T12:00Z,2.6,,2026-05-24T06:24Z
S-701516,ORD-48953,P-SW-3002,Los Angeles,Sydney Kingsford Smith Airport,13,air,QT-CARGO-531,N/A,in transit,2026-05-21T16:48Z,AUSYD,LOW,0.1,CR-QTRA,L-USLAX-AUSYD,10207.0,49.6,330.0,DDP,9,standard,2026-05-20T12:00Z,1.2,,2026-05-20T00:48Z
S-701517,ORD-46915,P-CH-2230,Tianjin,Łódź Rail Terminal,2,rail,DB SCH-7408,N/A,83 nm from Łódź Rail Terminal,2026-05-30T21:36Z,PLLDZ,LOW,0.2,CR-DBSC,L-CNTAO-PLLDZ,6948.0,17.0,18737.0,CIF,8,standard,2026-05-30T12:00Z,0.4,,2026-05-30T10:36Z
S-701518,ORD-48924,P-MC-7200,Ningbo,Rotterdam,18,ocean,MV TROPIC PIONEER,9279052,off Ningbo,2026-06-15T19:12Z,NLRTM,LOW,0.4,CR-WHLU,L-CNNGB-NLRTM,18738.0,22.8,43159.0,CIF,none,standard,2026-06-14T12:00Z,1.3,,2026-06-14T02:12Z
S-701519,ORD-47971,P-SW-3002,Tianjin,Hamburg,1,ocean,MV CALEDONIAN BREEZE,9744352,in transit,2026-05-26T00:00Z,DEHAM,HIGH,3.2,CR-KNES,L-CNTAO-DEHAM,81.0,25.9,1903.0,DAP,none,premium,2026-05-23T12:00Z,2.5,,2026-05-24T09:00Z
S-701520,ORD-48854,P-CH-2210,Shanghai,Rotterdam,7,ocean,MV IBERIAN GLORY,9372012,Rotterdam approach,2026-06-01T16:48Z,NLRTM,LOW,0.4,CR-MAEU,L-CNSHA-NLRTM,21908.0,13.4,114.0,DDP,none,standard,2026-06-01T12:00Z,0.2,,2026-06-01T03:48Z
S-701521,ORD-49490,P-PK-4501,Rotterdam,Santos,14,ocean,MV CALEDONIAN CRYSTAL,9676784,approaching Santos,2026-06-03T07:12Z,BRSSZ,MEDIUM,1.7,CR-MSCU,L-NLRTM-BRSSZ,5101.0,39.0,41911.0,FOB,none,standard,2026-06-01T12:00Z,1.8,,2026-06-01T17:12Z
S-701522,ORD-45475,P-CH-2230,Ningbo,Rotterdam,7,ocean,MV ARCTIC GUARDIAN,9306110,174 nm from Rotterdam,2026-06-06T07:12Z,NLRTM,LOW,0.4,CR-HMMU,L-CNNGB-NLRTM,19578.0,23.2,965.0,DDU,none,economy,2026-06-06T12:00Z,-0.2,vessel_change,2026-06-05T21:12Z
S-701523,ORD-44780,P-EL-9102,Valencia,Veracruz,1,ocean,MV NIPPON VICTORY,9144280,48 nm from Veracruz,2026-05-24T04:48Z,MXVER,MEDIUM,1.3,CR-COSU,L-ESVLC-MXVER,17861.0,18.5,518.0,DDU,none,premium,2026-05-25T12:00Z,-1.3,,2026-05-23T21:48Z
S-701524,ORD-48804,P-CH-2211,Genoa,Charleston,19,ocean,MV IBERIAN GLORY,9342603,off Genoa,2026-05-28T21:36Z,USCHS,LOW,0.7,CR-ONEY,L-ITGOA-USCHS,7725.0,23.0,36.0,CIF,none,standard,2026-05-25T12:00Z,3.4,,2026-05-26T12:36Z
S-701525,ORD-49509,P-MC-7101,Hamburg,Durban,28,ocean,MV TROPIC GUARDIAN,9871843,in transit,2026-06-01T04:48Z,ZADUR,MEDIUM,1.5,CR-ZIMU,L-DEHAM-ZADUR,11171.0,59.4,13080.0,DDU,none,standard,2026-06-01T12:00Z,-0.3,,2026-05-31T02:48Z
S-701526,ORD-48079,P-SW-3002,Salalah,Rotterdam,28,ocean,MV NORDIC SPIRIT,9166745,in transit,2026-06-03T00:00Z,NLRTM,LOW,0.4,CR-EGLV,L-OMSLL-NLRTM,4100.0,36.7,3750.0,DAP,3,standard,2026-06-02T12:00Z,0.5,,2026-05-31T12:00Z
S-701527,ORD-46955,P-CH-2210,Tokyo,Vancouver,33,ocean,MV NIPPON BREEZE,9582013,off Tokyo,2026-05-27T14:24Z,CASOG,LOW,0.6,CR-PILU,L-JPTYO-CASOG,2797.0,9.2,2666.0,DAP,none,standard,2026-05-27T12:00Z,0.1,,2026-05-27T11:24Z
S-701528,ORD-49097,P-MC-7101,Busan,Los Angeles,4,ocean,MV NORDIC GUARDIAN,9824287,approaching Los Angeles,2026-06-13T04:48Z,USLAX,HIGH,2.6,CR-YMLU,L-KRPUS-USLAX,3445.0,51.3,859.0,FOB,3,standard,2026-06-09T12:00Z,3.7,,2026-06-11T22:48Z
S-701529,ORD-46636,P-CH-2210,Busan,Los Angeles,1,ocean,MV BALTIC EXPRESS,9665266,off Busan,2026-06-01T04:48Z,USLAX,HIGH,2.6,CR-MAEU,L-KRPUS-USLAX,24561.0,22.2,3666.0,DAP,none,standard,2026-05-28T12:00Z,3.7,,2026-05-29T09:48Z
S-701530,ORD-49764,P-MC-7102,Hamburg,Santos,13,ocean,MV CALEDONIAN GLORY,9750930,Santos approach,2026-06-04T02:24Z,BRSSZ,MEDIUM,1.7,CR-YMLU,L-DEHAM-BRSSZ,17370.0,12.8,9371.0,CIF,none,economy,2026-05-30T12:00Z,4.6,vessel_change,2026-06-01T12:24Z
S-701531,ORD-45202,P-EL-9001,Nhava Sheva,Rotterdam,23,ocean,MV BALTIC PIONEER,9899915,Rotterdam approach,2026-05-25T21:36Z,NLRTM,LOW,0.4,CR-DSVS,L-INNSA-NLRTM,7174.0,37.1,373.0,DAP,9,standard,2026-05-24T12:00Z,1.4,,2026-05-24T23:36Z
S-701532,ORD-45267,P-CH-2210,Shanghai,Hamburg,23,ocean,MV ARCTIC VICTORY,9444314,134 nm from Hamburg,2026-06-18T07:12Z,DEHAM,HIGH,3.2,CR-WHLU,L-CNSHA-DEHAM,6511.0,55.1,155.0,DAP,9,economy,2026-06-15T12:00Z,2.8,,2026-06-15T17:12Z
S-701533,ORD-44531,P-MC-7200,Yantian,Frankfurt am Main Airport,22,air,EK-CARGO-544,N/A,in transit,2026-05-23T16:48Z,DEFRA,LOW,0.1,CR-EKCA,L-CNYTN-DEFRA,23314.0,32.4,147.0,FOB,none,economy,2026-05-21T12:00Z,2.2,,2026-05-21T09:48Z
S-701534,ORD-45452,P-EL-9002,Busan,New York/New Jersey,19,ocean,MV IBERIAN GUARDIAN,9139495,approaching New York/New Jersey,2026-06-05T14:24Z,USNYC,MEDIUM,1.6,CR-ZIMU,L-KRPUS-USNYC,25913.0,51.7,3165.0,DAP,none,standard,2026-06-05T12:00Z,0.1,port_congestion,2026-06-04T13:24Z
S-701535,ORD-49127,P-PK-4500,Singapore,Frankfurt am Main Airport,20,air,UP-CARGO-680,N/A,21 nm from Frankfurt am Main Airport,2026-05-23T00:00Z,DEFRA,LOW,0.1,CR-UPSA,L-SGSIN-DEFRA,19131.0,40.4,5918.0,DDP,none,standard,2026-05-23T12:00Z,-0.5,,2026-05-22T02:00Z
S-701536,ORD-47782,P-SN-5001,Shanghai,New York/New Jersey,19,ocean,MV TROPIC BREEZE,9820132,approaching New York/New Jersey,2026-05-26T04:48Z,USNYC,MEDIUM,1.6,CR-EGLV,L-CNSHA-USNYC,22183.0,19.0,6916.0,DDP,8,economy,2026-05-25T12:00Z,0.7,,2026-05-24T15:48Z
S-701537,ORD-48490,P-MC-7101,Yantian,Frankfurt am Main Airport,36,air,LH-CARGO-520,N/A,approaching Frankfurt am Main Airport,2026-05-23T21:36Z,DEFRA,LOW,0.1,CR-LHCA,L-CNYTN-DEFRA,12861.0,22.5,2406.0,DDP,none,standard,2026-05-21T12:00Z,2.4,,2026-05-21T19:36Z
S-701538,ORD-46896,P-MC-7100,Yantian,Hamburg,17,ocean,MV ATLANTIC VICTORY,9629511,in transit,2026-06-02T09:36Z,DEHAM,HIGH,3.2,CR-PILU,L-CNYTN-DEHAM,2566.0,42.3,3844.0,DDP,8,standard,2026-06-02T12:00Z,-0.1,,2026-06-01T13:36Z
S-701539,ORD-45539,P-PK-4501,Yantian,Callao (Lima),5,ocean,MV ATLANTIC SPIRIT,9238438,189 nm from Callao (Lima),2026-05-25T07:12Z,PEMRI,LOW,0.9,CR-WHLU,L-CNYTN-PEMRI,20564.0,37.2,759.0,DDU,8,standard,2026-05-24T12:00Z,0.8,,2026-05-22T20:12Z
S-701540,ORD-46746,P-PW-1802,Hong Kong,Rotterdam,23,ocean,MV NORDIC TRADER,9720859,in transit,2026-05-28T09:36Z,NLRTM,LOW,0.4,CR-EGLV,L-HKHKG-NLRTM,13106.0,55.3,1506.0,FOB,none,premium,2026-05-27T12:00Z,0.9,,2026-05-27T02:36Z
S-701541,ORD-47018,P-CH-2230,Singapore,Frankfurt am Main Airport,24,air,QT-CARGO-801,N/A,in transit,2026-05-21T12:00Z,DEFRA,LOW,0.1,CR-QTRA,L-SGSIN-DEFRA,859.0,53.2,149.0,DDU,none,standard,2026-05-21T12:00Z,-0.0,,2026-05-21T06:00Z
S-701542,ORD-44741,P-MC-7100,Shanghai,Hamburg,33,ocean,MV ATLANTIC TRADER,9132910,off Shanghai,2026-06-15T09:36Z,DEHAM,HIGH,3.2,CR-HMMU,L-CNSHA-DEHAM,10590.0,27.7,20686.0,DDP,8,premium,2026-06-14T12:00Z,0.9,,2026-06-14T12:36Z
S-701543,ORD-49089,P-EL-9001,Frankfurt am Main Airport,Shanghai,8,air,EK-CARGO-423,N/A,Shanghai approach,2026-05-25T09:36Z,CNSHA,MEDIUM,1.3,CR-EKCA,L-DEFRA-CNSHA,5413.0,51.5,10281.0,DDU,none,standard,2026-05-24T12:00Z,0.9,,2026-05-23T11:36Z
S-701544,ORD-45845,P-EL-9003,Yantian,Frankfurt am Main Airport,1,air,LH-CARGO-844,N/A,Frankfurt am Main Airport approach,2026-05-23T04:48Z,DEFRA,LOW,0.1,CR-LHCA,L-CNYTN-DEFRA,22192.0,43.4,70.0,DDP,none,premium,2026-05-23T12:00Z,-0.3,,2026-05-21T07:48Z
S-701545,ORD-48541,P-MC-7102,Jebel Ali (Dubai),Rotterdam,15,ocean,MV IBERIAN BREEZE,9575211,approaching Rotterdam,2026-05-21T07:12Z,NLRTM,LOW,0.4,CR-EGLV,L-AEDXB-NLRTM,18198.0,27.2,7052.0,DDU,none,standard,2026-05-21T12:00Z,-0.2,,2026-05-18T23:12Z
S-701546,ORD-44952,P-MC-7100,Singapore,Frankfurt am Main Airport,10,air,AF-CARGO-121,N/A,off Singapore,2026-05-21T12:00Z,DEFRA,LOW,0.1,CR-AFKA,L-SGSIN-DEFRA,8059.0,24.6,9873.0,CIF,none,economy,2026-05-21T12:00Z,0.0,,2026-05-21T08:00Z
S-701547,ORD-46141,P-CH-2210,Mundra,Felixstowe,16,ocean,MV CALEDONIAN SPIRIT,9970226,78 nm from Felixstowe,2026-05-24T21:36Z,GBFXT,MEDIUM,0.9,CR-CMDU,L-INMUN-GBFXT,6095.0,14.9,6138.0,EXW,none,standard,2026-05-23T12:00Z,1.4,,2026-05-22T05:36Z
S-701548,ORD-48980,P-SN-5001,Hamburg,Durban,12,ocean,MV IBERIAN BREEZE,9617954,off Hamburg,2026-05-24T19:12Z,ZADUR,MEDIUM,1.5,CR-HMMU,L-DEHAM-ZADUR,25354.0,5.7,1981.0,DDU,none,standard,2026-05-24T12:00Z,0.3,,2026-05-24T06:12Z
S-701549,ORD-48970,P-PK-4500,Tokyo,Vancouver,19,ocean,MV CALEDONIAN PIONEER,9970765,in transit,2026-06-03T14:24Z,CASOG,LOW,0.6,CR-EGLV,L-JPTYO-CASOG,7588.0,49.2,1608.0,DDU,none,standard,2026-06-01T12:00Z,2.1,,2026-06-02T10:24Z
S-701550,ORD-45792,P-EL-9102,Ningbo,Rotterdam,6,ocean,MV IBERIAN GUARDIAN,9123467,70 nm from Rotterdam,2026-06-13T02:24Z,NLRTM,LOW,0.4,CR-ZIMU,L-CNNGB-NLRTM,16749.0,18.7,3538.0,EXW,none,premium,2026-06-13T12:00Z,-0.4,,2026-06-12T04:24Z
S-701551,ORD-48756,P-CH-2211,Hong Kong,Rotterdam,33,ocean,MV NORDIC SPIRIT,9702467,approaching Rotterdam,2026-05-27T14:24Z,NLRTM,LOW,0.4,CR-ONEY,L-HKHKG-NLRTM,19827.0,21.2,1069.0,DAP,none,premium,2026-05-27T12:00Z,0.1,,2026-05-26T09:24Z
S-701552,ORD-49090,P-SW-3001,Qingdao,Le Havre,14,ocean,MV ASIAN BREEZE,9351060,off Qingdao,2026-06-09T09:36Z,FRLEH,MEDIUM,1.0,CR-ZIMU,L-CNQIN-FRLEH,14124.0,16.2,1310.0,DDP,none,economy,2026-06-09T12:00Z,-0.1,,2026-06-07T08:36Z
S-701553,ORD-46049,P-MC-7102,Qingdao,Le Havre,24,ocean,MV ASIAN EXPRESS,9116429,76 nm from Le Havre,2026-05-31T14:24Z,FRLEH,MEDIUM,1.0,CR-WHLU,L-CNQIN-FRLEH,10545.0,46.3,1042.0,FOB,none,standard,2026-05-30T12:00Z,1.1,,2026-05-29T23:24Z
S-701554,ORD-47164,P-EL-9003,Hong Kong,Rotterdam,13,ocean,MV ATLANTIC PIONEER,9684117,in transit,2026-05-25T14:24Z,NLRTM,LOW,0.4,CR-KNES,L-HKHKG-NLRTM,7949.0,59.6,1495.0,EXW,none,standard,2026-05-25T12:00Z,0.1,,2026-05-23T15:24Z
S-701555,ORD-48237,P-CH-2211,Tokyo,Vancouver,12,ocean,MV NIPPON BREEZE,9621478,Vancouver approach,2026-05-27T07:12Z,CASOG,LOW,0.6,CR-WHLU,L-JPTYO-CASOG,25664.0,12.0,692.0,EXW,none,standard,2026-05-20T12:00Z,6.8,delayed,2026-05-24T09:12Z
S-701556,ORD-44955,P-MC-7200,Yantian,Frankfurt am Main Airport,29,air,AF-CARGO-179,N/A,Frankfurt am Main Airport approach,2026-05-26T09:36Z,DEFRA,LOW,0.1,CR-AFKA,L-CNYTN-DEFRA,1869.0,50.1,863.0,EXW,none,standard,2026-05-24T12:00Z,1.9,,2026-05-23T23:36Z
S-701557,ORD-47032,P-PW-1801,Hong Kong,Oakland,16,ocean,MV NORDIC EXPRESS,9743752,in transit,2026-06-05T19:12Z,USOAK,MEDIUM,1.4,CR-ZIMU,L-HKHKG-USOAK,22028.0,18.7,1406.0,CIF,none,premium,2026-06-06T12:00Z,-0.7,,2026-06-02T21:12Z
S-701558,ORD-49326,P-CH-2211,Yantian,Callao (Lima),16,ocean,MV ATLANTIC STAR,9169755,150 nm from Callao (Lima),2026-06-14T14:24Z,PEMRI,LOW,0.9,CR-ZIMU,L-CNYTN-PEMRI,24285.0,5.6,10224.0,CIF,none,standard,2026-06-14T12:00Z,0.1,,2026-06-12T05:24Z
S-701559,ORD-49821,P-PK-4500,Hamburg,Genoa,6,road,XPO LO-7783,N/A,in transit,2026-05-30T07:12Z,ITGOA,MEDIUM,1.2,CR-XPOT,L-DEHAM-ITGOA,12165.0,56.8,7025.0,DDU,8,standard,2026-05-25T12:00Z,4.8,delayed,2026-05-28T18:12Z
S-701560,ORD-49111,P-PW-1802,Los Angeles,Sydney Kingsford Smith Airport,31,air,UP-CARGO-522,N/A,Sydney Kingsford Smith Airport approach,2026-05-23T07:12Z,AUSYD,LOW,0.1,CR-UPSA,L-USLAX-AUSYD,13708.0,9.6,2524.0,CIF,9,premium,2026-05-23T12:00Z,-0.2,,2026-05-22T03:12Z
S-701561,ORD-45851,P-MC-7200,Hong Kong,Frankfurt am Main Airport,19,air,QT-CARGO-800,N/A,Frankfurt am Main Airport approach,2026-05-24T12:00Z,DEFRA,LOW,0.1,CR-QTRA,L-HKHKG-DEFRA,9909.0,54.3,3185.0,DDU,none,economy,2026-05-24T12:00Z,0.0,,2026-05-22T10:00Z
S-701562,ORD-44633,P-PW-1802,Busan,Los Angeles,4,ocean,MV ASIAN GLORY,9763409,25 nm from Los Angeles,2026-06-09T02:24Z,USLAX,HIGH,2.6,CR-COSU,L-KRPUS-USLAX,8655.0,5.2,1532.0,FOB,3,standard,2026-06-09T12:00Z,-0.4,port_congestion,2026-06-06T10:24Z
S-701563,ORD-46371,P-PK-4501,Salalah,Rotterdam,18,ocean,MV IBERIAN PIONEER,9392631,Rotterdam approach,2026-05-22T09:36Z,NLRTM,LOW,0.4,CR-MSCU,L-OMSLL-NLRTM,25906.0,7.7,188.0,CIF,none,premium,2026-05-22T12:00Z,-0.1,,2026-05-20T19:36Z
S-701564,ORD-49154,P-EL-9102,Yantian,Los Angeles,24,ocean,MV NIPPON GUARDIAN,9779533,in transit,2026-05-31T16:48Z,USLAX,HIGH,2.6,CR-PILU,L-CNYTN-USLAX,5568.0,43.4,18385.0,FOB,none,economy,2026-06-01T12:00Z,-0.8,,2026-05-30T05:48Z
S-701565,ORD-44708,P-PK-4500,Genoa,Charleston,3,ocean,MV PACIFIC STAR,9818413,30 nm from Charleston,2026-06-06T07:12Z,USCHS,LOW,0.7,CR-KNES,L-ITGOA-USCHS,5214.0,35.6,569.0,EXW,none,standard,2026-06-05T12:00Z,0.8,,2026-06-03T07:12Z
S-701566,ORD-48139,P-PW-1850,Jebel Ali (Dubai),Frankfurt am Main Airport,9,air,FD-CARGO-413,N/A,approaching Frankfurt am Main Airport,2026-05-25T00:00Z,DEFRA,LOW,0.1,CR-FDXA,L-AEDXB-DEFRA,7563.0,26.1,2615.0,DAP,9,standard,2026-05-22T12:00Z,2.5,,2026-05-23T18:00Z
S-701567,ORD-46483,P-MC-7200,Singapore,Felixstowe,5,ocean,MV NORDIC SPIRIT,9918065,off Singapore,2026-06-20T04:48Z,GBFXT,MEDIUM,0.9,CR-PILU,L-SGSIN-GBFXT,18429.0,35.8,37598.0,DDU,9,standard,2026-06-18T12:00Z,1.7,customs_hold,2026-06-18T15:48Z
S-701568,ORD-49956,P-MC-7101,Jebel Ali (Dubai),Frankfurt am Main Airport,25,air,QT-CARGO-837,N/A,off Jebel Ali (Dubai),2026-05-20T19:12Z,DEFRA,LOW,0.1,CR-QTRA,L-AEDXB-DEFRA,17301.0,28.1,111.0,FOB,3,standard,2026-05-21T12:00Z,-0.7,,2026-05-20T14:12Z
S-701569,ORD-45627,P-MC-7100,Hamburg,Genoa,36,road,DACHSE-7529,N/A,in transit,2026-05-21T00:00Z,ITGOA,MEDIUM,1.2,CR-DACH,L-DEHAM-ITGOA,17944.0,23.9,7337.0,DDP,none,standard,2026-05-21T12:00Z,-0.5,,2026-05-19T22:00Z
S-701570,ORD-47911,P-SN-5001,Singapore,Felixstowe,29,ocean,MV BALTIC GLORY,9250791,Felixstowe approach,2026-05-21T19:12Z,GBFXT,MEDIUM,0.9,CR-ZIMU,L-SGSIN-GBFXT,5885.0,19.0,13336.0,FOB,none,premium,2026-05-22T12:00Z,-0.7,,2026-05-19T09:12Z
S-701571,ORD-45762,P-EL-9101,Antwerp,New York/New Jersey,1,ocean,MV ARCTIC GLORY,9951644,off Antwerp,2026-05-23T14:24Z,USNYC,MEDIUM,1.6,CR-WHLU,L-BEANR-USNYC,11800.0,47.1,995.0,EXW,3,standard,2026-05-20T12:00Z,3.1,,2026-05-22T09:24Z
S-701572,ORD-48513,P-SN-5001,Chicago O'Hare Airport,Hong Kong,34,air,UP-CARGO-241,N/A,in transit,2026-05-30T14:24Z,HKHKG,LOW,0.8,CR-UPSA,L-USORD-HKHKG,18537.0,31.3,24774.0,DAP,none,standard,2026-05-22T12:00Z,8.1,damage,2026-05-29T19:24Z
S-701573,ORD-49677,P-CH-2210,Genoa,Charleston,5,ocean,MV PACIFIC GLORY,9465969,approaching Charleston,2026-05-26T21:36Z,USCHS,LOW,0.7,CR-CMDU,L-ITGOA-USCHS,12938.0,17.2,6063.0,CIF,none,standard,2026-05-24T12:00Z,2.4,,2026-05-25T17:36Z
S-701574,ORD-48571,P-MC-7101,Hong Kong,Oakland,27,ocean,MV ATLANTIC SPIRIT,9208169,in transit,2026-05-25T16:48Z,USOAK,MEDIUM,1.4,CR-KNES,L-HKHKG-USOAK,11927.0,32.7,958.0,FOB,8,standard,2026-05-25T12:00Z,0.2,,2026-05-23T04:48Z
S-701575,ORD-49598,P-SN-5001,Hong Kong,Rotterdam,11,ocean,MV CALEDONIAN EXPRESS,9643551,in transit,2026-06-10T07:12Z,NLRTM,LOW,0.4,CR-COSU,L-HKHKG-NLRTM,6944.0,18.3,8230.0,CIF,none,standard,2026-06-09T12:00Z,0.8,,2026-06-08T10:12Z
S-701576,ORD-44864,P-PK-4500,Hong Kong,Frankfurt am Main Airport,16,air,EK-CARGO-261,N/A,off Hong Kong,2026-05-22T21:36Z,DEFRA,LOW,0.1,CR-EKCA,L-HKHKG-DEFRA,12485.0,5.3,167.0,DDP,8,standard,2026-05-23T12:00Z,-0.6,,2026-05-22T13:36Z
S-701577,ORD-47064,P-MC-7101,New York/New Jersey,London Heathrow Airport,8,air,FD-CARGO-536,N/A,in transit,2026-05-22T07:12Z,LHRGB,LOW,0.1,CR-FDXA,L-USNYC-LHRGB,17880.0,43.7,40216.0,DAP,3,economy,2026-05-21T12:00Z,0.8,,2026-05-20T01:12Z
S-701578,ORD-44017,P-MC-7100,Salalah,Rotterdam,9,ocean,MV NORDIC VICTORY,9390866,off Salalah,2026-05-30T21:36Z,NLRTM,LOW,0.4,CR-CMDU,L-OMSLL-NLRTM,1101.0,30.8,4193.0,FOB,none,standard,2026-05-28T12:00Z,2.4,,2026-05-30T06:36Z
S-701579,ORD-49641,P-PK-4500,Mundra,Felixstowe,6,ocean,MV NIPPON PIONEER,9326970,Felixstowe approach,2026-05-28T16:48Z,GBFXT,MEDIUM,0.9,CR-WHLU,L-INMUN-GBFXT,25340.0,37.7,844.0,DDP,none,premium,2026-05-23T12:00Z,5.2,damage,2026-05-27T23:48Z
S-701580,ORD-45022,P-PK-4501,Shanghai,Düsseldorf Rail Terminal,2,rail,DB SCH-9637,N/A,in transit,2026-05-25T04:48Z,DEDUS,LOW,0.2,CR-DBSC,L-CNSHA-DEDUS,6004.0,23.0,279.0,DDP,none,standard,2026-05-26T12:00Z,-1.3,,2026-05-23T05:48Z
S-701581,ORD-48892,P-CH-2230,Genoa,Charleston,36,ocean,MV ATLANTIC EXPRESS,9637928,off Genoa,2026-05-20T21:36Z,USCHS,LOW,0.7,CR-WHLU,L-ITGOA-USCHS,22182.0,56.0,3421.0,CIF,none,standard,2026-05-20T12:00Z,0.4,damage,2026-05-18T11:36Z
S-701582,ORD-48825,P-MC-7100,Busan,New York/New Jersey,1,ocean,MV IBERIAN GUARDIAN,9500177,New York/New Jersey approach,2026-06-23T12:00Z,USNYC,MEDIUM,1.6,CR-WHLU,L-KRPUS-USNYC,105.0,19.7,7208.0,CIF,none,economy,2026-06-21T12:00Z,2.0,,2026-06-22T02:00Z
S-701583,ORD-48773,P-EL-9002,Shanghai,Hamburg,27,ocean,MV NIPPON STAR,9266262,153 nm from Hamburg,2026-06-22T12:00Z,DEHAM,HIGH,3.2,CR-COSU,L-CNSHA-DEHAM,25604.0,17.3,7802.0,DDP,none,premium,2026-06-22T12:00Z,-0.0,port_congestion,2026-06-21T04:00Z
S-701584,ORD-44520,P-CH-2230,Yokohama,Los Angeles,14,ocean,MV NORDIC TRADER,9674851,188 nm from Los Angeles,2026-05-28T04:48Z,USLAX,HIGH,2.6,CR-COSU,L-JPYOK-USLAX,18162.0,30.5,7239.0,EXW,none,standard,2026-05-29T12:00Z,-1.3,customs_hold,2026-05-25T06:48Z
S-701585,ORD-47253,P-PK-4500,Singapore,Rotterdam,6,ocean,MV ASIAN STAR,9792647,Rotterdam approach,2026-06-12T00:00Z,NLRTM,LOW,0.4,CR-HLCU,L-SGSIN-NLRTM,23762.0,10.6,1449.0,EXW,3,standard,2026-06-12T12:00Z,-0.5,,2026-06-11T13:00Z
S-701586,ORD-46055,P-SW-3001,Nhava Sheva,Rotterdam,9,ocean,MV ASIAN PIONEER,9608211,Rotterdam approach,2026-05-24T07:12Z,NLRTM,LOW,0.4,CR-DSVS,L-INNSA-NLRTM,2319.0,41.9,1623.0,EXW,none,premium,2026-05-21T12:00Z,2.8,,2026-05-23T02:12Z
S-701587,ORD-45426,P-CH-2210,Shanghai,Düsseldorf Rail Terminal,26,rail,DB SCH-4989,N/A,in transit,2026-05-31T07:12Z,DEDUS,LOW,0.2,CR-DBSC,L-CNSHA-DEDUS,24587.0,31.5,435.0,DAP,none,standard,2026-06-01T12:00Z,-1.2,,2026-05-29T18:12Z
S-701588,ORD-44193,P-SN-5001,Yantian,Callao (Lima),30,ocean,MV NIPPON EXPRESS,9427865,57 nm from Callao (Lima),2026-06-07T12:00Z,PEMRI,LOW,0.9,CR-MSCU,L-CNYTN-PEMRI,16052.0,38.0,64206.0,CIF,none,premium,2026-06-07T12:00Z,-0.0,,2026-06-04T13:00Z
S-701589,ORD-45014,P-PK-4500,Chicago O'Hare Airport,Hong Kong,3,air,CX-CARGO-654,N/A,in transit,2026-05-18T12:00Z,HKHKG,LOW,0.8,CR-CXCA,L-USORD-HKHKG,16441.0,53.3,2109.0,CIF,8,standard,2026-05-20T12:00Z,-2.0,,2026-05-17T09:00Z
S-701590,ORD-48884,P-SW-3001,Shanghai,Hamburg,27,ocean,MV NORDIC CRYSTAL,9614098,48 nm from Hamburg,2026-05-26T07:12Z,DEHAM,HIGH,3.2,CR-EGLV,L-CNSHA-DEHAM,9883.0,16.2,17789.0,DAP,none,premium,2026-05-24T12:00Z,1.8,,2026-05-24T19:12Z
S-701591,ORD-45337,P-EL-9001,Yantian,Hamburg,6,ocean,MV IBERIAN CRYSTAL,9392345,Hamburg approach,2026-06-25T14:24Z,DEHAM,HIGH,3.2,CR-WHLU,L-CNYTN-DEHAM,16751.0,22.4,9777.0,CIF,none,premium,2026-06-22T12:00Z,3.1,,2026-06-24T21:24Z
S-701592,ORD-44511,P-CH-2230,Tokyo,Vancouver,36,ocean,MV TROPIC PIONEER,9437668,approaching Vancouver,2026-05-19T02:24Z,CASOG,LOW,0.6,CR-PILU,L-JPTYO-CASOG,605.0,1.5,1324.0,DDP,9,economy,2026-05-20T12:00Z,-1.4,,2026-05-16T04:24Z
S-701593,ORD-47445,P-MC-7101,Valencia,Veracruz,13,ocean,MV CALEDONIAN CRYSTAL,9856904,approaching Veracruz,2026-06-05T07:12Z,MXVER,MEDIUM,1.3,CR-HMMU,L-ESVLC-MXVER,25971.0,57.3,2147.0,DAP,none,premium,2026-06-02T12:00Z,2.8,delayed,2026-06-05T03:12Z
S-701594,ORD-46266,P-EL-9101,Rotterdam,Santos,7,ocean,MV PACIFIC BREEZE,9981525,Santos approach,2026-05-30T00:00Z,BRSSZ,MEDIUM,1.7,CR-ONEY,L-NLRTM-BRSSZ,24623.0,31.8,5614.0,DDP,3,standard,2026-05-28T12:00Z,1.5,,2026-05-27T15:00Z
S-701595,ORD-49720,P-EL-9001,Qingdao,Le Havre,9,ocean,MV PACIFIC BREEZE,9373459,Le Havre approach,2026-06-21T19:12Z,FRLEH,MEDIUM,1.0,CR-EGLV,L-CNQIN-FRLEH,1919.0,11.1,439.0,CIF,none,standard,2026-06-21T12:00Z,0.3,,2026-06-19T01:12Z
S-701596,ORD-49259,P-PK-4501,Hong Kong,Rotterdam,32,ocean,MV ATLANTIC SPIRIT,9546944,179 nm from Rotterdam,2026-05-25T02:24Z,NLRTM,LOW,0.4,CR-DSVS,L-HKHKG-NLRTM,12351.0,28.9,613.0,EXW,none,standard,2026-05-24T12:00Z,0.6,,2026-05-22T06:24Z
S-701597,ORD-48679,P-PK-4500,Shanghai,Rotterdam,8,ocean,MV CALEDONIAN BREEZE,9284580,approaching Rotterdam,2026-05-29T21:36Z,NLRTM,LOW,0.4,CR-YMLU,L-CNSHA-NLRTM,20812.0,47.7,1933.0,DAP,none,standard,2026-05-30T12:00Z,-0.6,,2026-05-27T01:36Z
S-701598,ORD-49523,P-CH-2230,Yantian,Frankfurt am Main Airport,2,air,UP-CARGO-395,N/A,off Yantian,2026-05-21T00:00Z,DEFRA,LOW,0.1,CR-UPSA,L-CNYTN-DEFRA,11622.0,21.8,2352.0,DAP,8,premium,2026-05-22T12:00Z,-1.5,,2026-05-20T23:00Z
S-701599,ORD-46736,P-MC-7100,Hong Kong,Frankfurt am Main Airport,3,air,FD-CARGO-403,N/A,140 nm from Frankfurt am Main Airport,2026-05-23T00:00Z,DEFRA,LOW,0.1,CR-FDXA,L-HKHKG-DEFRA,22340.0,20.3,9257.0,FOB,none,standard,2026-05-22T12:00Z,0.5,,2026-05-20T02:00Z
S-701600,ORD-49726,P-EL-9101,Yokohama,Los Angeles,31,ocean,MV ASIAN SPIRIT,9298410,in transit,2026-06-04T16:48Z,USLAX,HIGH,2.6,CR-HMMU,L-JPYOK-USLAX,14628.0,23.1,16688.0,DDP,9,standard,2026-06-04T12:00Z,0.2,,2026-06-03T16:48Z
S-701601,ORD-48310,P-EL-9101,Singapore,Felixstowe,35,ocean,MV PACIFIC BREEZE,9459281,Felixstowe approach,2026-06-09T09:36Z,GBFXT,MEDIUM,0.9,CR-ZIMU,L-SGSIN-GBFXT,3079.0,57.5,559.0,CIF,none,standard,2026-06-09T12:00Z,-0.1,,2026-06-07T21:36Z
S-701602,ORD-48095,P-EL-9101,Shanghai,Düsseldorf Rail Terminal,31,rail,DB SCH-4059,N/A,approaching Düsseldorf Rail Terminal,2026-06-05T04:48Z,DEDUS,LOW,0.2,CR-DBSC,L-CNSHA-DEDUS,19283.0,16.3,41694.0,DDU,9,standard,2026-06-04T12:00Z,0.7,port_congestion,2026-06-02T11:48Z
S-701603,ORD-46107,P-SN-5001,Singapore,Rotterdam,33,ocean,MV TROPIC CRYSTAL,9161360,Rotterdam approach,2026-05-26T12:00Z,NLRTM,LOW,0.4,CR-HMMU,L-SGSIN-NLRTM,12292.0,46.4,12702.0,EXW,3,standard,2026-05-26T12:00Z,-0.0,,2026-05-26T03:00Z
S-701604,ORD-49182,P-EL-9003,Yantian,Frankfurt am Main Airport,13,air,QT-CARGO-338,N/A,119 nm from Frankfurt am Main Airport,2026-05-22T14:24Z,DEFRA,LOW,0.1,CR-QTRA,L-CNYTN-DEFRA,1559.0,58.0,249.0,DDU,3,standard,2026-05-23T12:00Z,-0.9,,2026-05-20T22:24Z
S-701605,ORD-48527,P-EL-9101,Yantian,Hamburg,22,ocean,MV CALEDONIAN STAR,9918475,in transit,2026-06-15T07:12Z,DEHAM,HIGH,3.2,CR-WHLU,L-CNYTN-DEHAM,19608.0,45.4,12262.0,FOB,none,economy,2026-06-13T12:00Z,1.8,damage,2026-06-14T21:12Z
S-701606,ORD-46737,P-SN-5001,Singapore,Felixstowe,22,ocean,MV IBERIAN VICTORY,9480621,149 nm from Felixstowe,2026-06-16T00:00Z,GBFXT,MEDIUM,0.9,CR-DSVS,L-SGSIN-GBFXT,2921.0,26.6,11617.0,DDP,none,standard,2026-06-15T12:00Z,0.5,vessel_change,2026-06-15T16:00Z
S-701607,ORD-46283,P-EL-9003,Yantian,Los Angeles,29,ocean,MV BALTIC TRADER,9404317,Los Angeles approach,2026-05-30T19:12Z,USLAX,HIGH,2.6,CR-EGLV,L-CNYTN-USLAX,8226.0,36.1,398.0,EXW,none,premium,2026-05-28T12:00Z,2.3,,2026-05-30T00:12Z
S-701608,ORD-45730,P-SW-3002,Ningbo,Rotterdam,13,ocean,MV NORDIC STAR,9391581,in transit,2026-05-31T09:36Z,NLRTM,LOW,0.4,CR-WHLU,L-CNNGB-NLRTM,2346.0,32.0,103745.0,DDP,8,standard,2026-05-28T12:00Z,2.9,,2026-05-28T16:36Z
S-701609,ORD-44899,P-EL-9002,Shanghai,Los Angeles,10,ocean,MV BALTIC GUARDIAN,9660227,in transit,2026-05-23T21:36Z,USLAX,HIGH,2.6,CR-CMDU,L-CNSHA-USLAX,12309.0,6.2,7332.0,EXW,3,premium,2026-05-23T12:00Z,0.4,,2026-05-21T03:36Z
S-701610,ORD-46028,P-EL-9003,Tianjin,Łódź Rail Terminal,15,rail,DB SCH-5559,N/A,Łódź Rail Terminal approach,2026-06-03T02:24Z,PLLDZ,LOW,0.2,CR-DBSC,L-CNTAO-PLLDZ,15330.0,38.8,6513.0,DAP,none,standard,2026-06-02T12:00Z,0.6,,2026-06-01T12:24Z
S-701611,ORD-46301,P-CH-2230,Shanghai,Los Angeles,4,ocean,MV ATLANTIC PIONEER,9978369,143 nm from Los Angeles,2026-06-09T00:00Z,USLAX,HIGH,2.6,CR-YMLU,L-CNSHA-USLAX,18335.0,43.1,2743.0,FOB,none,premium,2026-06-06T12:00Z,2.5,,2026-06-07T11:00Z
S-701612,ORD-45409,P-MC-7200,Tianjin,Hamburg,28,ocean,MV BALTIC SPIRIT,9825603,approaching Hamburg,2026-06-09T21:36Z,DEHAM,HIGH,3.2,CR-KNES,L-CNTAO-DEHAM,4396.0,18.3,4301.0,FOB,none,premium,2026-06-08T12:00Z,1.4,,2026-06-08T23:36Z
S-701613,ORD-47774,P-EL-9102,Busan,New York/New Jersey,19,ocean,MV TROPIC GUARDIAN,9286391,approaching New York/New Jersey,2026-05-21T21:36Z,USNYC,MEDIUM,1.6,CR-HMMU,L-KRPUS-USNYC,18780.0,17.4,1908.0,DAP,none,standard,2026-05-21T12:00Z,0.4,,2026-05-20T21:36Z
S-701614,ORD-49029,P-PK-4500,Shanghai,New York/New Jersey,30,ocean,MV NIPPON EXPRESS,9740404,in transit,2026-06-11T00:00Z,USNYC,MEDIUM,1.6,CR-HMMU,L-CNSHA-USNYC,21852.0,20.4,22167.0,DAP,none,premium,2026-06-10T12:00Z,0.5,,2026-06-10T06:00Z
S-701615,ORD-49852,P-CH-2230,Hamburg,Genoa,21,road,XPO LO-2471,N/A,in transit,2026-06-02T04:48Z,ITGOA,MEDIUM,1.2,CR-XPOT,L-DEHAM-ITGOA,21772.0,57.9,20437.0,CIF,8,premium,2026-05-25T12:00Z,7.7,delayed,2026-06-01T19:48Z
S-701616,ORD-48851,P-PW-1850,Nhava Sheva,Rotterdam,32,ocean,MV ASIAN PIONEER,9420263,Rotterdam approach,2026-05-24T12:00Z,NLRTM,LOW,0.4,CR-MSCU,L-INNSA-NLRTM,12196.0,2.1,249.0,DDP,none,premium,2026-05-26T12:00Z,-2.0,,2026-05-23T12:00Z
S-701617,ORD-48777,P-PW-1802,Frankfurt am Main Airport,Shanghai,9,air,FD-CARGO-541,N/A,off Frankfurt am Main Airport,2026-05-24T12:00Z,CNSHA,MEDIUM,1.3,CR-FDXA,L-DEFRA-CNSHA,17932.0,39.2,250000,FOB,none,standard,2026-05-21T12:00Z,3.0,,2026-05-23T02:00Z
S-701618,ORD-47246,P-EL-9102,Jebel Ali (Dubai),Frankfurt am Main Airport,7,air,QT-CARGO-784,N/A,off Jebel Ali (Dubai),2026-05-20T16:48Z,DEFRA,LOW,0.1,CR-QTRA,L-AEDXB-DEFRA,21315.0,45.4,4201.0,DDP,none,standard,2026-05-20T12:00Z,0.2,,2026-05-20T09:48Z
S-701619,ORD-45073,P-MC-7200,Hong Kong,Frankfurt am Main Airport,10,air,QT-CARGO-131,N/A,64 nm from Frankfurt am Main Airport,2026-05-19T07:12Z,DEFRA,LOW,0.1,CR-QTRA,L-HKHKG-DEFRA,9246.0,37.5,6015.0,CIF,none,economy,2026-05-20T12:00Z,-1.2,,2026-05-17T10:12Z
S-701620,ORD-44817,P-PW-1850,Genoa,Charleston,16,ocean,MV ARCTIC GUARDIAN,9795457,in transit,2026-05-30T02:24Z,USCHS,LOW,0.7,CR-WHLU,L-ITGOA-USCHS,21521.0,16.7,403.0,EXW,none,standard,2026-05-31T12:00Z,-1.4,,2026-05-29T23:24Z
S-701621,ORD-49533,P-MC-7101,Yantian,Frankfurt am Main Airport,22,air,QT-CARGO-373,N/A,approaching Frankfurt am Main Airport,2026-05-23T12:00Z,DEFRA,LOW,0.1,CR-QTRA,L-CNYTN-DEFRA,24673.0,56.1,56385.0,DDP,3,premium,2026-05-22T12:00Z,1.0,delayed,2026-05-23T06:00Z
S-701622,ORD-45337,P-MC-7101,Yantian,Frankfurt am Main Airport,31,air,AF-CARGO-438,N/A,approaching Frankfurt am Main Airport,2026-05-20T12:00Z,DEFRA,LOW,0.1,CR-AFKA,L-CNYTN-DEFRA,5771.0,40.9,1462.0,CIF,none,premium,2026-05-21T12:00Z,-1.0,,2026-05-17T18:00Z
S-701623,ORD-44465,P-EL-9003,Jebel Ali (Dubai),Frankfurt am Main Airport,3,air,FD-CARGO-440,N/A,51 nm from Frankfurt am Main Airport,2026-05-22T07:12Z,DEFRA,LOW,0.1,CR-FDXA,L-AEDXB-DEFRA,10880.0,34.9,4467.0,CIF,9,standard,2026-05-21T12:00Z,0.8,,2026-05-21T12:12Z
S-701624,ORD-45695,P-MC-7100,Singapore,Rotterdam,21,ocean,MV PACIFIC TRADER,9203390,Rotterdam approach,2026-06-03T14:24Z,NLRTM,LOW,0.4,CR-MSCU,L-SGSIN-NLRTM,16094.0,3.6,599.0,EXW,8,premium,2026-06-03T12:00Z,0.1,,2026-06-02T23:24Z
S-701625,ORD-48285,P-EL-9001,Yokohama,Los Angeles,14,ocean,MV ATLANTIC GLORY,9218840,112 nm from Los Angeles,2026-05-28T12:00Z,USLAX,HIGH,2.6,CR-ONEY,L-JPYOK-USLAX,1819.0,30.6,593.0,DDP,none,economy,2026-05-30T12:00Z,-2.0,,2026-05-27T12:00Z
S-701626,ORD-47355,P-MC-7100,Singapore,Frankfurt am Main Airport,12,air,DH-CARGO-286,N/A,approaching Frankfurt am Main Airport,2026-05-25T21:36Z,DEFRA,LOW,0.1,CR-DHLA,L-SGSIN-DEFRA,9635.0,50.6,908.0,DAP,none,standard,2026-05-24T12:00Z,1.4,,2026-05-24T09:36Z
S-701627,ORD-48975,P-EL-9003,Shanghai,Los Angeles,17,ocean,MV CALEDONIAN GLORY,9769561,off Shanghai,2026-05-24T16:48Z,USLAX,HIGH,2.6,CR-COSU,L-CNSHA-USLAX,8983.0,24.3,423.0,DDP,none,standard,2026-05-24T12:00Z,0.2,,2026-05-24T04:48Z
S-701628,ORD-44348,P-MC-7102,Singapore,Rotterdam,17,ocean,MV PACIFIC SPIRIT,9248596,approaching Rotterdam,2026-05-29T14:24Z,NLRTM,LOW,0.4,CR-HLCU,L-SGSIN-NLRTM,24890.0,21.2,4231.0,DDP,3,premium,2026-05-28T12:00Z,1.1,,2026-05-28T19:24Z
S-701629,ORD-48836,P-EL-9003,New York/New Jersey,London Heathrow Airport,15,air,CX-CARGO-940,N/A,191 nm from London Heathrow Airport,2026-05-20T12:00Z,LHRGB,LOW,0.1,CR-CXCA,L-USNYC-LHRGB,12962.0,54.9,4883.0,DDU,8,economy,2026-05-20T12:00Z,-0.0,,2026-05-18T15:00Z
S-701630,ORD-49383,P-MC-7102,Busan,Los Angeles,29,ocean,MV NORDIC EXPRESS,9633454,approaching Los Angeles,2026-06-01T12:00Z,USLAX,HIGH,2.6,CR-YMLU,L-KRPUS-USLAX,1071.0,53.7,721.0,EXW,3,standard,2026-06-01T12:00Z,-0.0,,2026-05-30T08:00Z
S-701631,ORD-46058,P-MC-7102,Shanghai,Rotterdam,22,ocean,MV NORDIC GUARDIAN,9751408,Rotterdam approach,2026-05-25T21:36Z,NLRTM,LOW,0.4,CR-MAEU,L-CNSHA-NLRTM,14805.0,18.9,33726.0,DDU,none,standard,2026-05-27T12:00Z,-1.6,,2026-05-25T14:36Z
S-701632,ORD-49624,P-MC-7102,Shanghai,New York/New Jersey,21,ocean,MV ASIAN CRYSTAL,9444285,81 nm from New York/New Jersey,2026-05-24T02:24Z,USNYC,MEDIUM,1.6,CR-MAEU,L-CNSHA-USNYC,12737.0,52.0,2655.0,CIF,3,standard,2026-05-21T12:00Z,2.6,,2026-05-23T17:24Z
S-701633,ORD-45101,P-EL-9101,New York/New Jersey,London Heathrow Airport,30,air,UP-CARGO-361,N/A,off New York/New Jersey,2026-05-22T12:00Z,LHRGB,LOW,0.1,CR-UPSA,L-USNYC-LHRGB,6342.0,13.7,5979.0,EXW,none,premium,2026-05-20T12:00Z,2.0,,2026-05-20T21:00Z
S-701634,ORD-46376,P-MC-7102,Qingdao,Le Havre,21,ocean,MV NORDIC BREEZE,9517783,approaching Le Havre,2026-06-07T00:00Z,FRLEH,MEDIUM,1.0,CR-CMDU,L-CNQIN-FRLEH,18967.0,40.3,10470.0,DDU,none,economy,2026-06-08T12:00Z,-1.5,,2026-06-05T19:00Z
S-701635,ORD-48995,P-PW-1801,Salalah,Rotterdam,16,ocean,MV BALTIC CRYSTAL,9945866,in transit,2026-06-07T19:12Z,NLRTM,LOW,0.4,CR-HLCU,L-OMSLL-NLRTM,25223.0,44.1,900.0,DDP,none,standard,2026-06-06T12:00Z,1.3,,2026-06-04T23:12Z
S-701636,ORD-49964,P-EL-9002,Jebel Ali (Dubai),Rotterdam,4,ocean,MV NIPPON STAR,9408952,111 nm from Rotterdam,2026-05-25T14:24Z,NLRTM,LOW,0.4,CR-CMDU,L-AEDXB-NLRTM,10751.0,21.6,487.0,CIF,none,premium,2026-05-26T12:00Z,-0.9,,2026-05-23T10:24Z
S-701637,ORD-44264,P-EL-9001,Jebel Ali (Dubai),Rotterdam,9,ocean,MV BALTIC PIONEER,9969031,approaching Rotterdam,2026-05-30T21:36Z,NLRTM,LOW,0.4,CR-EGLV,L-AEDXB-NLRTM,8254.0,39.0,84661.0,DDP,none,standard,2026-05-30T12:00Z,0.4,,2026-05-30T06:36Z
S-701638,ORD-46596,P-PW-1850,Rotterdam,New York/New Jersey,19,ocean,MV BALTIC GLORY,9806489,in transit,2026-05-28T12:00Z,USNYC,MEDIUM,1.6,CR-YMLU,L-NLRTM-USNYC,9077.0,4.6,58.0,DDP,none,premium,2026-05-28T12:00Z,0.0,,2026-05-25T13:00Z
S-701639,ORD-44956,P-SN-5001,Singapore,Frankfurt am Main Airport,5,air,QT-CARGO-586,N/A,off Singapore,2026-05-20T12:00Z,DEFRA,LOW,0.1,CR-QTRA,L-SGSIN-DEFRA,5923.0,24.0,7830.0,DDP,none,standard,2026-05-22T12:00Z,-2.0,,2026-05-19T22:00Z
S-701640,ORD-45489,P-MC-7102,Valencia,Veracruz,6,ocean,MV BALTIC STAR,9958169,approaching Veracruz,2026-05-26T04:48Z,MXVER,MEDIUM,1.3,CR-COSU,L-ESVLC-MXVER,5480.0,20.9,5043.0,FOB,none,standard,2026-05-25T12:00Z,0.7,damage,2026-05-23T21:48Z
S-701641,ORD-48916,P-SW-3002,Jebel Ali (Dubai),Rotterdam,30,ocean,MV CALEDONIAN TRADER,9204637,approaching Rotterdam,2026-06-07T02:24Z,NLRTM,LOW,0.4,CR-ZIMU,L-AEDXB-NLRTM,16526.0,26.3,152445.0,DAP,none,standard,2026-06-06T12:00Z,0.6,,2026-06-06T23:24Z
S-701642,ORD-45628,P-MC-7200,Tianjin,Hamburg,29,ocean,MV BALTIC SPIRIT,9893601,Hamburg approach,2026-06-12T07:12Z,DEHAM,HIGH,3.2,CR-EGLV,L-CNTAO-DEHAM,25118.0,14.1,1532.0,FOB,none,standard,2026-06-11T12:00Z,0.8,,2026-06-09T19:12Z
S-701643,ORD-47933,P-SW-3002,Yantian,Hamburg,31,ocean,MV CALEDONIAN EXPRESS,9788350,169 nm from Hamburg,2026-06-09T04:48Z,DEHAM,HIGH,3.2,CR-MSCU,L-CNYTN-DEHAM,13070.0,41.9,1007.0,CIF,none,standard,2026-06-08T12:00Z,0.7,,2026-06-08T12:48Z
S-701644,ORD-49997,P-CH-2211,Hamburg,Santos,18,ocean,MV IBERIAN VICTORY,9819360,in transit,2026-06-07T14:24Z,BRSSZ,MEDIUM,1.7,CR-MSCU,L-DEHAM-BRSSZ,18004.0,15.0,7832.0,DDU,none,premium,2026-06-04T12:00Z,3.1,vessel_change,2026-06-04T14:24Z
S-701645,ORD-44258,P-MC-7101,Hamburg,Durban,24,ocean,MV ARCTIC CRYSTAL,9152158,off Hamburg,2026-05-24T04:48Z,ZADUR,MEDIUM,1.5,CR-KNES,L-DEHAM-ZADUR,24337.0,29.3,14583.0,DAP,none,standard,2026-05-22T12:00Z,1.7,,2026-05-23T22:48Z
S-701646,ORD-49962,P-SW-3002,Yantian,Los Angeles,16,ocean,MV IBERIAN GUARDIAN,9257221,off Yantian,2026-05-25T09:36Z,USLAX,HIGH,2.6,CR-PILU,L-CNYTN-USLAX,24433.0,13.9,16827.0,EXW,none,premium,2026-05-25T12:00Z,-0.1,,2026-05-24T13:36Z
S-701647,ORD-44311,P-EL-9003,Shanghai,Hamburg,7,ocean,MV TROPIC CRYSTAL,9367026,approaching Hamburg,2026-06-19T00:00Z,DEHAM,HIGH,3.2,CR-PILU,L-CNSHA-DEHAM,12132.0,6.8,4120.0,EXW,3,standard,2026-06-16T12:00Z,2.5,,2026-06-16T09:00Z
S-701648,ORD-46497,P-PK-4501,Valencia,Veracruz,36,ocean,MV NIPPON CRYSTAL,9855125,155 nm from Veracruz,2026-06-04T16:48Z,MXVER,MEDIUM,1.3,CR-HMMU,L-ESVLC-MXVER,8670.0,36.7,50526.0,DDP,none,premium,2026-06-05T12:00Z,-0.8,,2026-06-03T13:48Z
S-701649,ORD-44375,P-PW-1802,Jebel Ali (Dubai),Rotterdam,4,ocean,MV PACIFIC VICTORY,9166437,Rotterdam approach,2026-06-07T02:24Z,NLRTM,LOW,0.4,CR-EGLV,L-AEDXB-NLRTM,18328.0,46.1,479.0,CIF,none,economy,2026-06-06T12:00Z,0.6,,2026-06-05T15:24Z
S-701650,ORD-47428,P-CH-2230,Jebel Ali (Dubai),Frankfurt am Main Airport,15,air,UP-CARGO-515,N/A,71 nm from Frankfurt am Main Airport,2026-05-26T16:48Z,DEFRA,LOW,0.1,CR-UPSA,L-AEDXB-DEFRA,4890.0,15.3,5107.0,FOB,none,premium,2026-05-23T12:00Z,3.2,,2026-05-25T08:48Z
S-701651,ORD-49321,P-MC-7200,Hong Kong,Frankfurt am Main Airport,28,air,LH-CARGO-160,N/A,121 nm from Frankfurt am Main Airport,2026-05-26T16:48Z,DEFRA,LOW,0.1,CR-LHCA,L-HKHKG-DEFRA,22807.0,48.0,1111.0,EXW,none,standard,2026-05-24T12:00Z,2.2,,2026-05-25T10:48Z
S-701652,ORD-49340,P-PW-1801,Los Angeles,Sydney Kingsford Smith Airport,24,air,CX-CARGO-822,N/A,Sydney Kingsford Smith Airport approach,2026-05-22T04:48Z,AUSYD,LOW,0.1,CR-CXCA,L-USLAX-AUSYD,11305.0,52.8,8538.0,EXW,none,premium,2026-05-21T12:00Z,0.7,,2026-05-19T15:48Z
S-701653,ORD-46413,P-MC-7101,Ningbo,Rotterdam,31,ocean,MV BALTIC VICTORY,9928649,off Ningbo,2026-05-22T07:12Z,NLRTM,LOW,0.4,CR-DSVS,L-CNNGB-NLRTM,5098.0,18.1,52501.0,DAP,3,premium,2026-05-21T12:00Z,0.8,,2026-05-19T19:12Z
S-701654,ORD-49325,P-SN-5001,Tianjin,Łódź Rail Terminal,25,rail,DB SCH-9955,N/A,in transit,2026-06-07T16:48Z,PLLDZ,LOW,0.2,CR-DBSC,L-CNTAO-PLLDZ,8015.0,28.8,1198.0,DDU,none,premium,2026-06-06T12:00Z,1.2,customs_hold,2026-06-04T16:48Z
S-701655,ORD-47999,P-SW-3002,Frankfurt am Main Airport,Shanghai,4,air,UP-CARGO-171,N/A,133 nm from Shanghai,2026-05-24T00:00Z,CNSHA,MEDIUM,1.3,CR-UPSA,L-DEFRA-CNSHA,15930.0,45.8,622.0,CIF,none,premium,2026-05-24T12:00Z,-0.5,damage,2026-05-23T21:00Z
S-701656,ORD-49953,P-PW-1802,Shanghai,Rotterdam,8,ocean,MV ASIAN TRADER,9935297,approaching Rotterdam,2026-06-01T02:24Z,NLRTM,LOW,0.4,CR-DSVS,L-CNSHA-NLRTM,4779.0,5.6,10309.0,DDU,9,standard,2026-05-31T12:00Z,0.6,,2026-06-01T01:24Z
S-701657,ORD-46637,P-MC-7100,Hong Kong,Frankfurt am Main Airport,30,air,LH-CARGO-307,N/A,approaching Frankfurt am Main Airport,2026-05-24T21:36Z,DEFRA,LOW,0.1,CR-LHCA,L-HKHKG-DEFRA,24482.0,20.7,519.0,DDU,none,standard,2026-05-23T12:00Z,1.4,,2026-05-22T16:36Z
S-701658,ORD-46537,P-SW-3002,Hamburg,Santos,34,ocean,MV IBERIAN PIONEER,9290255,in transit,2026-05-26T00:00Z,BRSSZ,MEDIUM,1.7,CR-KNES,L-DEHAM-BRSSZ,11413.0,42.0,1938.0,CIF,9,premium,2026-05-26T12:00Z,-0.5,damage,2026-05-24T20:00Z
S-701659,ORD-44628,P-CH-2230,Busan,New York/New Jersey,11,ocean,MV PACIFIC SPIRIT,9634758,73 nm from New York/New Jersey,2026-06-17T14:24Z,USNYC,MEDIUM,1.6,CR-MSCU,L-KRPUS-USNYC,10601.0,58.8,972.0,EXW,none,standard,2026-06-15T12:00Z,2.1,,2026-06-16T08:24Z
S-701660,ORD-47425,P-EL-9002,New York/New Jersey,London Heathrow Airport,15,air,CX-CARGO-418,N/A,approaching London Heathrow Airport,2026-05-22T21:36Z,LHRGB,LOW,0.1,CR-CXCA,L-USNYC-LHRGB,15895.0,38.1,322.0,DDP,3,standard,2026-05-22T12:00Z,0.4,,2026-05-21T23:36Z
S-701661,ORD-47839,P-SW-3001,Singapore,Frankfurt am Main Airport,22,air,FD-CARGO-215,N/A,in transit,2026-05-22T21:36Z,DEFRA,LOW,0.1,CR-FDXA,L-SGSIN-DEFRA,10213.0,11.1,9043.0,DAP,none,standard,2026-05-22T12:00Z,0.4,,2026-05-22T00:36Z
S-701662,ORD-49596,P-EL-9001,Hong Kong,Oakland,28,ocean,MV TROPIC BREEZE,9120895,103 nm from Oakland,2026-05-22T04:48Z,USOAK,MEDIUM,1.4,CR-ONEY,L-HKHKG-USOAK,3252.0,31.4,205.0,CIF,9,economy,2026-05-20T12:00Z,1.7,damage,2026-05-20T13:48Z
S-701663,ORD-49848,P-EL-9101,Salalah,Rotterdam,4,ocean,MV NORDIC BREEZE,9890321,off Salalah,2026-05-29T21:36Z,NLRTM,LOW,0.4,CR-HLCU,L-OMSLL-NLRTM,14246.0,20.4,3442.0,DDP,8,premium,2026-05-28T12:00Z,1.4,,2026-05-28T15:36Z
S-701664,ORD-49212,P-PW-1850,Yantian,Hamburg,9,ocean,MV PACIFIC GLORY,9137927,off Yantian,2026-05-31T19:12Z,DEHAM,HIGH,3.2,CR-YMLU,L-CNYTN-DEHAM,7080.0,44.5,79.0,DDP,3,economy,2026-05-31T12:00Z,0.3,damage,2026-05-29T04:12Z
S-701665,ORD-48207,P-EL-9002,Chicago O'Hare Airport,Hong Kong,19,air,FD-CARGO-902,N/A,Hong Kong approach,2026-05-24T16:48Z,HKHKG,LOW,0.8,CR-FDXA,L-USORD-HKHKG,19884.0,31.2,870.0,DAP,9,standard,2026-05-21T12:00Z,3.2,customs_hold,2026-05-23T21:48Z
S-701666,ORD-49632,P-PW-1850,Singapore,Rotterdam,26,ocean,MV NORDIC GLORY,9979641,in transit,2026-06-09T14:24Z,NLRTM,LOW,0.4,CR-MAEU,L-SGSIN-NLRTM,2811.0,22.8,3863.0,CIF,9,economy,2026-06-07T12:00Z,2.1,,2026-06-07T04:24Z
S-701667,ORD-44310,P-CH-2210,Antwerp,New York/New Jersey,34,ocean,MV NIPPON STAR,9677475,95 nm from New York/New Jersey,2026-06-02T12:00Z,USNYC,MEDIUM,1.6,CR-WHLU,L-BEANR-USNYC,11480.0,25.7,39977.0,DDU,none,standard,2026-06-02T12:00Z,0.0,,2026-05-30T21:00Z
S-701668,ORD-48927,P-MC-7100,Hamburg,Santos,6,ocean,MV BALTIC PIONEER,9700302,approaching Santos,2026-06-10T12:00Z,BRSSZ,MEDIUM,1.7,CR-CMDU,L-DEHAM-BRSSZ,8022.0,25.0,15478.0,DDU,none,premium,2026-06-10T12:00Z,0.0,,2026-06-07T21:00Z
S-701669,ORD-48802,P-EL-9102,Yokohama,Los Angeles,8,ocean,MV ATLANTIC TRADER,9647018,Los Angeles approach,2026-06-06T02:24Z,USLAX,HIGH,2.6,CR-YMLU,L-JPYOK-USLAX,5886.0,1.4,14207.0,EXW,none,premium,2026-05-30T12:00Z,6.6,customs_hold,2026-06-05T00:24Z
S-701670,ORD-46264,P-MC-7101,Nhava Sheva,Rotterdam,4,ocean,MV PACIFIC EXPRESS,9281199,in transit,2026-06-04T21:36Z,NLRTM,LOW,0.4,CR-MAEU,L-INNSA-NLRTM,19824.0,22.8,54.0,FOB,8,premium,2026-06-03T12:00Z,1.4,,2026-06-04T10:36Z
S-701671,ORD-47450,P-CH-2211,Shanghai,Los Angeles,29,ocean,MV PACIFIC TRADER,9100199,off Shanghai,2026-05-25T16:48Z,USLAX,HIGH,2.6,CR-CMDU,L-CNSHA-USLAX,16612.0,8.0,1560.0,DAP,none,premium,2026-05-25T12:00Z,0.2,,2026-05-23T09:48Z
S-701672,ORD-44162,P-PW-1802,Jebel Ali (Dubai),Frankfurt am Main Airport,31,air,UP-CARGO-216,N/A,74 nm from Frankfurt am Main Airport,2026-05-19T14:24Z,DEFRA,LOW,0.1,CR-UPSA,L-AEDXB-DEFRA,12775.0,41.7,4432.0,DDP,9,economy,2026-05-20T12:00Z,-0.9,damage,2026-05-19T08:24Z
S-701673,ORD-47959,P-EL-9003,New York/New Jersey,London Heathrow Airport,13,air,LH-CARGO-197,N/A,approaching London Heathrow Airport,2026-05-21T16:48Z,LHRGB,LOW,0.1,CR-LHCA,L-USNYC-LHRGB,11280.0,19.7,18101.0,FOB,none,standard,2026-05-21T12:00Z,0.2,,2026-05-19T06:48Z
S-701674,ORD-48224,P-EL-9002,Frankfurt am Main Airport,Shanghai,7,air,AF-CARGO-421,N/A,off Frankfurt am Main Airport,2026-05-21T12:00Z,CNSHA,MEDIUM,1.3,CR-AFKA,L-DEFRA-CNSHA,18594.0,8.5,2945.0,FOB,none,premium,2026-05-23T12:00Z,-2.0,,2026-05-21T05:00Z
S-701675,ORD-49527,P-EL-9101,Los Angeles,Sydney Kingsford Smith Airport,13,air,CX-CARGO-954,N/A,approaching Sydney Kingsford Smith Airport,2026-05-22T21:36Z,AUSYD,LOW,0.1,CR-CXCA,L-USLAX-AUSYD,21464.0,2.5,1171.0,DDP,none,premium,2026-05-22T12:00Z,0.4,damage,2026-05-21T12:36Z
S-701676,ORD-47887,P-CH-2210,Valencia,Veracruz,21,ocean,MV BALTIC GUARDIAN,9200093,off Valencia,2026-06-08T12:00Z,MXVER,MEDIUM,1.3,CR-HLCU,L-ESVLC-MXVER,9328.0,49.1,1210.0,FOB,none,economy,2026-06-07T12:00Z,1.0,,2026-06-06T10:00Z
S-701677,ORD-44217,P-EL-9001,Shanghai,New York/New Jersey,33,ocean,MV ATLANTIC CRYSTAL,9100788,in transit,2026-06-14T19:12Z,USNYC,MEDIUM,1.6,CR-KNES,L-CNSHA-USNYC,9237.0,4.1,619.0,FOB,none,standard,2026-06-13T12:00Z,1.3,,2026-06-12T04:12Z
S-701678,ORD-48563,P-EL-9102,Nhava Sheva,Rotterdam,17,ocean,MV PACIFIC STAR,9697500,Rotterdam approach,2026-05-27T07:12Z,NLRTM,LOW,0.4,CR-CMDU,L-INNSA-NLRTM,7133.0,13.1,496.0,DDP,3,economy,2026-05-25T12:00Z,1.8,,2026-05-27T00:12Z
S-701679,ORD-45490,P-MC-7101,Valencia,Veracruz,9,ocean,MV ASIAN GLORY,9324615,23 nm from Veracruz,2026-05-30T07:12Z,MXVER,MEDIUM,1.3,CR-HLCU,L-ESVLC-MXVER,10069.0,35.6,277.0,DDP,none,standard,2026-05-28T12:00Z,1.8,,2026-05-27T12:12Z
S-701680,ORD-48913,P-SN-5001,Hamburg,Santos,34,ocean,MV ATLANTIC SPIRIT,9133663,192 nm from Santos,2026-06-08T07:12Z,BRSSZ,MEDIUM,1.7,CR-DSVS,L-DEHAM-BRSSZ,12913.0,56.9,1036.0,EXW,3,standard,2026-06-07T12:00Z,0.8,,2026-06-06T03:12Z
S-701681,ORD-46953,P-MC-7102,Busan,New York/New Jersey,5,ocean,MV NIPPON PIONEER,9514957,in transit,2026-06-02T19:12Z,USNYC,MEDIUM,1.6,CR-HLCU,L-KRPUS-USNYC,18494.0,43.2,9536.0,DDP,none,standard,2026-05-31T12:00Z,2.3,,2026-05-31T15:12Z
S-701682,ORD-49733,P-PW-1801,Rotterdam,New York/New Jersey,24,ocean,MV ATLANTIC GUARDIAN,9546061,116 nm from New York/New Jersey,2026-05-23T04:48Z,USNYC,MEDIUM,1.6,CR-KNES,L-NLRTM-USNYC,8677.0,8.2,5606.0,CIF,none,premium,2026-05-24T12:00Z,-1.3,,2026-05-20T12:48Z
S-701683,ORD-44010,P-CH-2211,Hamburg,Genoa,23,road,DACHSE-4466,N/A,Genoa approach,2026-05-28T09:36Z,ITGOA,MEDIUM,1.2,CR-DACH,L-DEHAM-ITGOA,20498.0,39.7,172.0,CIF,none,standard,2026-05-25T12:00Z,2.9,,2026-05-27T00:36Z
S-701684,ORD-44948,P-CH-2211,Los Angeles,Sydney Kingsford Smith Airport,9,air,AF-CARGO-743,N/A,approaching Sydney Kingsford Smith Airport,2026-05-24T00:00Z,AUSYD,LOW,0.1,CR-AFKA,L-USLAX-AUSYD,9448.0,23.8,97160.0,DAP,none,economy,2026-05-22T12:00Z,1.5,damage,2026-05-21T20:00Z
S-701685,ORD-49090,P-PK-4500,Tianjin,Hamburg,4,ocean,MV BALTIC TRADER,9408111,in transit,2026-06-05T09:36Z,DEHAM,HIGH,3.2,CR-ONEY,L-CNTAO-DEHAM,4651.0,18.7,32853.0,DAP,9,standard,2026-06-05T12:00Z,-0.1,,2026-06-05T01:36Z
S-701686,ORD-48484,P-SN-5001,Hamburg,Durban,27,ocean,MV ATLANTIC CRYSTAL,9109978,in transit,2026-05-25T14:24Z,ZADUR,MEDIUM,1.5,CR-ONEY,L-DEHAM-ZADUR,2293.0,27.6,8452.0,FOB,none,standard,2026-05-24T12:00Z,1.1,,2026-05-24T13:24Z
S-701687,ORD-48987,P-CH-2210,Singapore,Rotterdam,23,ocean,MV CALEDONIAN EXPRESS,9119598,Rotterdam approach,2026-06-01T19:12Z,NLRTM,LOW,0.4,CR-MSCU,L-SGSIN-NLRTM,24728.0,47.5,5328.0,DDU,9,premium,2026-06-03T12:00Z,-1.7,,2026-05-30T01:12Z
S-701688,ORD-47706,P-PK-4500,Qingdao,Le Havre,14,ocean,MV BALTIC VICTORY,9827476,approaching Le Havre,2026-05-30T19:12Z,FRLEH,MEDIUM,1.0,CR-PILU,L-CNQIN-FRLEH,9779.0,1.0,58.0,CIF,none,standard,2026-05-31T12:00Z,-0.7,customs_hold,2026-05-30T00:12Z
S-701689,ORD-45204,P-CH-2211,Shanghai,Hamburg,4,ocean,MV IBERIAN TRADER,9710665,Hamburg approach,2026-05-25T04:48Z,DEHAM,HIGH,3.2,CR-KNES,L-CNSHA-DEHAM,2661.0,13.5,155.0,EXW,none,standard,2026-05-26T12:00Z,-1.3,,2026-05-25T03:48Z
S-701690,ORD-47485,P-CH-2211,Chicago O'Hare Airport,Hong Kong,13,air,EK-CARGO-250,N/A,approaching Hong Kong,2026-05-20T02:24Z,HKHKG,LOW,0.8,CR-EKCA,L-USORD-HKHKG,3210.0,9.2,5036.0,DDU,none,premium,2026-05-20T12:00Z,-0.4,,2026-05-17T07:24Z
S-701691,ORD-45608,P-CH-2211,Qingdao,Le Havre,20,ocean,MV ATLANTIC TRADER,9262531,off Qingdao,2026-05-18T12:00Z,FRLEH,MEDIUM,1.0,CR-ONEY,L-CNQIN-FRLEH,20809.0,38.6,304.0,DDU,8,standard,2026-05-20T12:00Z,-2.0,,2026-05-17T19:00Z
S-701692,ORD-44442,P-SW-3002,Hong Kong,Oakland,4,ocean,MV NORDIC TRADER,9852736,47 nm from Oakland,2026-06-09T14:24Z,USOAK,MEDIUM,1.4,CR-YMLU,L-HKHKG-USOAK,8259.0,12.5,11010.0,EXW,none,standard,2026-06-07T12:00Z,2.1,,2026-06-06T19:24Z
S-701693,ORD-47005,P-MC-7100,Chicago O'Hare Airport,Hong Kong,13,air,CX-CARGO-284,N/A,in transit,2026-05-26T12:00Z,HKHKG,LOW,0.8,CR-CXCA,L-USORD-HKHKG,3725.0,23.9,1362.0,EXW,none,economy,2026-05-23T12:00Z,3.0,,2026-05-24T22:00Z
S-701694,ORD-45852,P-SW-3002,Hamburg,Durban,28,ocean,MV BALTIC GLORY,9523585,off Hamburg,2026-05-27T02:24Z,ZADUR,MEDIUM,1.5,CR-WHLU,L-DEHAM-ZADUR,5928.0,35.4,7316.0,FOB,none,premium,2026-05-26T12:00Z,0.6,,2026-05-26T01:24Z
S-701695,ORD-49138,P-PW-1801,Yantian,Hamburg,34,ocean,MV NORDIC BREEZE,9706478,off Yantian,2026-06-19T07:12Z,DEHAM,HIGH,3.2,CR-COSU,L-CNYTN-DEHAM,12068.0,13.7,9076.0,DAP,3,economy,2026-06-17T12:00Z,1.8,,2026-06-18T12:12Z
S-701696,ORD-45393,P-CH-2211,Busan,Los Angeles,27,ocean,MV BALTIC GUARDIAN,9473253,Los Angeles approach,2026-05-29T14:24Z,USLAX,HIGH,2.6,CR-EGLV,L-KRPUS-USLAX,11626.0,43.7,2391.0,DAP,none,premium,2026-05-27T12:00Z,2.1,,2026-05-26T15:24Z
S-701697,ORD-49621,P-SW-3001,Valencia,Veracruz,5,ocean,MV ARCTIC GUARDIAN,9906230,off Valencia,2026-05-28T04:48Z,MXVER,MEDIUM,1.3,CR-HLCU,L-ESVLC-MXVER,16797.0,23.1,4797.0,CIF,none,economy,2026-05-28T12:00Z,-0.3,delayed,2026-05-25T11:48Z
S-701698,ORD-49018,P-PW-1802,Busan,New York/New Jersey,17,ocean,MV NIPPON GUARDIAN,9623513,169 nm from New York/New Jersey,2026-05-30T02:24Z,USNYC,MEDIUM,1.6,CR-ZIMU,L-KRPUS-USNYC,666.0,41.6,2674.0,DDU,none,economy,2026-05-29T12:00Z,0.6,,2026-05-28T03:24Z
S-701699,ORD-49140,P-MC-7101,Yantian,Los Angeles,13,ocean,MV NIPPON SPIRIT,9755694,off Yantian,2026-05-23T12:00Z,USLAX,HIGH,2.6,CR-YMLU,L-CNYTN-USLAX,16643.0,19.5,205.0,CIF,none,premium,2026-05-22T12:00Z,1.0,,2026-05-23T03:00Z
S-701700,ORD-44148,P-MC-7102,Jebel Ali (Dubai),Frankfurt am Main Airport,24,air,QT-CARGO-703,N/A,off Jebel Ali (Dubai),2026-05-22T09:36Z,DEFRA,LOW,0.1,CR-QTRA,L-AEDXB-DEFRA,1352.0,58.2,285.0,CIF,none,standard,2026-05-23T12:00Z,-1.1,,2026-05-22T00:36Z
S-701701,ORD-46199,P-PK-4501,Tokyo,Vancouver,6,ocean,MV TROPIC EXPRESS,9735599,Vancouver approach,2026-05-24T09:36Z,CASOG,LOW,0.6,CR-PILU,L-JPTYO-CASOG,21167.0,41.5,4312.0,CIF,none,premium,2026-05-20T12:00Z,3.9,,2026-05-24T04:36Z
S-701702,ORD-48774,P-PW-1802,Yantian,Callao (Lima),15,ocean,MV NORDIC SPIRIT,9371145,in transit,2026-06-05T16:48Z,PEMRI,LOW,0.9,CR-HMMU,L-CNYTN-PEMRI,12402.0,23.3,1749.0,DDP,3,standard,2026-06-06T12:00Z,-0.8,,2026-06-04T05:48Z
S-701703,ORD-49468,P-PK-4501,Tianjin,Hamburg,25,ocean,MV ATLANTIC TRADER,9770639,83 nm from Hamburg,2026-06-07T07:12Z,DEHAM,HIGH,3.2,CR-HMMU,L-CNTAO-DEHAM,8814.0,10.0,361.0,CIF,9,economy,2026-06-05T12:00Z,1.8,,2026-06-05T14:12Z
S-701704,ORD-46367,P-PK-4501,Salalah,Rotterdam,24,ocean,MV ARCTIC GLORY,9170140,approaching Rotterdam,2026-06-01T12:00Z,NLRTM,LOW,0.4,CR-HLCU,L-OMSLL-NLRTM,14765.0,37.0,912.0,CIF,none,premium,2026-05-30T12:00Z,2.0,,2026-05-31T19:00Z
S-701705,ORD-46361,P-MC-7101,Tokyo,Vancouver,18,ocean,MV CALEDONIAN BREEZE,9462651,in transit,2026-06-03T00:00Z,CASOG,LOW,0.6,CR-KNES,L-JPTYO-CASOG,821.0,57.3,11705.0,DAP,none,standard,2026-05-29T12:00Z,4.5,vessel_change,2026-06-02T12:00Z
S-701706,ORD-49000,P-PW-1850,Los Angeles,Sydney Kingsford Smith Airport,7,air,FD-CARGO-523,N/A,43 nm from Sydney Kingsford Smith Airport,2026-05-23T02:24Z,AUSYD,LOW,0.1,CR-FDXA,L-USLAX-AUSYD,11871.0,58.9,459.0,FOB,none,standard,2026-05-22T12:00Z,0.6,,2026-05-22T03:24Z
S-701707,ORD-47672,P-MC-7100,Tokyo,Vancouver,8,ocean,MV ARCTIC GUARDIAN,9259742,off Tokyo,2026-06-01T09:36Z,CASOG,LOW,0.6,CR-CMDU,L-JPTYO-CASOG,19763.0,22.2,9277.0,DDU,none,economy,2026-05-30T12:00Z,1.9,port_congestion,2026-05-30T19:36Z
S-701708,ORD-46709,P-EL-9001,Yantian,Los Angeles,34,ocean,MV CALEDONIAN TRADER,9863324,in transit,2026-06-08T00:00Z,USLAX,HIGH,2.6,CR-EGLV,L-CNYTN-USLAX,1901.0,52.7,12217.0,DDU,none,standard,2026-06-07T12:00Z,0.5,customs_hold,2026-06-07T15:00Z
S-701709,ORD-47452,P-PK-4501,Hong Kong,Frankfurt am Main Airport,6,air,DH-CARGO-458,N/A,in transit,2026-05-22T00:00Z,DEFRA,LOW,0.1,CR-DHLA,L-HKHKG-DEFRA,4950.0,50.1,8200.0,DAP,none,standard,2026-05-20T12:00Z,1.5,,2026-05-20T12:00Z
S-701710,ORD-46280,P-EL-9101,Rotterdam,Santos,20,ocean,MV TROPIC BREEZE,9213825,Santos approach,2026-06-11T16:48Z,BRSSZ,MEDIUM,1.7,CR-HLCU,L-NLRTM-BRSSZ,24271.0,43.7,7819.0,FOB,none,economy,2026-06-10T12:00Z,1.2,delayed,2026-06-11T14:48Z
S-701711,ORD-46879,P-CH-2211,Jebel Ali (Dubai),Frankfurt am Main Airport,15,air,UP-CARGO-264,N/A,approaching Frankfurt am Main Airport,2026-05-24T19:12Z,DEFRA,LOW,0.1,CR-UPSA,L-AEDXB-DEFRA,25470.0,52.0,345.0,DAP,none,standard,2026-05-22T12:00Z,2.3,,2026-05-21T19:12Z
S-701712,ORD-48471,P-SN-5001,Singapore,Rotterdam,23,ocean,MV ATLANTIC GLORY,9137930,off Singapore,2026-05-26T19:12Z,NLRTM,LOW,0.4,CR-DSVS,L-SGSIN-NLRTM,8962.0,40.4,5243.0,CIF,9,standard,2026-05-28T12:00Z,-1.7,,2026-05-24T00:12Z
S-701713,ORD-44053,P-PW-1850,Shanghai,Rotterdam,32,ocean,MV TROPIC CRYSTAL,9949094,approaching Rotterdam,2026-05-27T04:48Z,NLRTM,LOW,0.4,CR-EGLV,L-CNSHA-NLRTM,11931.0,17.1,11513.0,CIF,none,economy,2026-05-26T12:00Z,0.7,,2026-05-25T15:48Z
S-701714,ORD-47419,P-MC-7200,Yantian,Hamburg,12,ocean,MV PACIFIC SPIRIT,9982623,in transit,2026-05-28T02:24Z,DEHAM,HIGH,3.2,CR-MAEU,L-CNYTN-DEHAM,1361.0,4.9,6254.0,DDU,none,premium,2026-05-26T12:00Z,1.6,,2026-05-26T02:24Z
S-701715,ORD-49671,P-MC-7101,Frankfurt am Main Airport,Shanghai,17,air,UP-CARGO-123,N/A,approaching Shanghai,2026-05-20T04:48Z,CNSHA,MEDIUM,1.3,CR-UPSA,L-DEFRA-CNSHA,917.0,38.3,3788.0,FOB,9,economy,2026-05-20T12:00Z,-0.3,,2026-05-18T01:48Z
S-701716,ORD-44111,P-PK-4501,Hamburg,Durban,19,ocean,MV BALTIC EXPRESS,9490698,Durban approach,2026-06-05T16:48Z,ZADUR,MEDIUM,1.5,CR-YMLU,L-DEHAM-ZADUR,15594.0,44.2,2953.0,DAP,none,standard,2026-06-06T12:00Z,-0.8,vessel_change,2026-06-02T23:48Z
S-701717,ORD-44500,P-PK-4500,Singapore,Felixstowe,29,ocean,MV CALEDONIAN GUARDIAN,9200370,in transit,2026-06-01T19:12Z,GBFXT,MEDIUM,0.9,CR-MSCU,L-SGSIN-GBFXT,17346.0,33.7,50.0,DDP,none,premium,2026-06-02T12:00Z,-0.7,,2026-05-29T19:12Z
S-701718,ORD-45015,P-MC-7200,Rotterdam,Santos,14,ocean,MV CALEDONIAN STAR,9648311,111 nm from Santos,2026-05-26T12:00Z,BRSSZ,MEDIUM,1.7,CR-PILU,L-NLRTM-BRSSZ,6949.0,18.4,418.0,DAP,none,standard,2026-05-28T12:00Z,-2.0,,2026-05-25T10:00Z
S-701719,ORD-49834,P-PW-1850,Yokohama,Los Angeles,9,ocean,MV ATLANTIC SPIRIT,9955876,6 nm from Los Angeles,2026-06-10T16:48Z,USLAX,HIGH,2.6,CR-COSU,L-JPYOK-USLAX,10014.0,5.0,1280.0,DAP,9,premium,2026-06-02T12:00Z,8.2,port_congestion,2026-06-08T10:48Z
S-701720,ORD-46759,P-PW-1802,Chicago O'Hare Airport,Hong Kong,6,air,CX-CARGO-397,N/A,approaching Hong Kong,2026-05-30T14:24Z,HKHKG,LOW,0.8,CR-CXCA,L-USORD-HKHKG,16768.0,24.7,888.0,FOB,none,standard,2026-05-24T12:00Z,6.1,damage,2026-05-28T12:24Z
S-701721,ORD-49592,P-SW-3001,Genoa,Charleston,17,ocean,MV IBERIAN GLORY,9457105,approaching Charleston,2026-05-27T04:48Z,USCHS,LOW,0.7,CR-DSVS,L-ITGOA-USCHS,17842.0,43.7,16466.0,FOB,none,premium,2026-05-25T12:00Z,1.7,port_congestion,2026-05-25T17:48Z
S-701722,ORD-45174,P-EL-9101,Mundra,Felixstowe,13,ocean,MV BALTIC GLORY,9702123,Felixstowe approach,2026-06-06T12:00Z,GBFXT,MEDIUM,0.9,CR-MSCU,L-INMUN-GBFXT,13654.0,49.4,5609.0,DDP,9,standard,2026-06-06T12:00Z,-0.0,,2026-06-06T06:00Z
S-701723,ORD-44626,P-PK-4501,Shanghai,Düsseldorf Rail Terminal,17,rail,DB SCH-2446,N/A,off Shanghai,2026-06-05T07:12Z,DEDUS,LOW,0.2,CR-DBSC,L-CNSHA-DEDUS,10458.0,54.7,216.0,EXW,none,premium,2026-06-03T12:00Z,1.8,,2026-06-03T23:12Z
S-701724,ORD-45371,P-EL-9002,Rotterdam,Santos,28,ocean,MV NIPPON GLORY,9578282,121 nm from Santos,2026-05-21T00:00Z,BRSSZ,MEDIUM,1.7,CR-MSCU,L-NLRTM-BRSSZ,5497.0,36.5,8525.0,EXW,3,premium,2026-05-20T12:00Z,0.5,,2026-05-18T00:00Z
S-701725,ORD-44180,P-CH-2230,Hamburg,Genoa,34,road,DACHSE-1518,N/A,120 nm from Genoa,2026-05-18T14:24Z,ITGOA,MEDIUM,1.2,CR-DACH,L-DEHAM-ITGOA,13300.0,28.6,665.0,EXW,none,standard,2026-05-20T12:00Z,-1.9,vessel_change,2026-05-16T10:24Z
S-701726,ORD-45809,P-EL-9003,Yantian,Frankfurt am Main Airport,31,air,CX-CARGO-259,N/A,approaching Frankfurt am Main Airport,2026-05-24T12:00Z,DEFRA,LOW,0.1,CR-CXCA,L-CNYTN-DEFRA,18058.0,0.5,4077.0,DDP,none,economy,2026-05-22T12:00Z,2.0,,2026-05-22T02:00Z
S-701727,ORD-49342,P-CH-2210,Busan,New York/New Jersey,12,ocean,MV ARCTIC VICTORY,9630147,New York/New Jersey approach,2026-06-20T07:12Z,USNYC,MEDIUM,1.6,CR-EGLV,L-KRPUS-USNYC,18621.0,56.7,18078.0,DDU,9,standard,2026-06-19T12:00Z,0.8,,2026-06-20T02:12Z
S-701728,ORD-45932,P-MC-7200,Ningbo,Rotterdam,5,ocean,MV PACIFIC EXPRESS,9928425,off Ningbo,2026-05-30T12:00Z,NLRTM,LOW,0.4,CR-CMDU,L-CNNGB-NLRTM,355.0,18.3,1481.0,FOB,none,standard,2026-05-29T12:00Z,1.0,,2026-05-28T01:00Z
S-701729,ORD-45602,P-MC-7200,Yantian,Los Angeles,3,ocean,MV ARCTIC GLORY,9144338,in transit,2026-05-30T14:24Z,USLAX,HIGH,2.6,CR-DSVS,L-CNYTN-USLAX,2733.0,48.6,14880.0,DAP,3,economy,2026-05-31T12:00Z,-0.9,,2026-05-27T14:24Z
S-701730,ORD-48939,P-EL-9003,Yantian,Callao (Lima),12,ocean,MV ASIAN VICTORY,9484263,126 nm from Callao (Lima),2026-06-14T02:24Z,PEMRI,LOW,0.9,CR-MSCU,L-CNYTN-PEMRI,22279.0,12.5,2948.0,DDU,3,premium,2026-06-15T12:00Z,-1.4,,2026-06-11T10:24Z
S-701731,ORD-48798,P-EL-9003,Tokyo,Vancouver,14,ocean,MV TROPIC PIONEER,9575439,Vancouver approach,2026-05-31T02:24Z,CASOG,LOW,0.6,CR-HMMU,L-JPTYO-CASOG,18905.0,30.9,4042.0,FOB,none,standard,2026-05-28T12:00Z,2.6,,2026-05-30T01:24Z
S-701732,ORD-48638,P-EL-9003,Hamburg,Genoa,14,road,DACHSE-8035,N/A,Genoa approach,2026-05-22T16:48Z,ITGOA,MEDIUM,1.2,CR-DACH,L-DEHAM-ITGOA,6638.0,18.3,8736.0,DAP,none,economy,2026-05-24T12:00Z,-1.8,,2026-05-21T10:48Z
S-701733,ORD-46982,P-PW-1850,Hamburg,Genoa,4,road,XPO LO-4190,N/A,off Hamburg,2026-05-23T04:48Z,ITGOA,MEDIUM,1.2,CR-XPOT,L-DEHAM-ITGOA,1684.0,0.8,1738.0,EXW,9,premium,2026-05-21T12:00Z,1.7,,2026-05-22T23:48Z
S-701734,ORD-47795,P-PW-1802,Yokohama,Los Angeles,24,ocean,MV ASIAN CRYSTAL,9853290,in transit,2026-06-09T16:48Z,USLAX,HIGH,2.6,CR-WHLU,L-JPYOK-USLAX,10893.0,56.1,5210.0,EXW,8,standard,2026-06-04T12:00Z,5.2,customs_hold,2026-06-07T04:48Z
S-701735,ORD-49833,P-PK-4501,Shanghai,New York/New Jersey,20,ocean,MV IBERIAN STAR,9836834,11 nm from New York/New Jersey,2026-06-12T12:00Z,USNYC,MEDIUM,1.6,CR-ONEY,L-CNSHA-USNYC,21863.0,36.9,2794.0,FOB,none,standard,2026-06-11T12:00Z,1.0,,2026-06-11T10:00Z
S-701736,ORD-48895,P-CH-2230,Hong Kong,Frankfurt am Main Airport,12,air,AF-CARGO-823,N/A,approaching Frankfurt am Main Airport,2026-05-25T07:12Z,DEFRA,LOW,0.1,CR-AFKA,L-HKHKG-DEFRA,18414.0,58.1,3015.0,FOB,none,standard,2026-05-23T12:00Z,1.8,,2026-05-22T21:12Z
S-701737,ORD-46773,P-SW-3001,Rotterdam,New York/New Jersey,4,ocean,MV ASIAN STAR,9897573,in transit,2026-05-24T02:24Z,USNYC,MEDIUM,1.6,CR-MAEU,L-NLRTM-USNYC,24478.0,54.0,3737.0,DDP,none,standard,2026-05-22T12:00Z,1.6,customs_hold,2026-05-22T22:24Z
S-701738,ORD-48342,P-SW-3002,Hamburg,Santos,3,ocean,MV TROPIC BREEZE,9140712,192 nm from Santos,2026-06-11T02:24Z,BRSSZ,MEDIUM,1.7,CR-ONEY,L-DEHAM-BRSSZ,9250.0,16.3,1351.0,DAP,none,premium,2026-06-09T12:00Z,1.6,,2026-06-09T00:24Z
S-701739,ORD-45223,P-CH-2230,Yantian,Los Angeles,24,ocean,MV ARCTIC TRADER,9659523,off Yantian,2026-05-31T00:00Z,USLAX,HIGH,2.6,CR-EGLV,L-CNYTN-USLAX,17088.0,36.8,20993.0,CIF,3,premium,2026-05-29T12:00Z,1.5,,2026-05-29T00:00Z
S-701740,ORD-44609,P-SW-3002,Tokyo,Vancouver,28,ocean,MV ASIAN STAR,9392439,Vancouver approach,2026-05-22T16:48Z,CASOG,LOW,0.6,CR-COSU,L-JPTYO-CASOG,7763.0,40.1,7019.0,DAP,3,standard,2026-05-21T12:00Z,1.2,vessel_change,2026-05-21T17:48Z
S-701741,ORD-45550,P-PW-1801,Jebel Ali (Dubai),Rotterdam,35,ocean,MV PACIFIC EXPRESS,9116817,Rotterdam approach,2026-06-08T12:00Z,NLRTM,LOW,0.4,CR-ZIMU,L-AEDXB-NLRTM,22448.0,22.3,1833.0,DAP,none,premium,2026-06-05T12:00Z,3.0,,2026-06-08T10:00Z
S-701742,ORD-48552,P-PK-4500,Yantian,Callao (Lima),6,ocean,MV ASIAN GUARDIAN,9151493,28 nm from Callao (Lima),2026-05-31T14:24Z,PEMRI,LOW,0.9,CR-YMLU,L-CNYTN-PEMRI,22379.0,26.8,1760.0,DDP,none,premium,2026-06-01T12:00Z,-0.9,,2026-05-30T22:24Z
S-701743,ORD-45912,P-PK-4500,Rotterdam,Santos,8,ocean,MV CALEDONIAN PIONEER,9132833,Santos approach,2026-05-30T09:36Z,BRSSZ,MEDIUM,1.7,CR-WHLU,L-NLRTM-BRSSZ,13968.0,10.2,14587.0,FOB,8,premium,2026-05-27T12:00Z,2.9,,2026-05-30T02:36Z
S-701744,ORD-49037,P-SW-3002,Shanghai,New York/New Jersey,32,ocean,MV IBERIAN STAR,9871093,in transit,2026-05-28T04:48Z,USNYC,MEDIUM,1.6,CR-WHLU,L-CNSHA-USNYC,9691.0,59.5,2816.0,DAP,none,economy,2026-05-28T12:00Z,-0.3,,2026-05-27T07:48Z
S-701745,ORD-45002,P-EL-9102,Yantian,Hamburg,25,ocean,MV IBERIAN TRADER,9653373,in transit,2026-06-17T16:48Z,DEHAM,HIGH,3.2,CR-YMLU,L-CNYTN-DEHAM,19884.0,32.4,3390.0,FOB,none,standard,2026-06-16T12:00Z,1.2,,2026-06-16T19:48Z
S-701746,ORD-44534,P-MC-7102,Yantian,Frankfurt am Main Airport,5,air,QT-CARGO-196,N/A,5 nm from Frankfurt am Main Airport,2026-05-24T07:12Z,DEFRA,LOW,0.1,CR-QTRA,L-CNYTN-DEFRA,9727.0,0.3,1492.0,EXW,8,standard,2026-05-23T12:00Z,0.8,,2026-05-23T18:12Z
S-701747,ORD-45083,P-CH-2230,Ningbo,Rotterdam,24,ocean,MV ATLANTIC CRYSTAL,9938722,152 nm from Rotterdam,2026-06-13T14:24Z,NLRTM,LOW,0.4,CR-MAEU,L-CNNGB-NLRTM,5990.0,38.2,2040.0,DDP,3,premium,2026-06-13T12:00Z,0.1,,2026-06-12T23:24Z
S-701748,ORD-48884,P-EL-9101,Shanghai,Düsseldorf Rail Terminal,6,rail,DB SCH-6645,N/A,Düsseldorf Rail Terminal approach,2026-06-05T19:12Z,DEDUS,LOW,0.2,CR-DBSC,L-CNSHA-DEDUS,9892.0,29.2,2626.0,CIF,none,standard,2026-06-04T12:00Z,1.3,,2026-06-05T01:12Z
S-701749,ORD-45298,P-EL-9002,Shanghai,Los Angeles,31,ocean,MV TROPIC PIONEER,9123847,in transit,2026-05-23T00:00Z,USLAX,HIGH,2.6,CR-MSCU,L-CNSHA-USLAX,14688.0,12.1,113359.0,FOB,none,premium,2026-05-23T12:00Z,-0.5,,2026-05-20T18:00Z
S-701750,ORD-47301,P-EL-9102,Yantian,Los Angeles,9,ocean,MV CALEDONIAN VICTORY,9809384,in transit,2026-05-27T04:48Z,USLAX,HIGH,2.6,CR-CMDU,L-CNYTN-USLAX,22321.0,29.6,860.0,DDU,none,standard,2026-05-26T12:00Z,0.7,,2026-05-25T07:48Z
S-701751,ORD-47797,P-MC-7102,Salalah,Rotterdam,1,ocean,MV NORDIC BREEZE,9344100,85 nm from Rotterdam,2026-05-25T07:12Z,NLRTM,LOW,0.4,CR-MAEU,L-OMSLL-NLRTM,18281.0,43.5,6037.0,EXW,none,standard,2026-05-23T12:00Z,1.8,,2026-05-22T20:12Z
S-701752,ORD-46323,P-MC-7100,Busan,Los Angeles,27,ocean,MV CALEDONIAN SPIRIT,9540716,in transit,2026-05-26T21:36Z,USLAX,HIGH,2.6,CR-EGLV,L-KRPUS-USLAX,20501.0,55.2,3085.0,CIF,3,standard,2026-05-27T12:00Z,-0.6,vessel_change,2026-05-26T09:36Z
S-701753,ORD-48449,P-CH-2211,Busan,Los Angeles,11,ocean,MV ASIAN CRYSTAL,9253882,179 nm from Los Angeles,2026-06-08T12:00Z,USLAX,HIGH,2.6,CR-DSVS,L-KRPUS-USLAX,7089.0,57.6,3672.0,FOB,none,premium,2026-06-08T12:00Z,-0.0,,2026-06-06T13:00Z
S-701754,ORD-49381,P-CH-2211,Tokyo,Vancouver,21,ocean,MV ATLANTIC TRADER,9698623,approaching Vancouver,2026-06-05T14:24Z,CASOG,LOW,0.6,CR-ZIMU,L-JPTYO-CASOG,8263.0,29.3,10424.0,DDU,none,premium,2026-06-01T12:00Z,4.1,customs_hold,2026-06-02T14:24Z
S-701755,ORD-45998,P-SW-3001,Ningbo,Rotterdam,1,ocean,MV ARCTIC VICTORY,9833822,100 nm from Rotterdam,2026-06-03T21:36Z,NLRTM,LOW,0.4,CR-PILU,L-CNNGB-NLRTM,18849.0,17.3,14519.0,DAP,none,premium,2026-06-02T12:00Z,1.4,,2026-06-02T03:36Z
S-701756,ORD-44196,P-EL-9002,Antwerp,New York/New Jersey,24,ocean,MV NIPPON PIONEER,9718636,in transit,2026-05-25T02:24Z,USNYC,MEDIUM,1.6,CR-HLCU,L-BEANR-USNYC,10722.0,49.9,4789.0,EXW,none,economy,2026-05-21T12:00Z,3.6,,2026-05-23T18:24Z
S-701757,ORD-44779,P-SW-3001,Hamburg,Durban,4,ocean,MV CALEDONIAN BREEZE,9936721,approaching Durban,2026-05-24T19:12Z,ZADUR,MEDIUM,1.5,CR-HMMU,L-DEHAM-ZADUR,6036.0,32.8,7074.0,DDP,none,standard,2026-05-24T12:00Z,0.3,,2026-05-22T02:12Z
S-701758,ORD-49237,P-PK-4501,Hamburg,Genoa,25,road,XPO LO-9767,N/A,Genoa approach,2026-05-23T07:12Z,ITGOA,MEDIUM,1.2,CR-XPOT,L-DEHAM-ITGOA,13547.0,53.7,13846.0,DDP,none,standard,2026-05-21T12:00Z,1.8,,2026-05-20T16:12Z
S-701759,ORD-46613,P-EL-9001,Genoa,Charleston,9,ocean,MV PACIFIC BREEZE,9947885,Charleston approach,2026-05-25T00:00Z,USCHS,LOW,0.7,CR-CMDU,L-ITGOA-USCHS,5098.0,11.1,956.0,FOB,none,premium,2026-05-23T12:00Z,1.5,,2026-05-24T21:00Z
S-701760,ORD-44730,P-MC-7100,Shanghai,New York/New Jersey,16,ocean,MV ARCTIC PIONEER,9723055,New York/New Jersey approach,2026-06-19T07:12Z,USNYC,MEDIUM,1.6,CR-YMLU,L-CNSHA-USNYC,11622.0,36.4,1855.0,EXW,8,standard,2026-06-17T12:00Z,1.8,,2026-06-18T19:12Z
S-701761,ORD-46598,P-MC-7102,Frankfurt am Main Airport,Shanghai,11,air,FD-CARGO-608,N/A,off Frankfurt am Main Airport,2026-05-23T21:36Z,CNSHA,MEDIUM,1.3,CR-FDXA,L-DEFRA-CNSHA,6887.0,41.8,845.0,DDU,none,economy,2026-05-23T12:00Z,0.4,,2026-05-21T13:36Z
S-701762,ORD-48802,P-PW-1802,Singapore,Felixstowe,18,ocean,MV ARCTIC GLORY,9690524,approaching Felixstowe,2026-05-27T16:48Z,GBFXT,MEDIUM,0.9,CR-COSU,L-SGSIN-GBFXT,7132.0,39.5,5045.0,DDP,none,economy,2026-05-27T12:00Z,0.2,,2026-05-27T14:48Z
S-701763,ORD-44640,P-EL-9102,Frankfurt am Main Airport,Shanghai,18,air,AF-CARGO-195,N/A,off Frankfurt am Main Airport,2026-05-18T12:00Z,CNSHA,MEDIUM,1.3,CR-AFKA,L-DEFRA-CNSHA,3709.0,2.6,1722.0,DDU,none,standard,2026-05-20T12:00Z,-2.0,,2026-05-17T11:00Z
S-701764,ORD-44713,P-MC-7100,Hong Kong,Rotterdam,4,ocean,MV TROPIC SPIRIT,9295916,in transit,2026-06-04T09:36Z,NLRTM,LOW,0.4,CR-MSCU,L-HKHKG-NLRTM,5507.0,26.6,42884.0,EXW,none,standard,2026-06-01T12:00Z,2.9,,2026-06-01T12:36Z
S-701765,ORD-49585,P-SW-3002,Nhava Sheva,Rotterdam,17,ocean,MV CALEDONIAN VICTORY,9485218,off Nhava Sheva,2026-06-07T12:00Z,NLRTM,LOW,0.4,CR-EGLV,L-INNSA-NLRTM,5548.0,18.4,2088.0,DAP,none,economy,2026-06-06T12:00Z,1.0,,2026-06-07T06:00Z
S-701766,ORD-48564,P-PW-1802,New York/New Jersey,London Heathrow Airport,5,air,EK-CARGO-148,N/A,London Heathrow Airport approach,2026-05-21T19:12Z,LHRGB,LOW,0.1,CR-EKCA,L-USNYC-LHRGB,16337.0,33.2,15657.0,CIF,9,standard,2026-05-22T12:00Z,-0.7,,2026-05-21T02:12Z
S-701767,ORD-49203,P-SW-3002,Shanghai,Düsseldorf Rail Terminal,2,rail,DB SCH-2323,N/A,Düsseldorf Rail Terminal approach,2026-05-24T02:24Z,DEDUS,LOW,0.2,CR-DBSC,L-CNSHA-DEDUS,5871.0,41.9,830.0,DDP,8,standard,2026-05-22T12:00Z,1.6,,2026-05-21T19:24Z
S-701768,ORD-45857,P-PW-1802,Rotterdam,New York/New Jersey,23,ocean,MV ARCTIC VICTORY,9480508,90 nm from New York/New Jersey,2026-05-21T19:12Z,USNYC,MEDIUM,1.6,CR-ZIMU,L-NLRTM-USNYC,13252.0,33.1,5015.0,CIF,none,standard,2026-05-22T12:00Z,-0.7,,2026-05-20T04:12Z
S-701769,ORD-45174,P-CH-2230,Rotterdam,Santos,25,ocean,MV CALEDONIAN GLORY,9885701,in transit,2026-06-10T09:36Z,BRSSZ,MEDIUM,1.7,CR-PILU,L-NLRTM-BRSSZ,4444.0,2.4,13.0,DAP,9,premium,2026-06-10T12:00Z,-0.1,,2026-06-09T14:36Z
S-701770,ORD-44618,P-PW-1802,Nhava Sheva,Rotterdam,5,ocean,MV TROPIC BREEZE,9212568,29 nm from Rotterdam,2026-05-24T00:00Z,NLRTM,LOW,0.4,CR-ONEY,L-INNSA-NLRTM,6588.0,29.7,1299.0,DDP,none,standard,2026-05-22T12:00Z,1.5,,2026-05-21T13:00Z
S-701771,ORD-44321,P-EL-9002,Hamburg,Santos,5,ocean,MV ASIAN VICTORY,9489962,113 nm from Santos,2026-06-15T09:36Z,BRSSZ,MEDIUM,1.7,CR-HMMU,L-DEHAM-BRSSZ,2648.0,17.7,7400.0,EXW,8,standard,2026-06-13T12:00Z,1.9,,2026-06-12T15:36Z
S-701772,ORD-46597,P-PW-1850,Tianjin,Hamburg,17,ocean,MV IBERIAN GUARDIAN,9956660,approaching Hamburg,2026-05-28T07:12Z,DEHAM,HIGH,3.2,CR-EGLV,L-CNTAO-DEHAM,3368.0,45.5,125.0,DDU,3,premium,2026-05-27T12:00Z,0.8,,2026-05-25T20:12Z
S-701773,ORD-45816,P-SW-3001,Ningbo,Rotterdam,32,ocean,MV CALEDONIAN SPIRIT,9888003,Rotterdam approach,2026-05-21T07:12Z,NLRTM,LOW,0.4,CR-MSCU,L-CNNGB-NLRTM,12941.0,4.7,1642.0,FOB,none,economy,2026-05-21T12:00Z,-0.2,vessel_change,2026-05-19T22:12Z
S-701774,ORD-49510,P-SW-3002,Shanghai,Los Angeles,16,ocean,MV NIPPON VICTORY,9970775,137 nm from Los Angeles,2026-05-25T02:24Z,USLAX,HIGH,2.6,CR-KNES,L-CNSHA-USLAX,1649.0,40.4,509.0,DDU,3,standard,2026-05-24T12:00Z,0.6,,2026-05-22T16:24Z
S-701775,ORD-48933,P-CH-2210,Shanghai,Düsseldorf Rail Terminal,18,rail,DB SCH-7516,N/A,Düsseldorf Rail Terminal approach,2026-06-06T00:00Z,DEDUS,LOW,0.2,CR-DBSC,L-CNSHA-DEDUS,22705.0,32.8,8552.0,DDP,none,premium,2026-06-05T12:00Z,0.5,,2026-06-03T14:00Z
S-701776,ORD-45433,P-MC-7200,Hong Kong,Oakland,4,ocean,MV BALTIC TRADER,9727669,approaching Oakland,2026-05-30T12:00Z,USOAK,MEDIUM,1.4,CR-YMLU,L-HKHKG-USOAK,25328.0,46.3,996.0,DAP,9,standard,2026-05-30T12:00Z,0.0,,2026-05-28T06:00Z
S-701777,ORD-48750,P-PW-1801,Jebel Ali (Dubai),Rotterdam,28,ocean,MV BALTIC GUARDIAN,9543731,171 nm from Rotterdam,2026-05-25T09:36Z,NLRTM,LOW,0.4,CR-HMMU,L-AEDXB-NLRTM,17245.0,49.7,4402.0,DDU,none,standard,2026-05-23T12:00Z,1.9,,2026-05-22T19:36Z
S-701778,ORD-48023,P-EL-9003,Shanghai,New York/New Jersey,29,ocean,MV ATLANTIC TRADER,9136227,New York/New Jersey approach,2026-06-14T04:48Z,USNYC,MEDIUM,1.6,CR-CMDU,L-CNSHA-USNYC,7341.0,1.1,139207.0,EXW,9,standard,2026-06-12T12:00Z,1.7,,2026-06-13T12:48Z
S-701779,ORD-44524,P-CH-2210,Tianjin,Hamburg,3,ocean,MV IBERIAN STAR,9136444,Hamburg approach,2026-05-25T04:48Z,DEHAM,HIGH,3.2,CR-MAEU,L-CNTAO-DEHAM,24756.0,33.2,1021.0,DDU,8,premium,2026-05-21T12:00Z,3.7,,2026-05-23T12:48Z
S-701780,ORD-48056,P-EL-9102,Hong Kong,Rotterdam,25,ocean,MV ATLANTIC SPIRIT,9896642,approaching Rotterdam,2026-06-09T09:36Z,NLRTM,LOW,0.4,CR-ZIMU,L-HKHKG-NLRTM,2365.0,15.8,168.0,CIF,none,premium,2026-06-08T12:00Z,0.9,,2026-06-08T00:36Z
S-701781,ORD-45965,P-SN-5001,Rotterdam,Santos,4,ocean,MV PACIFIC VICTORY,9139868,168 nm from Santos,2026-05-21T19:12Z,BRSSZ,MEDIUM,1.7,CR-CMDU,L-NLRTM-BRSSZ,15933.0,39.9,9662.0,CIF,none,standard,2026-05-21T12:00Z,0.3,,2026-05-19T02:12Z
S-701782,ORD-49811,P-MC-7101,Salalah,Rotterdam,36,ocean,MV NIPPON GUARDIAN,9702645,Rotterdam approach,2026-05-24T02:24Z,NLRTM,LOW,0.4,CR-ONEY,L-OMSLL-NLRTM,5286.0,52.7,1960.0,CIF,none,premium,2026-05-23T12:00Z,0.6,vessel_change,2026-05-22T22:24Z
S-701783,ORD-49671,P-SN-5001,Jebel Ali (Dubai),Rotterdam,35,ocean,MV ASIAN GLORY,9201664,Rotterdam approach,2026-05-21T04:48Z,NLRTM,LOW,0.4,CR-DSVS,L-AEDXB-NLRTM,12337.0,2.7,93.0,CIF,none,standard,2026-05-21T12:00Z,-0.3,port_congestion,2026-05-18T10:48Z
S-701784,ORD-48176,P-CH-2211,Shanghai,Rotterdam,8,ocean,MV TROPIC SPIRIT,9743078,Rotterdam approach,2026-05-27T02:24Z,NLRTM,LOW,0.4,CR-KNES,L-CNSHA-NLRTM,13468.0,9.5,6852.0,DAP,none,standard,2026-05-25T12:00Z,1.6,,2026-05-25T18:24Z
S-701785,ORD-47277,P-SN-5001,Hong Kong,Oakland,9,ocean,MV BALTIC EXPRESS,9461851,114 nm from Oakland,2026-05-22T04:48Z,USOAK,MEDIUM,1.4,CR-DSVS,L-HKHKG-USOAK,16674.0,8.5,4496.0,EXW,none,premium,2026-05-21T12:00Z,0.7,damage,2026-05-21T22:48Z
S-701786,ORD-44959,P-PW-1801,Tianjin,Łódź Rail Terminal,28,rail,DB SCH-1371,N/A,approaching Łódź Rail Terminal,2026-05-31T02:24Z,PLLDZ,LOW,0.2,CR-DBSC,L-CNTAO-PLLDZ,15243.0,59.7,83.0,DDP,3,standard,2026-05-30T12:00Z,0.6,,2026-05-29T05:24Z
S-701787,ORD-45011,P-EL-9001,Hamburg,Santos,34,ocean,MV ARCTIC GLORY,9127621,approaching Santos,2026-06-14T21:36Z,BRSSZ,MEDIUM,1.7,CR-DSVS,L-DEHAM-BRSSZ,19260.0,13.8,4445.0,CIF,9,premium,2026-06-13T12:00Z,1.4,,2026-06-13T10:36Z
S-701788,ORD-44047,P-SN-5001,Tianjin,Hamburg,33,ocean,MV PACIFIC PIONEER,9321556,off Tianjin,2026-06-24T04:48Z,DEHAM,HIGH,3.2,CR-COSU,L-CNTAO-DEHAM,3176.0,9.9,4390.0,CIF,none,economy,2026-06-23T12:00Z,0.7,,2026-06-22T12:48Z
S-701789,ORD-49560,P-MC-7200,Yantian,Hamburg,20,ocean,MV ARCTIC TRADER,9535101,in transit,2026-05-23T09:36Z,DEHAM,HIGH,3.2,CR-MAEU,L-CNYTN-DEHAM,23578.0,16.1,10944.0,DDP,none,economy,2026-05-22T12:00Z,0.9,vessel_change,2026-05-21T15:36Z
S-701790,ORD-48718,P-MC-7100,Hamburg,Santos,20,ocean,MV ASIAN BREEZE,9732067,off Hamburg,2026-05-22T14:24Z,BRSSZ,MEDIUM,1.7,CR-KNES,L-DEHAM-BRSSZ,17750.0,0.2,7160.0,DDP,8,premium,2026-05-22T12:00Z,0.1,damage,2026-05-20T18:24Z
S-701791,ORD-44480,P-MC-7100,Hong Kong,Oakland,13,ocean,MV NORDIC EXPRESS,9362965,approaching Oakland,2026-05-30T14:24Z,USOAK,MEDIUM,1.4,CR-HMMU,L-HKHKG-USOAK,22359.0,42.5,96797.0,EXW,none,premium,2026-05-29T12:00Z,1.1,,2026-05-28T15:24Z
S-701792,ORD-47529,P-EL-9102,Hong Kong,Frankfurt am Main Airport,21,air,LH-CARGO-896,N/A,Frankfurt am Main Airport approach,2026-05-22T12:00Z,DEFRA,LOW,0.1,CR-LHCA,L-HKHKG-DEFRA,19311.0,43.6,1218.0,EXW,3,standard,2026-05-24T12:00Z,-2.0,,2026-05-20T22:00Z
S-701793,ORD-44604,P-CH-2210,Mundra,Felixstowe,5,ocean,MV CALEDONIAN EXPRESS,9100227,off Mundra,2026-06-08T21:36Z,GBFXT,MEDIUM,0.9,CR-COSU,L-INMUN-GBFXT,13682.0,41.6,1875.0,DAP,9,premium,2026-06-07T12:00Z,1.4,,2026-06-07T15:36Z
S-701794,ORD-46470,P-EL-9102,Busan,Los Angeles,9,ocean,MV CALEDONIAN GUARDIAN,9653167,139 nm from Los Angeles,2026-06-12T14:24Z,USLAX,HIGH,2.6,CR-HMMU,L-KRPUS-USLAX,15856.0,26.8,1079.0,DDU,8,economy,2026-06-06T12:00Z,6.1,damage,2026-06-10T17:24Z
S-701795,ORD-46586,P-CH-2210,Valencia,Veracruz,6,ocean,MV ARCTIC EXPRESS,9803713,156 nm from Veracruz,2026-06-11T07:12Z,MXVER,MEDIUM,1.3,CR-DSVS,L-ESVLC-MXVER,21263.0,17.2,12844.0,DDU,none,premium,2026-06-09T12:00Z,1.8,,2026-06-11T00:12Z
S-701796,ORD-48987,P-SN-5001,Hamburg,Genoa,28,road,XPO LO-1178,N/A,Genoa approach,2026-05-26T16:48Z,ITGOA,MEDIUM,1.2,CR-XPOT,L-DEHAM-ITGOA,11742.0,25.8,183663.0,DAP,none,premium,2026-05-25T12:00Z,1.2,,2026-05-26T07:48Z
S-701797,ORD-49544,P-EL-9002,Singapore,Frankfurt am Main Airport,18,air,EK-CARGO-612,N/A,Frankfurt am Main Airport approach,2026-05-20T07:12Z,DEFRA,LOW,0.1,CR-EKCA,L-SGSIN-DEFRA,7087.0,33.8,12537.0,EXW,8,standard,2026-05-20T12:00Z,-0.2,,2026-05-18T21:12Z
S-701798,ORD-47426,P-EL-9101,Frankfurt am Main Airport,Shanghai,25,air,AF-CARGO-509,N/A,approaching Shanghai,2026-05-20T09:36Z,CNSHA,MEDIUM,1.3,CR-AFKA,L-DEFRA-CNSHA,25066.0,55.3,71179.0,CIF,none,premium,2026-05-21T12:00Z,-1.1,,2026-05-18T20:36Z
S-701799,ORD-46556,P-EL-9003,Hong Kong,Frankfurt am Main Airport,7,air,FD-CARGO-282,N/A,39 nm from Frankfurt am Main Airport,2026-05-23T07:12Z,DEFRA,LOW,0.1,CR-FDXA,L-HKHKG-DEFRA,13908.0,37.7,1353.0,DAP,none,standard,2026-05-22T12:00Z,0.8,,2026-05-20T20:12Z
S-701800,ORD-48320,P-PW-1802,Salalah,Rotterdam,22,ocean,MV ARCTIC SPIRIT,9638254,in transit,2026-05-26T09:36Z,NLRTM,LOW,0.4,CR-PILU,L-OMSLL-NLRTM,18155.0,38.1,78897.0,DDP,none,standard,2026-05-24T12:00Z,1.9,,2026-05-25T05:36Z
S-701801,ORD-48064,P-PW-1802,Valencia,Veracruz,1,ocean,MV ASIAN VICTORY,9612056,off Valencia,2026-05-30T07:12Z,MXVER,MEDIUM,1.3,CR-KNES,L-ESVLC-MXVER,21551.0,21.2,4329.0,DDP,3,economy,2026-05-29T12:00Z,0.8,,2026-05-27T23:12Z
S-701802,ORD-47072,P-SW-3002,Tianjin,Łódź Rail Terminal,17,rail,DB SCH-7532,N/A,52 nm from Łódź Rail Terminal,2026-05-31T04:48Z,PLLDZ,LOW,0.2,CR-DBSC,L-CNTAO-PLLDZ,14053.0,31.6,3322.0,FOB,none,premium,2026-05-30T12:00Z,0.7,,2026-05-30T10:48Z
S-701803,ORD-44836,P-MC-7102,Shanghai,Rotterdam,3,ocean,MV ATLANTIC VICTORY,9995847,7 nm from Rotterdam,2026-06-01T12:00Z,NLRTM,LOW,0.4,CR-HMMU,L-CNSHA-NLRTM,6311.0,43.9,6317.0,DDP,none,premium,2026-05-30T12:00Z,2.0,,2026-06-01T06:00Z
S-701804,ORD-46603,P-PK-4501,Tianjin,Łódź Rail Terminal,30,rail,DB SCH-1665,N/A,in transit,2026-05-22T02:24Z,PLLDZ,LOW,0.2,CR-DBSC,L-CNTAO-PLLDZ,7945.0,36.6,7156.0,DDU,9,standard,2026-05-21T12:00Z,0.6,,2026-05-21T04:24Z
S-701805,ORD-46641,P-PK-4501,Hamburg,Genoa,31,road,XPO LO-4735,N/A,in transit,2026-05-26T07:12Z,ITGOA,MEDIUM,1.2,CR-XPOT,L-DEHAM-ITGOA,5543.0,28.4,285.0,DDU,3,standard,2026-05-20T12:00Z,5.8,vessel_change,2026-05-24T12:12Z
S-701806,ORD-47844,P-PW-1802,Tianjin,Hamburg,14,ocean,MV CALEDONIAN CRYSTAL,9611998,in transit,2026-06-08T07:12Z,DEHAM,HIGH,3.2,CR-PILU,L-CNTAO-DEHAM,9296.0,6.5,1269.0,CIF,none,premium,2026-06-07T12:00Z,0.8,,2026-06-07T16:12Z
S-701807,ORD-44182,P-EL-9102,Busan,New York/New Jersey,35,ocean,MV ASIAN SPIRIT,9800874,New York/New Jersey approach,2026-06-17T21:36Z,USNYC,MEDIUM,1.6,CR-KNES,L-KRPUS-USNYC,16051.0,44.7,9172.0,FOB,none,standard,2026-06-17T12:00Z,0.4,,2026-06-14T23:36Z
S-701808,ORD-44499,P-MC-7102,Hamburg,Genoa,25,road,DACHSE-5601,N/A,approaching Genoa,2026-05-23T12:00Z,ITGOA,MEDIUM,1.2,CR-DACH,L-DEHAM-ITGOA,11372.0,17.6,16427.0,CIF,8,premium,2026-05-20T12:00Z,3.0,,2026-05-23T08:00Z
S-701809,ORD-47988,P-CH-2210,Hong Kong,Oakland,3,ocean,MV TROPIC VICTORY,9942883,113 nm from Oakland,2026-05-27T19:12Z,USOAK,MEDIUM,1.4,CR-HMMU,L-HKHKG-USOAK,21572.0,32.5,18708.0,EXW,none,standard,2026-05-26T12:00Z,1.3,,2026-05-27T09:12Z
S-701810,ORD-44001,P-MC-7100,Yantian,Hamburg,16,ocean,MV CALEDONIAN EXPRESS,9167437,in transit,2026-06-27T12:00Z,DEHAM,HIGH,3.2,CR-WHLU,L-CNYTN-DEHAM,13384.0,52.4,207.0,EXW,none,premium,2026-06-26T12:00Z,1.0,,2026-06-27T03:00Z
S-701811,ORD-49046,P-MC-7102,Ningbo,Rotterdam,12,ocean,MV ARCTIC CRYSTAL,9748858,approaching Rotterdam,2026-05-21T21:36Z,NLRTM,LOW,0.4,CR-KNES,L-CNNGB-NLRTM,19334.0,16.5,29112.0,EXW,3,standard,2026-05-22T12:00Z,-0.6,,2026-05-20T17:36Z
S-701812,ORD-46870,P-PW-1801,Hong Kong,Frankfurt am Main Airport,13,air,EK-CARGO-435,N/A,approaching Frankfurt am Main Airport,2026-05-21T16:48Z,DEFRA,LOW,0.1,CR-EKCA,L-HKHKG-DEFRA,1841.0,38.6,1916.0,CIF,9,standard,2026-05-20T12:00Z,1.2,,2026-05-19T07:48Z
S-701813,ORD-49519,P-PK-4501,Singapore,Rotterdam,22,ocean,MV IBERIAN GLORY,9800951,Rotterdam approach,2026-06-07T00:00Z,NLRTM,LOW,0.4,CR-MAEU,L-SGSIN-NLRTM,22620.0,52.6,342.0,DAP,none,standard,2026-06-06T12:00Z,0.5,customs_hold,2026-06-06T11:00Z
S-701814,ORD-48611,P-EL-9102,Hamburg,Santos,26,ocean,MV PACIFIC SPIRIT,9951479,in transit,2026-05-22T00:00Z,BRSSZ,MEDIUM,1.7,CR-MSCU,L-DEHAM-BRSSZ,23588.0,51.8,52364.0,DDP,none,economy,2026-05-22T12:00Z,-0.5,,2026-05-21T00:00Z
S-701815,ORD-47557,P-SW-3002,Rotterdam,New York/New Jersey,5,ocean,MV NORDIC GLORY,9235800,in transit,2026-05-27T12:00Z,USNYC,MEDIUM,1.6,CR-MAEU,L-NLRTM-USNYC,24043.0,48.1,1338.0,FOB,8,economy,2026-05-29T12:00Z,-2.0,,2026-05-26T21:00Z
S-701816,ORD-45889,P-EL-9101,Valencia,Veracruz,14,ocean,MV IBERIAN STAR,9706350,off Valencia,2026-06-02T21:36Z,MXVER,MEDIUM,1.3,CR-HLCU,L-ESVLC-MXVER,25395.0,58.3,2003.0,DDU,none,standard,2026-06-02T12:00Z,0.4,,2026-06-01T11:36Z
S-701817,ORD-46433,P-EL-9002,Ningbo,Rotterdam,16,ocean,MV NORDIC BREEZE,9638289,in transit,2026-05-28T07:12Z,NLRTM,LOW,0.4,CR-ONEY,L-CNNGB-NLRTM,16210.0,36.2,84.0,DDP,none,premium,2026-05-26T12:00Z,1.8,,2026-05-26T04:12Z
S-701818,ORD-44849,P-MC-7102,Qingdao,Le Havre,26,ocean,MV ARCTIC GUARDIAN,9451284,50 nm from Le Havre,2026-06-27T14:24Z,FRLEH,MEDIUM,1.0,CR-ZIMU,L-CNQIN-FRLEH,18808.0,3.2,4604.0,DDU,3,premium,2026-06-27T12:00Z,0.1,,2026-06-27T10:24Z
S-701819,ORD-48696,P-MC-7100,Tianjin,Hamburg,18,ocean,MV PACIFIC GLORY,9817414,approaching Hamburg,2026-05-22T21:36Z,DEHAM,HIGH,3.2,CR-YMLU,L-CNTAO-DEHAM,8671.0,55.4,489.0,EXW,9,standard,2026-05-23T12:00Z,-0.6,,2026-05-22T18:36Z
S-701820,ORD-48113,P-SW-3001,Hong Kong,Rotterdam,5,ocean,MV TROPIC CRYSTAL,9827842,Rotterdam approach,2026-06-02T12:00Z,NLRTM,LOW,0.4,CR-MAEU,L-HKHKG-NLRTM,8530.0,49.3,7767.0,EXW,none,standard,2026-06-03T12:00Z,-1.0,,2026-05-30T20:00Z
S-701821,ORD-47954,P-MC-7100,Antwerp,New York/New Jersey,22,ocean,MV NIPPON GLORY,9503564,68 nm from New York/New Jersey,2026-05-22T21:36Z,USNYC,MEDIUM,1.6,CR-MAEU,L-BEANR-USNYC,17077.0,29.0,3751.0,FOB,none,standard,2026-05-20T12:00Z,2.4,,2026-05-21T07:36Z
S-701822,ORD-47269,P-EL-9003,Chicago O'Hare Airport,Hong Kong,32,air,QT-CARGO-309,N/A,off Chicago O'Hare Airport,2026-05-29T19:12Z,HKHKG,LOW,0.8,CR-QTRA,L-USORD-HKHKG,21235.0,46.5,53486.0,DDP,none,standard,2026-05-21T12:00Z,8.3,port_congestion,2026-05-29T08:12Z
S-701823,ORD-45858,P-EL-9102,Los Angeles,Sydney Kingsford Smith Airport,28,air,LH-CARGO-439,N/A,approaching Sydney Kingsford Smith Airport,2026-05-24T04:48Z,AUSYD,LOW,0.1,CR-LHCA,L-USLAX-AUSYD,19888.0,5.3,1368.0,DDU,none,standard,2026-05-23T12:00Z,0.7,,2026-05-22T03:48Z
S-701824,ORD-45483,P-PW-1801,Singapore,Rotterdam,22,ocean,MV PACIFIC PIONEER,9359835,46 nm from Rotterdam,2026-05-25T04:48Z,NLRTM,LOW,0.4,CR-MAEU,L-SGSIN-NLRTM,6624.0,1.3,4823.0,DDU,none,premium,2026-05-23T12:00Z,1.7,,2026-05-24T18:48Z
S-701825,ORD-45624,P-EL-9101,Los Angeles,Sydney Kingsford Smith Airport,35,air,EK-CARGO-190,N/A,off Los Angeles,2026-05-21T12:00Z,AUSYD,LOW,0.1,CR-EKCA,L-USLAX-AUSYD,10988.0,23.1,98.0,CIF,none,standard,2026-05-20T12:00Z,1.0,,2026-05-20T13:00Z
S-701826,ORD-45330,P-MC-7100,Hong Kong,Oakland,10,ocean,MV ASIAN VICTORY,9333525,in transit,2026-06-12T14:24Z,USOAK,MEDIUM,1.4,CR-YMLU,L-HKHKG-USOAK,9808.0,18.8,124.0,DDP,none,premium,2026-06-09T12:00Z,3.1,,2026-06-11T23:24Z
S-701827,ORD-45060,P-MC-7102,Shanghai,New York/New Jersey,34,ocean,MV ASIAN BREEZE,9882573,off Shanghai,2026-05-28T00:00Z,USNYC,MEDIUM,1.6,CR-CMDU,L-CNSHA-USNYC,14263.0,36.9,7682.0,CIF,none,standard,2026-05-28T12:00Z,-0.5,port_congestion,2026-05-27T13:00Z
S-701828,ORD-46112,P-MC-7102,Yantian,Hamburg,26,ocean,MV CALEDONIAN CRYSTAL,9503011,in transit,2026-06-12T21:36Z,DEHAM,HIGH,3.2,CR-CMDU,L-CNYTN-DEHAM,21452.0,25.7,1650.0,CIF,none,premium,2026-06-11T12:00Z,1.4,vessel_change,2026-06-12T19:36Z
S-701829,ORD-48664,P-SN-5001,Genoa,Charleston,16,ocean,MV CALEDONIAN VICTORY,9519269,off Genoa,2026-06-02T09:36Z,USCHS,LOW,0.7,CR-COSU,L-ITGOA-USCHS,20943.0,22.7,505.0,DDP,none,economy,2026-06-03T12:00Z,-1.1,damage,2026-06-01T20:36Z
S-701830,ORD-45866,P-EL-9003,Shanghai,Hamburg,5,ocean,MV IBERIAN CRYSTAL,9199809,off Shanghai,2026-05-29T02:24Z,DEHAM,HIGH,3.2,CR-MSCU,L-CNSHA-DEHAM,17824.0,28.9,462.0,DAP,none,premium,2026-05-27T12:00Z,1.6,vessel_change,2026-05-27T12:24Z
S-701831,ORD-44680,P-EL-9001,Yokohama,Los Angeles,33,ocean,MV PACIFIC VICTORY,9400374,85 nm from Los Angeles,2026-05-24T12:00Z,USLAX,HIGH,2.6,CR-CMDU,L-JPYOK-USLAX,2441.0,36.3,348.0,EXW,none,economy,2026-05-26T12:00Z,-2.0,damage,2026-05-24T01:00Z
S-701832,ORD-46854,P-PK-4501,Nhava Sheva,Rotterdam,15,ocean,MV ARCTIC TRADER,9633965,Rotterdam approach,2026-06-04T09:36Z,NLRTM,LOW,0.4,CR-KNES,L-INNSA-NLRTM,14817.0,2.4,106355.0,DDU,none,premium,2026-06-03T12:00Z,0.9,vessel_change,2026-06-02T20:36Z
S-701833,ORD-45359,P-EL-9101,Hamburg,Genoa,34,road,DACHSE-1380,N/A,approaching Genoa,2026-05-29T07:12Z,ITGOA,MEDIUM,1.2,CR-DACH,L-DEHAM-ITGOA,8728.0,50.7,312.0,FOB,none,premium,2026-05-25T12:00Z,3.8,,2026-05-29T02:12Z
S-701834,ORD-46857,P-PK-4500,Tianjin,Hamburg,14,ocean,MV NIPPON STAR,9809549,140 nm from Hamburg,2026-05-30T04:48Z,DEHAM,HIGH,3.2,CR-MAEU,L-CNTAO-DEHAM,17783.0,48.1,2028.0,CIF,none,standard,2026-05-29T12:00Z,0.7,,2026-05-27T15:48Z
S-701835,ORD-47363,P-PW-1801,Shanghai,Los Angeles,17,ocean,MV ASIAN EXPRESS,9388752,off Shanghai,2026-06-07T12:00Z,USLAX,HIGH,2.6,CR-HLCU,L-CNSHA-USLAX,2533.0,49.2,733.0,DAP,none,standard,2026-06-05T12:00Z,2.0,,2026-06-05T06:00Z
S-701836,ORD-47113,P-MC-7102,Rotterdam,Santos,18,ocean,MV TROPIC PIONEER,9618700,in transit,2026-06-03T14:24Z,BRSSZ,MEDIUM,1.7,CR-EGLV,L-NLRTM-BRSSZ,11561.0,38.5,1021.0,DAP,none,economy,2026-06-01T12:00Z,2.1,,2026-06-03T06:24Z
S-701837,ORD-45776,P-EL-9003,Hong Kong,Oakland,13,ocean,MV PACIFIC GLORY,9567234,in transit,2026-06-05T12:00Z,USOAK,MEDIUM,1.4,CR-HMMU,L-HKHKG-USOAK,18612.0,52.9,128407.0,DDU,8,premium,2026-06-05T12:00Z,0.0,,2026-06-02T22:00Z
S-701838,ORD-44819,P-SW-3002,Yantian,Hamburg,3,ocean,MV NORDIC BREEZE,9901630,Hamburg approach,2026-06-25T14:24Z,DEHAM,HIGH,3.2,CR-EGLV,L-CNYTN-DEHAM,14983.0,35.4,3951.0,CIF,none,standard,2026-06-26T12:00Z,-0.9,,2026-06-25T11:24Z
S-701839,ORD-46924,P-EL-9001,Rotterdam,Santos,4,ocean,MV ATLANTIC TRADER,9358167,approaching Santos,2026-05-29T12:00Z,BRSSZ,MEDIUM,1.7,CR-MAEU,L-NLRTM-BRSSZ,22302.0,17.0,33329.0,CIF,none,premium,2026-05-29T12:00Z,-0.0,,2026-05-28T21:00Z
S-701840,ORD-47751,P-MC-7102,Hamburg,Durban,23,ocean,MV CALEDONIAN TRADER,9244054,off Hamburg,2026-05-27T02:24Z,ZADUR,MEDIUM,1.5,CR-MSCU,L-DEHAM-ZADUR,16802.0,58.0,1278.0,DDU,none,economy,2026-05-28T12:00Z,-1.4,,2026-05-24T22:24Z
S-701841,ORD-48060,P-MC-7200,Chicago O'Hare Airport,Hong Kong,24,air,EK-CARGO-380,N/A,171 nm from Hong Kong,2026-05-25T00:00Z,HKHKG,LOW,0.8,CR-EKCA,L-USORD-HKHKG,24046.0,44.5,6140.0,EXW,none,standard,2026-05-23T12:00Z,1.5,,2026-05-23T20:00Z
S-701842,ORD-46849,P-PW-1802,Mundra,Felixstowe,16,ocean,MV BALTIC BREEZE,9429310,52 nm from Felixstowe,2026-06-01T00:00Z,GBFXT,MEDIUM,0.9,CR-MAEU,L-INMUN-GBFXT,14881.0,24.4,17284.0,EXW,none,economy,2026-05-30T12:00Z,1.5,,2026-05-29T01:00Z
S-701843,ORD-48188,P-PK-4500,Tokyo,Vancouver,5,ocean,MV NIPPON TRADER,9790082,off Tokyo,2026-05-30T00:00Z,CASOG,LOW,0.6,CR-HLCU,L-JPTYO-CASOG,8879.0,30.0,8687.0,DDP,3,premium,2026-05-25T12:00Z,4.5,customs_hold,2026-05-28T23:00Z
S-701844,ORD-46204,P-CH-2211,Yokohama,Los Angeles,3,ocean,MV ASIAN SPIRIT,9589426,22 nm from Los Angeles,2026-06-01T00:00Z,USLAX,HIGH,2.6,CR-ONEY,L-JPYOK-USLAX,5170.0,14.9,2590.0,CIF,3,economy,2026-05-27T12:00Z,4.5,damage,2026-05-31T10:00Z
S-701845,ORD-48921,P-EL-9102,Yantian,Los Angeles,17,ocean,MV BALTIC EXPRESS,9536079,off Yantian,2026-05-20T19:12Z,USLAX,HIGH,2.6,CR-WHLU,L-CNYTN-USLAX,4236.0,15.8,2251.0,DDP,none,premium,2026-05-20T12:00Z,0.3,,2026-05-18T14:12Z
S-701846,ORD-48684,P-MC-7200,Hamburg,Genoa,8,road,DACHSE-1073,N/A,74 nm from Genoa,2026-05-22T14:24Z,ITGOA,MEDIUM,1.2,CR-DACH,L-DEHAM-ITGOA,4534.0,7.4,866.0,FOB,none,economy,2026-05-21T12:00Z,1.1,damage,2026-05-21T01:24Z
S-701847,ORD-47310,P-SN-5001,Singapore,Rotterdam,30,ocean,MV TROPIC BREEZE,9736732,in transit,2026-06-06T12:00Z,NLRTM,LOW,0.4,CR-HMMU,L-SGSIN-NLRTM,553.0,22.5,4300.0,DDP,none,standard,2026-06-06T12:00Z,0.0,,2026-06-05T15:00Z
S-701848,ORD-49141,P-PW-1802,Hamburg,Durban,29,ocean,MV TROPIC GUARDIAN,9282640,Durban approach,2026-05-23T04:48Z,ZADUR,MEDIUM,1.5,CR-ZIMU,L-DEHAM-ZADUR,16088.0,38.1,1309.0,DAP,none,premium,2026-05-23T12:00Z,-0.3,,2026-05-23T03:48Z
S-701849,ORD-45942,P-PW-1802,Mundra,Felixstowe,12,ocean,MV IBERIAN BREEZE,9295988,approaching Felixstowe,2026-05-23T16:48Z,GBFXT,MEDIUM,0.9,CR-HMMU,L-INMUN-GBFXT,22130.0,18.2,20316.0,EXW,none,standard,2026-05-22T12:00Z,1.2,,2026-05-21T01:48Z
S-701850,ORD-48770,P-PW-1801,Yantian,Frankfurt am Main Airport,5,air,LH-CARGO-764,N/A,off Yantian,2026-05-23T04:48Z,DEFRA,LOW,0.1,CR-LHCA,L-CNYTN-DEFRA,10187.0,28.4,15086.0,FOB,none,premium,2026-05-23T12:00Z,-0.3,,2026-05-22T13:48Z
S-701851,ORD-44386,P-SW-3001,Yantian,Los Angeles,1,ocean,MV PACIFIC VICTORY,9816197,approaching Los Angeles,2026-06-10T14:24Z,USLAX,HIGH,2.6,CR-HLCU,L-CNYTN-USLAX,24406.0,44.6,493.0,FOB,none,premium,2026-06-08T12:00Z,2.1,,2026-06-10T07:24Z
S-701852,ORD-48555,P-MC-7102,Hamburg,Genoa,9,road,DACHSE-6918,N/A,off Hamburg,2026-05-24T14:24Z,ITGOA,MEDIUM,1.2,CR-DACH,L-DEHAM-ITGOA,22328.0,13.2,398.0,DDP,none,standard,2026-05-21T12:00Z,3.1,,2026-05-22T13:24Z
S-701853,ORD-48942,P-EL-9102,Yantian,Los Angeles,23,ocean,MV ATLANTIC EXPRESS,9436868,off Yantian,2026-06-06T09:36Z,USLAX,HIGH,2.6,CR-ONEY,L-CNYTN-USLAX,11817.0,37.7,409.0,DAP,9,premium,2026-06-04T12:00Z,1.9,damage,2026-06-05T14:36Z
S-701854,ORD-48425,P-SW-3001,Nhava Sheva,Rotterdam,1,ocean,MV IBERIAN BREEZE,9689469,off Nhava Sheva,2026-06-16T00:00Z,NLRTM,LOW,0.4,CR-COSU,L-INNSA-NLRTM,14777.0,23.3,116.0,EXW,9,standard,2026-06-13T12:00Z,2.5,,2026-06-13T21:00Z
S-701855,ORD-48843,P-CH-2211,Qingdao,Le Havre,27,ocean,MV ASIAN BREEZE,9328956,approaching Le Havre,2026-06-27T04:48Z,FRLEH,MEDIUM,1.0,CR-DSVS,L-CNQIN-FRLEH,8965.0,38.7,537.0,DAP,none,standard,2026-06-25T12:00Z,1.7,port_congestion,2026-06-24T08:48Z
S-701856,ORD-49505,P-PW-1802,Salalah,Rotterdam,15,ocean,MV ASIAN TRADER,9107624,off Salalah,2026-05-26T09:36Z,NLRTM,LOW,0.4,CR-CMDU,L-OMSLL-NLRTM,1354.0,11.0,583.0,CIF,3,standard,2026-05-25T12:00Z,0.9,,2026-05-24T14:36Z
S-701857,ORD-49015,P-MC-7101,Singapore,Rotterdam,20,ocean,MV PACIFIC EXPRESS,9810723,approaching Rotterdam,2026-06-19T00:00Z,NLRTM,LOW,0.4,CR-CMDU,L-SGSIN-NLRTM,11085.0,15.7,2277.0,CIF,3,premium,2026-06-19T12:00Z,-0.5,,2026-06-18T07:00Z
S-701858,ORD-44671,P-SW-3002,New York/New Jersey,London Heathrow Airport,20,air,QT-CARGO-509,N/A,approaching London Heathrow Airport,2026-05-23T04:48Z,LHRGB,LOW,0.1,CR-QTRA,L-USNYC-LHRGB,2833.0,45.6,7641.0,DAP,none,standard,2026-05-21T12:00Z,1.7,,2026-05-21T21:48Z
S-701859,ORD-46079,P-MC-7102,Shanghai,Los Angeles,35,ocean,MV ARCTIC CRYSTAL,9383801,159 nm from Los Angeles,2026-05-31T09:36Z,USLAX,HIGH,2.6,CR-PILU,L-CNSHA-USLAX,22791.0,53.5,2352.0,DDU,none,standard,2026-05-30T12:00Z,0.9,,2026-05-29T20:36Z
S-701860,ORD-47577,P-MC-7101,Shanghai,Hamburg,4,ocean,MV BALTIC VICTORY,9450580,off Shanghai,2026-05-30T00:00Z,DEHAM,HIGH,3.2,CR-PILU,L-CNSHA-DEHAM,2949.0,17.0,1423.0,FOB,none,standard,2026-05-26T12:00Z,3.5,,2026-05-28T20:00Z
S-701861,ORD-46913,P-EL-9002,Los Angeles,Sydney Kingsford Smith Airport,6,air,EK-CARGO-789,N/A,approaching Sydney Kingsford Smith Airport,2026-05-22T09:36Z,AUSYD,LOW,0.1,CR-EKCA,L-USLAX-AUSYD,19822.0,12.5,148.0,EXW,none,premium,2026-05-21T12:00Z,0.9,,2026-05-21T00:36Z
S-701862,ORD-49888,P-SW-3001,Shanghai,Hamburg,22,ocean,MV IBERIAN PIONEER,9728068,in transit,2026-06-15T09:36Z,DEHAM,HIGH,3.2,CR-CMDU,L-CNSHA-DEHAM,11476.0,37.1,343.0,DDP,none,standard,2026-06-15T12:00Z,-0.1,,2026-06-14T04:36Z
S-701863,ORD-44635,P-CH-2210,Hong Kong,Frankfurt am Main Airport,34,air,LH-CARGO-653,N/A,approaching Frankfurt am Main Airport,2026-05-23T21:36Z,DEFRA,LOW,0.1,CR-LHCA,L-HKHKG-DEFRA,1141.0,54.4,1494.0,DDP,none,standard,2026-05-22T12:00Z,1.4,,2026-05-23T02:36Z
S-701864,ORD-48080,P-EL-9001,Yantian,Frankfurt am Main Airport,16,air,EK-CARGO-171,N/A,Frankfurt am Main Airport approach,2026-05-28T04:48Z,DEFRA,LOW,0.1,CR-EKCA,L-CNYTN-DEFRA,2167.0,34.6,824.0,CIF,none,premium,2026-05-24T12:00Z,3.7,,2026-05-25T20:48Z
S-701865,ORD-46188,P-MC-7101,Hong Kong,Oakland,21,ocean,MV CALEDONIAN BREEZE,9550814,in transit,2026-06-09T02:24Z,USOAK,MEDIUM,1.4,CR-HLCU,L-HKHKG-USOAK,6600.0,10.0,162589.0,FOB,none,economy,2026-06-08T12:00Z,0.6,,2026-06-08T18:24Z
S-701866,ORD-49008,P-PW-1801,Yantian,Callao (Lima),27,ocean,MV PACIFIC GUARDIAN,9674928,off Yantian,2026-05-27T16:48Z,PEMRI,LOW,0.9,CR-ZIMU,L-CNYTN-PEMRI,24804.0,28.6,32162.0,FOB,none,economy,2026-05-26T12:00Z,1.2,,2026-05-25T04:48Z
S-701867,ORD-44401,P-EL-9102,Salalah,Rotterdam,12,ocean,MV PACIFIC PIONEER,9247809,approaching Rotterdam,2026-05-27T16:48Z,NLRTM,LOW,0.4,CR-KNES,L-OMSLL-NLRTM,24560.0,50.3,986.0,CIF,9,standard,2026-05-28T12:00Z,-0.8,,2026-05-27T04:48Z
S-701868,ORD-48965,P-EL-9102,Rotterdam,New York/New Jersey,9,ocean,MV TROPIC GUARDIAN,9491365,69 nm from New York/New Jersey,2026-06-05T00:00Z,USNYC,MEDIUM,1.6,CR-COSU,L-NLRTM-USNYC,24096.0,24.2,156.0,DDP,9,economy,2026-06-02T12:00Z,2.5,,2026-06-03T12:00Z
S-701869,ORD-45267,P-MC-7101,Busan,Los Angeles,23,ocean,MV PACIFIC GLORY,9823849,in transit,2026-06-02T04:48Z,USLAX,HIGH,2.6,CR-ONEY,L-KRPUS-USLAX,16563.0,2.6,977.0,DDP,3,economy,2026-05-29T12:00Z,3.7,,2026-05-30T18:48Z
S-701870,ORD-49494,P-PW-1802,Tianjin,Łódź Rail Terminal,9,rail,DB SCH-8367,N/A,approaching Łódź Rail Terminal,2026-05-29T14:24Z,PLLDZ,LOW,0.2,CR-DBSC,L-CNTAO-PLLDZ,24310.0,8.0,4491.0,CIF,3,premium,2026-05-28T12:00Z,1.1,,2026-05-28T20:24Z
S-701871,ORD-47153,P-PK-4500,Los Angeles,Sydney Kingsford Smith Airport,15,air,EK-CARGO-874,N/A,in transit,2026-05-22T12:00Z,AUSYD,LOW,0.1,CR-EKCA,L-USLAX-AUSYD,21368.0,16.2,453.0,FOB,none,standard,2026-05-21T12:00Z,1.0,,2026-05-22T00:00Z
S-701872,ORD-46827,P-EL-9101,Shanghai,Hamburg,34,ocean,MV ARCTIC EXPRESS,9920852,Hamburg approach,2026-05-21T04:48Z,DEHAM,HIGH,3.2,CR-COSU,L-CNSHA-DEHAM,17394.0,40.5,88012.0,CIF,9,standard,2026-05-20T12:00Z,0.7,,2026-05-20T16:48Z
S-701873,ORD-45127,P-MC-7101,Los Angeles,Sydney Kingsford Smith Airport,6,air,CX-CARGO-578,N/A,Sydney Kingsford Smith Airport approach,2026-05-23T04:48Z,AUSYD,LOW,0.1,CR-CXCA,L-USLAX-AUSYD,1189.0,14.7,1081.0,DAP,none,standard,2026-05-23T12:00Z,-0.3,,2026-05-23T03:48Z
S-701874,ORD-49674,P-PK-4501,Shanghai,Rotterdam,29,ocean,MV NIPPON PIONEER,9616256,in transit,2026-05-29T16:48Z,NLRTM,LOW,0.4,CR-HMMU,L-CNSHA-NLRTM,21494.0,0.3,5264.0,DDU,9,economy,2026-05-29T12:00Z,0.2,,2026-05-27T23:48Z
S-701875,ORD-49116,P-SW-3002,Nhava Sheva,Rotterdam,20,ocean,MV IBERIAN GLORY,9641439,20 nm from Rotterdam,2026-05-31T02:24Z,NLRTM,LOW,0.4,CR-MSCU,L-INNSA-NLRTM,9135.0,42.0,2541.0,DDP,none,premium,2026-05-26T12:00Z,4.6,vessel_change,2026-05-30T03:24Z
S-701876,ORD-46774,P-MC-7101,Tokyo,Vancouver,28,ocean,MV NIPPON GLORY,9303741,approaching Vancouver,2026-06-09T14:24Z,CASOG,LOW,0.6,CR-ZIMU,L-JPTYO-CASOG,13704.0,51.9,1055.0,EXW,3,premium,2026-06-01T12:00Z,8.1,port_congestion,2026-06-09T08:24Z
S-701877,ORD-46761,P-PW-1802,Busan,New York/New Jersey,23,ocean,MV CALEDONIAN CRYSTAL,9193311,in transit,2026-06-01T09:36Z,USNYC,MEDIUM,1.6,CR-KNES,L-KRPUS-USNYC,25802.0,31.2,2300.0,EXW,none,standard,2026-06-02T12:00Z,-1.1,,2026-05-31T22:36Z
S-701878,ORD-44451,P-PW-1850,Hamburg,Santos,25,ocean,MV NIPPON GUARDIAN,9594136,87 nm from Santos,2026-05-28T07:12Z,BRSSZ,MEDIUM,1.7,CR-MAEU,L-DEHAM-BRSSZ,126.0,49.1,2132.0,EXW,none,standard,2026-05-29T12:00Z,-1.2,,2026-05-27T01:12Z
S-701879,ORD-44379,P-EL-9001,Shanghai,Rotterdam,23,ocean,MV ASIAN VICTORY,9387470,in transit,2026-06-08T14:24Z,NLRTM,LOW,0.4,CR-WHLU,L-CNSHA-NLRTM,1021.0,4.7,8463.0,FOB,none,standard,2026-06-08T12:00Z,0.1,,2026-06-06T10:24Z
S-701880,ORD-48433,P-CH-2210,Shanghai,Los Angeles,30,ocean,MV ASIAN STAR,9625774,in transit,2026-05-30T00:00Z,USLAX,HIGH,2.6,CR-EGLV,L-CNSHA-USLAX,22122.0,7.5,456.0,DDU,none,premium,2026-05-31T12:00Z,-1.5,,2026-05-29T15:00Z
S-701881,ORD-48901,P-EL-9002,Genoa,Charleston,2,ocean,MV NORDIC BREEZE,9429183,62 nm from Charleston,2026-06-02T16:48Z,USCHS,LOW,0.7,CR-WHLU,L-ITGOA-USCHS,9004.0,37.1,1364.0,CIF,none,premium,2026-05-31T12:00Z,2.2,,2026-05-30T20:48Z
S-701882,ORD-47314,P-SW-3001,Jebel Ali (Dubai),Rotterdam,28,ocean,MV IBERIAN STAR,9252157,in transit,2026-05-27T21:36Z,NLRTM,LOW,0.4,CR-PILU,L-AEDXB-NLRTM,1683.0,8.4,1215.0,DAP,3,premium,2026-05-26T12:00Z,1.4,vessel_change,2026-05-25T06:36Z
S-701883,ORD-45837,P-MC-7100,Frankfurt am Main Airport,Shanghai,28,air,UP-CARGO-216,N/A,Shanghai approach,2026-05-23T16:48Z,CNSHA,MEDIUM,1.3,CR-UPSA,L-DEFRA-CNSHA,16282.0,40.8,173.0,EXW,9,standard,2026-05-23T12:00Z,0.2,,2026-05-20T19:48Z
S-701884,ORD-49744,P-EL-9102,Hong Kong,Frankfurt am Main Airport,24,air,EK-CARGO-203,N/A,in transit,2026-05-25T21:36Z,DEFRA,LOW,0.1,CR-EKCA,L-HKHKG-DEFRA,22365.0,27.3,10395.0,DDP,8,premium,2026-05-24T12:00Z,1.4,,2026-05-24T17:36Z
S-701885,ORD-46338,P-EL-9102,Singapore,Frankfurt am Main Airport,15,air,UP-CARGO-281,N/A,approaching Frankfurt am Main Airport,2026-05-24T00:00Z,DEFRA,LOW,0.1,CR-UPSA,L-SGSIN-DEFRA,6650.0,9.2,23516.0,CIF,none,economy,2026-05-21T12:00Z,2.5,customs_hold,2026-05-22T16:00Z
S-701886,ORD-48662,P-SN-5001,Singapore,Frankfurt am Main Airport,29,air,CX-CARGO-726,N/A,142 nm from Frankfurt am Main Airport,2026-05-25T09:36Z,DEFRA,LOW,0.1,CR-CXCA,L-SGSIN-DEFRA,6921.0,9.5,2171.0,EXW,none,standard,2026-05-24T12:00Z,0.9,,2026-05-22T17:36Z
S-701887,ORD-48427,P-EL-9003,Shanghai,New York/New Jersey,17,ocean,MV PACIFIC BREEZE,9969219,off Shanghai,2026-05-28T02:24Z,USNYC,MEDIUM,1.6,CR-COSU,L-CNSHA-USNYC,5080.0,37.9,3546.0,DDP,none,economy,2026-05-27T12:00Z,0.6,,2026-05-27T15:24Z
S-701888,ORD-46317,P-CH-2230,Hamburg,Genoa,28,road,XPO LO-8211,N/A,in transit,2026-05-27T02:24Z,ITGOA,MEDIUM,1.2,CR-XPOT,L-DEHAM-ITGOA,7392.0,35.0,47285.0,DAP,8,economy,2026-05-21T12:00Z,5.6,damage,2026-05-25T12:24Z
S-701889,ORD-45458,P-PW-1850,Yokohama,Los Angeles,13,ocean,MV PACIFIC VICTORY,9558634,off Yokohama,2026-06-01T12:00Z,USLAX,HIGH,2.6,CR-WHLU,L-JPYOK-USLAX,6342.0,47.2,82.0,DDU,none,standard,2026-06-03T12:00Z,-2.0,,2026-05-30T15:00Z
S-701890,ORD-47109,P-MC-7102,Hamburg,Santos,18,ocean,MV ARCTIC CRYSTAL,9519110,off Hamburg,2026-05-31T04:48Z,BRSSZ,MEDIUM,1.7,CR-KNES,L-DEHAM-BRSSZ,14522.0,46.6,1526.0,EXW,3,standard,2026-05-31T12:00Z,-0.3,,2026-05-30T00:48Z
S-701891,ORD-45263,P-EL-9001,Singapore,Frankfurt am Main Airport,22,air,EK-CARGO-641,N/A,in transit,2026-05-21T04:48Z,DEFRA,LOW,0.1,CR-EKCA,L-SGSIN-DEFRA,9075.0,34.5,2729.0,DDP,none,premium,2026-05-21T12:00Z,-0.3,,2026-05-20T09:48Z
S-701892,ORD-49828,P-PW-1801,Yokohama,Los Angeles,11,ocean,MV ASIAN VICTORY,9402543,57 nm from Los Angeles,2026-06-03T19:12Z,USLAX,HIGH,2.6,CR-COSU,L-JPYOK-USLAX,7270.0,52.0,1091.0,CIF,none,standard,2026-06-05T12:00Z,-1.7,,2026-06-02T00:12Z
S-701893,ORD-45954,P-CH-2210,Yantian,Los Angeles,15,ocean,MV BALTIC EXPRESS,9469707,Los Angeles approach,2026-06-09T19:12Z,USLAX,HIGH,2.6,CR-DSVS,L-CNYTN-USLAX,16616.0,24.8,538.0,EXW,none,premium,2026-06-08T12:00Z,1.3,,2026-06-07T21:12Z
S-701894,ORD-44606,P-CH-2211,Singapore,Frankfurt am Main Airport,25,air,LH-CARGO-363,N/A,152 nm from Frankfurt am Main Airport,2026-05-23T16:48Z,DEFRA,LOW,0.1,CR-LHCA,L-SGSIN-DEFRA,18399.0,32.4,13234.0,DDP,9,standard,2026-05-23T12:00Z,0.2,,2026-05-20T22:48Z
S-701895,ORD-45039,P-PK-4501,Shanghai,Hamburg,2,ocean,MV BALTIC BREEZE,9804426,approaching Hamburg,2026-06-13T07:12Z,DEHAM,HIGH,3.2,CR-MSCU,L-CNSHA-DEHAM,18308.0,3.1,1171.0,FOB,8,economy,2026-06-12T12:00Z,0.8,,2026-06-12T07:12Z
S-701896,ORD-49160,P-PW-1850,Tianjin,Hamburg,35,ocean,MV NIPPON VICTORY,9965637,off Tianjin,2026-06-09T09:36Z,DEHAM,HIGH,3.2,CR-MAEU,L-CNTAO-DEHAM,1677.0,13.0,83429.0,DDU,3,premium,2026-06-07T12:00Z,1.9,,2026-06-07T16:36Z
S-701897,ORD-48190,P-PW-1850,Tianjin,Łódź Rail Terminal,34,rail,DB SCH-5698,N/A,Łódź Rail Terminal approach,2026-05-21T16:48Z,PLLDZ,LOW,0.2,CR-DBSC,L-CNTAO-PLLDZ,8385.0,33.9,1222.0,EXW,none,standard,2026-05-20T12:00Z,1.2,,2026-05-19T00:48Z
S-701898,ORD-47950,P-CH-2230,Busan,Los Angeles,8,ocean,MV IBERIAN GUARDIAN,9249186,Los Angeles approach,2026-06-06T16:48Z,USLAX,HIGH,2.6,CR-YMLU,L-KRPUS-USLAX,24958.0,17.5,3796.0,EXW,none,standard,2026-05-31T12:00Z,6.2,vessel_change,2026-06-04T17:48Z
S-701899,ORD-49340,P-SW-3001,Ningbo,Rotterdam,10,ocean,MV BALTIC SPIRIT,9716930,in transit,2026-06-15T02:24Z,NLRTM,LOW,0.4,CR-MSCU,L-CNNGB-NLRTM,18635.0,40.0,5102.0,CIF,none,premium,2026-06-16T12:00Z,-1.4,,2026-06-13T05:24Z
S-701900,ORD-45200,P-SW-3001,Singapore,Felixstowe,24,ocean,MV NIPPON STAR,9388175,off Singapore,2026-06-09T09:36Z,GBFXT,MEDIUM,0.9,CR-HMMU,L-SGSIN-GBFXT,8244.0,1.1,504.0,EXW,3,standard,2026-06-09T12:00Z,-0.1,delayed,2026-06-08T20:36Z
S-701901,ORD-45731,P-PW-1801,Yantian,Los Angeles,23,ocean,MV ARCTIC CRYSTAL,9511471,in transit,2026-05-25T14:24Z,USLAX,HIGH,2.6,CR-MAEU,L-CNYTN-USLAX,11384.0,20.2,1091.0,FOB,none,standard,2026-05-25T12:00Z,0.1,,2026-05-24T19:24Z
S-701902,ORD-44156,P-SW-3001,Hong Kong,Rotterdam,35,ocean,MV NIPPON BREEZE,9997897,in transit,2026-06-10T00:00Z,NLRTM,LOW,0.4,CR-PILU,L-HKHKG-NLRTM,18942.0,34.1,35705.0,DDU,none,standard,2026-06-08T12:00Z,1.5,,2026-06-07T16:00Z
S-701903,ORD-49032,P-MC-7101,Shanghai,Rotterdam,8,ocean,MV BALTIC EXPRESS,9572385,181 nm from Rotterdam,2026-06-05T19:12Z,NLRTM,LOW,0.4,CR-DSVS,L-CNSHA-NLRTM,23338.0,27.0,69.0,CIF,none,standard,2026-06-05T12:00Z,0.3,,2026-06-04T13:12Z
S-701904,ORD-45073,P-SN-5001,Los Angeles,Sydney Kingsford Smith Airport,33,air,DH-CARGO-314,N/A,in transit,2026-05-20T09:36Z,AUSYD,LOW,0.1,CR-DHLA,L-USLAX-AUSYD,3136.0,15.2,16005.0,EXW,none,economy,2026-05-20T12:00Z,-0.1,,2026-05-17T19:36Z
S-701905,ORD-44512,P-PW-1801,Mundra,Felixstowe,32,ocean,MV ATLANTIC STAR,9575491,approaching Felixstowe,2026-06-06T02:24Z,GBFXT,MEDIUM,0.9,CR-MSCU,L-INMUN-GBFXT,1265.0,23.2,9074.0,DAP,8,premium,2026-06-02T12:00Z,3.6,,2026-06-04T12:24Z
S-701906,ORD-48042,P-MC-7100,Ningbo,Rotterdam,6,ocean,MV ASIAN SPIRIT,9497982,Rotterdam approach,2026-06-03T04:48Z,NLRTM,LOW,0.4,CR-MSCU,L-CNNGB-NLRTM,2243.0,34.6,645.0,EXW,none,standard,2026-06-01T12:00Z,1.7,damage,2026-06-03T00:48Z
S-701907,ORD-49583,P-MC-7101,Yantian,Hamburg,18,ocean,MV TROPIC CRYSTAL,9780785,119 nm from Hamburg,2026-05-21T12:00Z,DEHAM,HIGH,3.2,CR-WHLU,L-CNYTN-DEHAM,4106.0,0.9,585.0,EXW,none,standard,2026-05-23T12:00Z,-2.0,,2026-05-20T08:00Z
S-701908,ORD-46616,P-EL-9102,Yantian,Los Angeles,10,ocean,MV ARCTIC CRYSTAL,9864686,172 nm from Los Angeles,2026-06-01T19:12Z,USLAX,HIGH,2.6,CR-HMMU,L-CNYTN-USLAX,20408.0,2.4,13441.0,DDU,none,standard,2026-06-01T12:00Z,0.3,,2026-05-30T02:12Z
S-701909,ORD-48987,P-CH-2230,Shanghai,Rotterdam,32,ocean,MV BALTIC PIONEER,9487547,Rotterdam approach,2026-05-27T02:24Z,NLRTM,LOW,0.4,CR-COSU,L-CNSHA-NLRTM,24953.0,15.6,15552.0,EXW,9,premium,2026-05-25T12:00Z,1.6,,2026-05-26T06:24Z
S-701910,ORD-49356,P-PK-4501,Yantian,Callao (Lima),26,ocean,MV BALTIC SPIRIT,9134148,off Yantian,2026-05-28T21:36Z,PEMRI,LOW,0.9,CR-EGLV,L-CNYTN-PEMRI,8535.0,24.3,46201.0,DDP,none,premium,2026-05-28T12:00Z,0.4,,2026-05-26T15:36Z
S-701911,ORD-48423,P-PK-4501,Genoa,Charleston,36,ocean,MV NIPPON STAR,9267852,Charleston approach,2026-05-29T14:24Z,USCHS,LOW,0.7,CR-ZIMU,L-ITGOA-USCHS,15028.0,35.0,8553.0,EXW,8,standard,2026-05-28T12:00Z,1.1,,2026-05-26T14:24Z
S-701912,ORD-46634,P-MC-7100,Los Angeles,Sydney Kingsford Smith Airport,24,air,EK-CARGO-639,N/A,Sydney Kingsford Smith Airport approach,2026-05-24T14:24Z,AUSYD,LOW,0.1,CR-EKCA,L-USLAX-AUSYD,10477.0,33.3,1020.0,DAP,none,premium,2026-05-22T12:00Z,2.1,,2026-05-23T22:24Z
S-701913,ORD-48454,P-PK-4501,Shanghai,Düsseldorf Rail Terminal,8,rail,DB SCH-6941,N/A,off Shanghai,2026-06-02T14:24Z,DEDUS,LOW,0.2,CR-DBSC,L-CNSHA-DEDUS,2683.0,23.8,26113.0,DDU,none,economy,2026-06-02T12:00Z,0.1,,2026-06-02T08:24Z
S-701914,ORD-44128,P-SN-5001,New York/New Jersey,London Heathrow Airport,2,air,DH-CARGO-423,N/A,London Heathrow Airport approach,2026-05-20T12:00Z,LHRGB,LOW,0.1,CR-DHLA,L-USNYC-LHRGB,19556.0,30.0,1489.0,EXW,none,economy,2026-05-21T12:00Z,-1.0,damage,2026-05-20T10:00Z
S-701915,ORD-48859,P-SW-3001,Tianjin,Łódź Rail Terminal,21,rail,DB SCH-6999,N/A,188 nm from Łódź Rail Terminal,2026-06-06T16:48Z,PLLDZ,LOW,0.2,CR-DBSC,L-CNTAO-PLLDZ,10806.0,56.1,206558.0,EXW,8,standard,2026-06-04T12:00Z,2.2,,2026-06-04T08:48Z
S-701916,ORD-46663,P-CH-2210,Hamburg,Genoa,2,road,XPO LO-6203,N/A,95 nm from Genoa,2026-05-24T19:12Z,ITGOA,MEDIUM,1.2,CR-XPOT,L-DEHAM-ITGOA,16664.0,16.3,3003.0,EXW,3,economy,2026-05-22T12:00Z,2.3,,2026-05-23T11:12Z
S-701917,ORD-46646,P-EL-9101,Hong Kong,Frankfurt am Main Airport,4,air,AF-CARGO-845,N/A,Frankfurt am Main Airport approach,2026-05-24T21:36Z,DEFRA,LOW,0.1,CR-AFKA,L-HKHKG-DEFRA,12269.0,52.1,417.0,EXW,none,premium,2026-05-24T12:00Z,0.4,port_congestion,2026-05-22T21:36Z
S-701918,ORD-48742,P-EL-9002,Hamburg,Durban,12,ocean,MV ARCTIC PIONEER,9789640,73 nm from Durban,2026-06-10T21:36Z,ZADUR,MEDIUM,1.5,CR-WHLU,L-DEHAM-ZADUR,238.0,34.1,523.0,EXW,none,standard,2026-06-06T12:00Z,4.4,damage,2026-06-08T05:36Z
S-701919,ORD-44039,P-PW-1850,Hamburg,Genoa,5,road,XPO LO-6801,N/A,77 nm from Genoa,2026-05-18T12:00Z,ITGOA,MEDIUM,1.2,CR-XPOT,L-DEHAM-ITGOA,20643.0,51.6,1047.0,FOB,none,standard,2026-05-20T12:00Z,-2.0,damage,2026-05-17T07:00Z
S-701920,ORD-45483,P-SN-5001,Tianjin,Hamburg,17,ocean,MV BALTIC BREEZE,9803258,76 nm from Hamburg,2026-06-11T07:12Z,DEHAM,HIGH,3.2,CR-KNES,L-CNTAO-DEHAM,13181.0,6.7,10415.0,CIF,none,standard,2026-06-09T12:00Z,1.8,,2026-06-11T03:12Z
S-701921,ORD-44640,P-CH-2230,Busan,New York/New Jersey,19,ocean,MV NORDIC EXPRESS,9502011,off Busan,2026-06-08T19:12Z,USNYC,MEDIUM,1.6,CR-WHLU,L-KRPUS-USNYC,17295.0,21.4,3956.0,DDU,none,standard,2026-06-06T12:00Z,2.3,delayed,2026-06-06T22:12Z
S-701922,ORD-44064,P-CH-2230,Tianjin,Łódź Rail Terminal,26,rail,DB SCH-3244,N/A,Łódź Rail Terminal approach,2026-06-02T19:12Z,PLLDZ,LOW,0.2,CR-DBSC,L-CNTAO-PLLDZ,3632.0,12.0,15233.0,CIF,none,standard,2026-05-31T12:00Z,2.3,,2026-06-01T11:12Z
S-701923,ORD-44629,P-PW-1802,Rotterdam,Santos,16,ocean,MV BALTIC EXPRESS,9854780,off Rotterdam,2026-05-22T16:48Z,BRSSZ,MEDIUM,1.7,CR-DSVS,L-NLRTM-BRSSZ,6109.0,56.2,19298.0,FOB,none,standard,2026-05-21T12:00Z,1.2,,2026-05-20T00:48Z
S-701924,ORD-49908,P-EL-9003,Yantian,Hamburg,10,ocean,MV IBERIAN GUARDIAN,9570888,43 nm from Hamburg,2026-06-06T07:12Z,DEHAM,HIGH,3.2,CR-HLCU,L-CNYTN-DEHAM,25300.0,59.6,2474.0,DDP,none,economy,2026-06-05T12:00Z,0.8,,2026-06-06T05:12Z
S-701925,ORD-46379,P-MC-7100,Shanghai,Los Angeles,2,ocean,MV IBERIAN PIONEER,9710279,in transit,2026-05-25T02:24Z,USLAX,HIGH,2.6,CR-MSCU,L-CNSHA-USLAX,17819.0,22.4,1392.0,DDP,3,standard,2026-05-25T12:00Z,-0.4,,2026-05-22T07:24Z
S-701926,ORD-49414,P-EL-9101,Jebel Ali (Dubai),Rotterdam,5,ocean,MV ARCTIC PIONEER,9519642,22 nm from Rotterdam,2026-06-02T16:48Z,NLRTM,LOW,0.4,CR-HMMU,L-AEDXB-NLRTM,20701.0,59.5,5365.0,DDU,none,economy,2026-06-01T12:00Z,1.2,,2026-06-02T13:48Z
S-701927,ORD-49378,P-SN-5001,Hamburg,Genoa,25,road,DACHSE-1525,N/A,off Hamburg,2026-05-20T07:12Z,ITGOA,MEDIUM,1.2,CR-DACH,L-DEHAM-ITGOA,12996.0,28.8,24615.0,DAP,8,standard,2026-05-21T12:00Z,-1.2,,2026-05-17T18:12Z
S-701928,ORD-47640,P-EL-9101,Mundra,Felixstowe,23,ocean,MV NORDIC TRADER,9340079,in transit,2026-05-31T00:00Z,GBFXT,MEDIUM,0.9,CR-KNES,L-INMUN-GBFXT,15689.0,58.8,2608.0,DDU,8,premium,2026-05-30T12:00Z,0.5,customs_hold,2026-05-28T18:00Z
S-701929,ORD-45264,P-MC-7102,Hamburg,Genoa,35,road,DACHSE-3604,N/A,approaching Genoa,2026-05-23T07:12Z,ITGOA,MEDIUM,1.2,CR-DACH,L-DEHAM-ITGOA,15329.0,31.3,626.0,DDU,3,standard,2026-05-22T12:00Z,0.8,,2026-05-22T17:12Z
S-701930,ORD-46392,P-EL-9102,Singapore,Rotterdam,31,ocean,MV ARCTIC VICTORY,9401542,off Singapore,2026-05-23T19:12Z,NLRTM,LOW,0.4,CR-ONEY,L-SGSIN-NLRTM,4667.0,2.0,3247.0,DDP,none,premium,2026-05-23T12:00Z,0.3,,2026-05-22T14:12Z
S-701931,ORD-46959,P-MC-7100,Jebel Ali (Dubai),Frankfurt am Main Airport,27,air,LH-CARGO-447,N/A,off Jebel Ali (Dubai),2026-05-23T07:12Z,DEFRA,LOW,0.1,CR-LHCA,L-AEDXB-DEFRA,21555.0,12.1,2899.0,DAP,none,standard,2026-05-21T12:00Z,1.8,,2026-05-20T19:12Z
S-701932,ORD-45578,P-PK-4501,Hamburg,Santos,26,ocean,MV BALTIC EXPRESS,9643476,Santos approach,2026-06-01T02:24Z,BRSSZ,MEDIUM,1.7,CR-KNES,L-DEHAM-BRSSZ,9400.0,27.2,95.0,DAP,none,economy,2026-05-30T12:00Z,1.6,customs_hold,2026-05-31T03:24Z
S-701933,ORD-47841,P-MC-7102,Shanghai,Rotterdam,32,ocean,MV ASIAN STAR,9520109,in transit,2026-05-22T21:36Z,NLRTM,LOW,0.4,CR-MSCU,L-CNSHA-NLRTM,13273.0,54.0,163.0,DDU,3,economy,2026-05-20T12:00Z,2.4,,2026-05-21T05:36Z
S-701934,ORD-45082,P-SN-5001,Nhava Sheva,Rotterdam,16,ocean,MV CALEDONIAN GUARDIAN,9167867,Rotterdam approach,2026-05-31T07:12Z,NLRTM,LOW,0.4,CR-MAEU,L-INNSA-NLRTM,17536.0,17.5,2133.0,EXW,9,standard,2026-05-28T12:00Z,2.8,,2026-05-28T19:12Z
S-701935,ORD-44360,P-EL-9001,Shanghai,Düsseldorf Rail Terminal,14,rail,DB SCH-5686,N/A,59 nm from Düsseldorf Rail Terminal,2026-05-23T04:48Z,DEDUS,LOW,0.2,CR-DBSC,L-CNSHA-DEDUS,20093.0,55.5,928.0,DDU,3,premium,2026-05-22T12:00Z,0.7,,2026-05-21T00:48Z
S-701936,ORD-46509,P-MC-7102,Hong Kong,Oakland,23,ocean,MV PACIFIC SPIRIT,9335066,Oakland approach,2026-05-22T04:48Z,USOAK,MEDIUM,1.4,CR-MAEU,L-HKHKG-USOAK,24322.0,0.4,1875.0,DDP,none,standard,2026-05-21T12:00Z,0.7,,2026-05-20T16:48Z
S-701937,ORD-49485,P-MC-7200,Yantian,Hamburg,11,ocean,MV TROPIC BREEZE,9881423,in transit,2026-06-05T00:00Z,DEHAM,HIGH,3.2,CR-DSVS,L-CNYTN-DEHAM,19721.0,31.9,535.0,DAP,none,standard,2026-06-05T12:00Z,-0.5,,2026-06-03T21:00Z
S-701938,ORD-48438,P-SW-3002,Hamburg,Genoa,11,road,DACHSE-2427,N/A,in transit,2026-05-27T09:36Z,ITGOA,MEDIUM,1.2,CR-DACH,L-DEHAM-ITGOA,1874.0,29.0,10944.0,EXW,none,economy,2026-05-24T12:00Z,2.9,,2026-05-25T13:36Z
S-701939,ORD-44246,P-EL-9002,Shanghai,Los Angeles,36,ocean,MV TROPIC GUARDIAN,9212924,in transit,2026-06-05T07:12Z,USLAX,HIGH,2.6,CR-ZIMU,L-CNSHA-USLAX,9263.0,5.0,2143.0,CIF,none,premium,2026-06-05T12:00Z,-0.2,,2026-06-02T22:12Z
S-701940,ORD-45226,P-PW-1802,Genoa,Charleston,10,ocean,MV NIPPON PIONEER,9197333,off Genoa,2026-06-03T19:12Z,USCHS,LOW,0.7,CR-KNES,L-ITGOA-USCHS,2789.0,35.1,250000,DAP,8,standard,2026-06-02T12:00Z,1.3,damage,2026-06-01T03:12Z
S-701941,ORD-48329,P-EL-9001,Singapore,Felixstowe,24,ocean,MV NIPPON TRADER,9786042,in transit,2026-06-01T00:00Z,GBFXT,MEDIUM,0.9,CR-WHLU,L-SGSIN-GBFXT,21257.0,20.6,97.0,DDU,none,premium,2026-05-30T12:00Z,1.5,,2026-05-29T05:00Z
S-701942,ORD-45253,P-MC-7100,Jebel Ali (Dubai),Frankfurt am Main Airport,36,air,LH-CARGO-221,N/A,56 nm from Frankfurt am Main Airport,2026-05-22T12:00Z,DEFRA,LOW,0.1,CR-LHCA,L-AEDXB-DEFRA,14579.0,39.9,2667.0,DDP,none,economy,2026-05-20T12:00Z,2.0,,2026-05-21T22:00Z
S-701943,ORD-49579,P-MC-7101,Los Angeles,Sydney Kingsford Smith Airport,20,air,AF-CARGO-636,N/A,42 nm from Sydney Kingsford Smith Airport,2026-05-23T07:12Z,AUSYD,LOW,0.1,CR-AFKA,L-USLAX-AUSYD,14500.0,13.5,1103.0,CIF,none,standard,2026-05-21T12:00Z,1.8,port_congestion,2026-05-23T06:12Z
S-701944,ORD-49023,P-SW-3002,Frankfurt am Main Airport,Shanghai,22,air,LH-CARGO-460,N/A,off Frankfurt am Main Airport,2026-05-22T07:12Z,CNSHA,MEDIUM,1.3,CR-LHCA,L-DEFRA-CNSHA,19737.0,10.1,5.0,CIF,8,premium,2026-05-21T12:00Z,0.8,,2026-05-19T15:12Z
S-701945,ORD-49917,P-CH-2211,Nhava Sheva,Rotterdam,24,ocean,MV NORDIC PIONEER,9381619,off Nhava Sheva,2026-06-04T14:24Z,NLRTM,LOW,0.4,CR-CMDU,L-INNSA-NLRTM,13673.0,51.7,19454.0,FOB,8,standard,2026-06-04T12:00Z,0.1,damage,2026-06-01T17:24Z
S-701946,ORD-46253,P-EL-9001,Yantian,Los Angeles,20,ocean,MV ASIAN PIONEER,9895600,approaching Los Angeles,2026-06-10T12:00Z,USLAX,HIGH,2.6,CR-WHLU,L-CNYTN-USLAX,4209.0,41.6,250000,EXW,8,standard,2026-06-08T12:00Z,2.0,,2026-06-10T00:00Z
S-701947,ORD-47909,P-CH-2211,Busan,New York/New Jersey,22,ocean,MV IBERIAN BREEZE,9708310,approaching New York/New Jersey,2026-06-23T12:00Z,USNYC,MEDIUM,1.6,CR-MSCU,L-KRPUS-USNYC,16445.0,28.3,2113.0,EXW,8,standard,2026-06-20T12:00Z,3.0,,2026-06-22T05:00Z
S-701948,ORD-45967,P-PW-1850,Hamburg,Santos,23,ocean,MV TROPIC CRYSTAL,9930914,152 nm from Santos,2026-05-27T09:36Z,BRSSZ,MEDIUM,1.7,CR-YMLU,L-DEHAM-BRSSZ,2492.0,34.5,10050.0,DDP,none,standard,2026-05-28T12:00Z,-1.1,,2026-05-26T01:36Z
S-701949,ORD-47971,P-EL-9002,Yantian,Hamburg,36,ocean,MV NORDIC CRYSTAL,9926505,approaching Hamburg,2026-05-31T00:00Z,DEHAM,HIGH,3.2,CR-MSCU,L-CNYTN-DEHAM,21719.0,25.2,2429.0,DDU,none,standard,2026-05-29T12:00Z,1.5,,2026-05-28T09:00Z
S-701950,ORD-46467,P-MC-7200,Antwerp,New York/New Jersey,27,ocean,MV TROPIC STAR,9546884,approaching New York/New Jersey,2026-06-02T07:12Z,USNYC,MEDIUM,1.6,CR-EGLV,L-BEANR-USNYC,3506.0,18.1,276.0,CIF,8,premium,2026-05-29T12:00Z,3.8,damage,2026-05-31T14:12Z
S-701951,ORD-46856,P-CH-2210,Qingdao,Le Havre,2,ocean,MV IBERIAN GUARDIAN,9483802,121 nm from Le Havre,2026-05-31T07:12Z,FRLEH,MEDIUM,1.0,CR-COSU,L-CNQIN-FRLEH,17383.0,26.1,85743.0,FOB,3,standard,2026-05-31T12:00Z,-0.2,,2026-05-30T20:12Z
S-701952,ORD-47456,P-CH-2210,Hamburg,Genoa,11,road,XPO LO-9606,N/A,72 nm from Genoa,2026-05-25T12:00Z,ITGOA,MEDIUM,1.2,CR-XPOT,L-DEHAM-ITGOA,21035.0,3.5,2019.0,FOB,none,economy,2026-05-22T12:00Z,3.0,,2026-05-23T18:00Z
S-701953,ORD-45442,P-MC-7102,Mundra,Felixstowe,29,ocean,MV IBERIAN BREEZE,9500408,off Mundra,2026-05-29T21:36Z,GBFXT,MEDIUM,0.9,CR-WHLU,L-INMUN-GBFXT,18124.0,18.6,229.0,DDP,none,premium,2026-05-28T12:00Z,1.4,,2026-05-28T15:36Z
S-701954,ORD-47432,P-EL-9001,Shanghai,Los Angeles,21,ocean,MV ASIAN CRYSTAL,9833803,in transit,2026-06-05T00:00Z,USLAX,HIGH,2.6,CR-DSVS,L-CNSHA-USLAX,17322.0,7.2,126.0,DAP,none,premium,2026-06-04T12:00Z,0.5,,2026-06-03T12:00Z
S-701955,ORD-46734,P-MC-7200,New York/New Jersey,London Heathrow Airport,15,air,UP-CARGO-305,N/A,in transit,2026-05-21T14:24Z,LHRGB,LOW,0.1,CR-UPSA,L-USNYC-LHRGB,3421.0,11.3,1928.0,DAP,none,standard,2026-05-22T12:00Z,-0.9,,2026-05-19T20:24Z
S-701956,ORD-47280,P-EL-9001,Yokohama,Los Angeles,12,ocean,MV BALTIC VICTORY,9135166,in transit,2026-05-31T04:48Z,USLAX,HIGH,2.6,CR-MSCU,L-JPYOK-USLAX,5472.0,37.2,1617.0,DDP,none,standard,2026-05-31T12:00Z,-0.3,,2026-05-28T06:48Z
S-701957,ORD-44214,P-PK-4500,Los Angeles,Sydney Kingsford Smith Airport,6,air,AF-CARGO-809,N/A,153 nm from Sydney Kingsford Smith Airport,2026-05-22T21:36Z,AUSYD,LOW,0.1,CR-AFKA,L-USLAX-AUSYD,7587.0,18.5,755.0,DDP,9,standard,2026-05-22T12:00Z,0.4,,2026-05-20T05:36Z
S-701958,ORD-49074,P-EL-9002,Hamburg,Santos,35,ocean,MV NIPPON EXPRESS,9536832,Santos approach,2026-05-27T07:12Z,BRSSZ,MEDIUM,1.7,CR-KNES,L-DEHAM-BRSSZ,16522.0,18.6,215.0,FOB,none,economy,2026-05-26T12:00Z,0.8,,2026-05-24T10:12Z
S-701959,ORD-47166,P-PK-4501,Valencia,Veracruz,11,ocean,MV CALEDONIAN VICTORY,9186520,Veracruz approach,2026-05-29T19:12Z,MXVER,MEDIUM,1.3,CR-ONEY,L-ESVLC-MXVER,12658.0,44.7,751.0,DDU,none,premium,2026-05-29T12:00Z,0.3,,2026-05-29T13:12Z
S-701960,ORD-45118,P-PK-4501,Yokohama,Los Angeles,30,ocean,MV CALEDONIAN CRYSTAL,9313002,approaching Los Angeles,2026-05-26T21:36Z,USLAX,HIGH,2.6,CR-CMDU,L-JPYOK-USLAX,23581.0,52.4,261.0,EXW,none,standard,2026-05-22T12:00Z,4.4,customs_hold,2026-05-26T01:36Z
S-701961,ORD-45087,P-PW-1801,New York/New Jersey,London Heathrow Airport,15,air,LH-CARGO-318,N/A,in transit,2026-05-23T04:48Z,LHRGB,LOW,0.1,CR-LHCA,L-USNYC-LHRGB,9921.0,38.5,5350.0,DAP,none,premium,2026-05-23T12:00Z,-0.3,,2026-05-21T03:48Z
S-701962,ORD-48312,P-EL-9102,Shanghai,Hamburg,28,ocean,MV ASIAN CRYSTAL,9304687,in transit,2026-06-08T07:12Z,DEHAM,HIGH,3.2,CR-COSU,L-CNSHA-DEHAM,22057.0,40.0,5285.0,DDU,9,premium,2026-06-08T12:00Z,-0.2,vessel_change,2026-06-05T16:12Z
S-701963,ORD-44661,P-SN-5001,Shanghai,New York/New Jersey,4,ocean,MV ARCTIC EXPRESS,9735492,New York/New Jersey approach,2026-05-26T04:48Z,USNYC,MEDIUM,1.6,CR-ZIMU,L-CNSHA-USNYC,5376.0,38.5,668.0,CIF,8,premium,2026-05-25T12:00Z,0.7,,2026-05-23T17:48Z
S-701964,ORD-47342,P-PW-1802,Shanghai,Los Angeles,1,ocean,MV ASIAN SPIRIT,9272814,Los Angeles approach,2026-06-09T12:00Z,USLAX,HIGH,2.6,CR-HLCU,L-CNSHA-USLAX,12461.0,8.7,436.0,FOB,none,premium,2026-06-07T12:00Z,2.0,,2026-06-08T15:00Z
S-701965,ORD-47604,P-PW-1802,Shanghai,Rotterdam,8,ocean,MV ATLANTIC VICTORY,9354359,approaching Rotterdam,2026-05-21T04:48Z,NLRTM,LOW,0.4,CR-MSCU,L-CNSHA-NLRTM,3273.0,14.2,76.0,FOB,3,premium,2026-05-20T12:00Z,0.7,,2026-05-18T20:48Z
S-701966,ORD-48431,P-PW-1802,Yantian,Frankfurt am Main Airport,14,air,DH-CARGO-709,N/A,Frankfurt am Main Airport approach,2026-05-23T19:12Z,DEFRA,LOW,0.1,CR-DHLA,L-CNYTN-DEFRA,7466.0,57.2,1366.0,FOB,none,premium,2026-05-22T12:00Z,1.3,,2026-05-22T14:12Z
S-701967,ORD-44599,P-CH-2230,Jebel Ali (Dubai),Frankfurt am Main Airport,24,air,LH-CARGO-227,N/A,Frankfurt am Main Airport approach,2026-05-20T12:00Z,DEFRA,LOW,0.1,CR-LHCA,L-AEDXB-DEFRA,22704.0,20.7,971.0,CIF,9,standard,2026-05-21T12:00Z,-1.0,,2026-05-17T23:00Z
S-701968,ORD-48434,P-SW-3002,Valencia,Veracruz,11,ocean,MV CALEDONIAN STAR,9629145,116 nm from Veracruz,2026-06-07T04:48Z,MXVER,MEDIUM,1.3,CR-EGLV,L-ESVLC-MXVER,22379.0,29.8,2928.0,FOB,9,premium,2026-06-06T12:00Z,0.7,delayed,2026-06-06T22:48Z
S-701969,ORD-47343,P-EL-9003,Singapore,Frankfurt am Main Airport,27,air,QT-CARGO-208,N/A,Frankfurt am Main Airport approach,2026-05-26T16:48Z,DEFRA,LOW,0.1,CR-QTRA,L-SGSIN-DEFRA,4999.0,1.6,164.0,FOB,none,economy,2026-05-24T12:00Z,2.2,,2026-05-24T22:48Z
S-701970,ORD-44824,P-PW-1850,Tokyo,Vancouver,34,ocean,MV ASIAN SPIRIT,9848278,36 nm from Vancouver,2026-05-28T07:12Z,CASOG,LOW,0.6,CR-HLCU,L-JPTYO-CASOG,7470.0,19.2,388.0,FOB,8,standard,2026-05-24T12:00Z,3.8,,2026-05-28T03:12Z
S-701971,ORD-45802,P-PW-1850,Shanghai,New York/New Jersey,16,ocean,MV NORDIC CRYSTAL,9842218,approaching New York/New Jersey,2026-06-17T02:24Z,USNYC,MEDIUM,1.6,CR-EGLV,L-CNSHA-USNYC,15726.0,0.7,6821.0,DDU,none,standard,2026-06-16T12:00Z,0.6,,2026-06-14T05:24Z
S-701972,ORD-48980,P-PK-4500,Singapore,Felixstowe,17,ocean,MV NIPPON SPIRIT,9363133,off Singapore,2026-06-15T12:00Z,GBFXT,MEDIUM,0.9,CR-MSCU,L-SGSIN-GBFXT,3358.0,9.3,19587.0,DDP,none,standard,2026-06-17T12:00Z,-2.0,,2026-06-13T09:00Z
S-701973,ORD-48821,P-EL-9003,Shanghai,New York/New Jersey,33,ocean,MV NORDIC SPIRIT,9235488,11 nm from New York/New Jersey,2026-06-16T21:36Z,USNYC,MEDIUM,1.6,CR-KNES,L-CNSHA-USNYC,19986.0,46.2,879.0,FOB,3,standard,2026-06-17T12:00Z,-0.6,,2026-06-14T19:36Z
S-701974,ORD-49690,P-PK-4501,Hamburg,Santos,24,ocean,MV CALEDONIAN PIONEER,9546144,approaching Santos,2026-06-02T07:12Z,BRSSZ,MEDIUM,1.7,CR-EGLV,L-DEHAM-BRSSZ,17292.0,47.9,4360.0,DDP,none,premium,2026-05-29T12:00Z,3.8,port_congestion,2026-05-31T19:12Z
S-701975,ORD-47460,P-PK-4501,Hamburg,Durban,15,ocean,MV IBERIAN VICTORY,9525241,Durban approach,2026-05-20T09:36Z,ZADUR,MEDIUM,1.5,CR-WHLU,L-DEHAM-ZADUR,4260.0,47.1,1202.0,EXW,none,standard,2026-05-20T12:00Z,-0.1,,2026-05-19T11:36Z
S-701976,ORD-45775,P-MC-7100,Los Angeles,Sydney Kingsford Smith Airport,12,air,QT-CARGO-949,N/A,Sydney Kingsford Smith Airport approach,2026-05-24T04:48Z,AUSYD,LOW,0.1,CR-QTRA,L-USLAX-AUSYD,15291.0,0.9,152.0,FOB,3,premium,2026-05-23T12:00Z,0.7,,2026-05-23T22:48Z
S-701977,ORD-49642,P-EL-9102,Singapore,Frankfurt am Main Airport,14,air,EK-CARGO-880,N/A,in transit,2026-05-20T04:48Z,DEFRA,LOW,0.1,CR-EKCA,L-SGSIN-DEFRA,1589.0,46.8,1247.0,DAP,8,premium,2026-05-21T12:00Z,-1.3,,2026-05-19T01:48Z
S-701978,ORD-45509,P-PK-4501,Yantian,Callao (Lima),5,ocean,MV IBERIAN STAR,9667983,153 nm from Callao (Lima),2026-05-29T02:24Z,PEMRI,LOW,0.9,CR-CMDU,L-CNYTN-PEMRI,8454.0,51.3,958.0,DDU,9,premium,2026-05-29T12:00Z,-0.4,,2026-05-27T20:24Z
S-701979,ORD-47974,P-MC-7100,Salalah,Rotterdam,11,ocean,MV ASIAN SPIRIT,9149022,in transit,2026-05-24T21:36Z,NLRTM,LOW,0.4,CR-EGLV,L-OMSLL-NLRTM,243.0,8.4,578.0,DDU,none,standard,2026-05-23T12:00Z,1.4,,2026-05-23T20:36Z
S-701980,ORD-47902,P-EL-9001,Jebel Ali (Dubai),Frankfurt am Main Airport,7,air,CX-CARGO-635,N/A,approaching Frankfurt am Main Airport,2026-05-21T12:00Z,DEFRA,LOW,0.1,CR-CXCA,L-AEDXB-DEFRA,4474.0,50.5,1983.0,DDP,none,standard,2026-05-23T12:00Z,-2.0,,2026-05-20T07:00Z
S-701981,ORD-46497,P-EL-9101,Hamburg,Durban,36,ocean,MV ARCTIC PIONEER,9885662,in transit,2026-06-16T14:24Z,ZADUR,MEDIUM,1.5,CR-CMDU,L-DEHAM-ZADUR,766.0,8.7,149.0,FOB,8,premium,2026-06-15T12:00Z,1.1,vessel_change,2026-06-16T04:24Z
S-701982,ORD-47854,P-CH-2210,Rotterdam,New York/New Jersey,31,ocean,MV ATLANTIC SPIRIT,9451388,149 nm from New York/New Jersey,2026-06-07T12:00Z,USNYC,MEDIUM,1.6,CR-KNES,L-NLRTM-USNYC,18500.0,31.8,110.0,EXW,none,standard,2026-06-01T12:00Z,6.0,customs_hold,2026-06-07T06:00Z
S-701983,ORD-45327,P-SW-3002,Shanghai,New York/New Jersey,33,ocean,MV BALTIC EXPRESS,9333204,approaching New York/New Jersey,2026-06-09T09:36Z,USNYC,MEDIUM,1.6,CR-ONEY,L-CNSHA-USNYC,6244.0,48.6,2315.0,DDU,none,premium,2026-06-09T12:00Z,-0.1,,2026-06-07T17:36Z
S-701984,ORD-47156,P-PW-1850,Mundra,Felixstowe,34,ocean,MV CALEDONIAN SPIRIT,9546987,in transit,2026-05-30T21:36Z,GBFXT,MEDIUM,0.9,CR-HLCU,L-INMUN-GBFXT,6158.0,60.0,465.0,DDU,none,premium,2026-05-22T12:00Z,8.4,vessel_change,2026-05-30T01:36Z
S-701985,ORD-44187,P-MC-7100,Singapore,Frankfurt am Main Airport,18,air,AF-CARGO-982,N/A,off Singapore,2026-05-21T12:00Z,DEFRA,LOW,0.1,CR-AFKA,L-SGSIN-DEFRA,9751.0,47.1,343.0,DAP,none,standard,2026-05-20T12:00Z,1.0,,2026-05-19T01:00Z
S-701986,ORD-44663,P-PK-4500,Rotterdam,Santos,15,ocean,MV ATLANTIC STAR,9694062,off Rotterdam,2026-06-01T16:48Z,BRSSZ,MEDIUM,1.7,CR-HLCU,L-NLRTM-BRSSZ,25787.0,40.8,3547.0,DDP,none,standard,2026-05-31T12:00Z,1.2,customs_hold,2026-05-31T08:48Z
S-701987,ORD-47960,P-EL-9003,Jebel Ali (Dubai),Rotterdam,17,ocean,MV IBERIAN STAR,9815760,approaching Rotterdam,2026-05-29T19:12Z,NLRTM,LOW,0.4,CR-COSU,L-AEDXB-NLRTM,20363.0,35.1,19020.0,FOB,none,standard,2026-05-28T12:00Z,1.3,,2026-05-27T16:12Z
S-701988,ORD-44566,P-PW-1850,Salalah,Rotterdam,3,ocean,MV ARCTIC GLORY,9101699,off Salalah,2026-05-24T00:00Z,NLRTM,LOW,0.4,CR-KNES,L-OMSLL-NLRTM,7134.0,33.3,3774.0,FOB,3,economy,2026-05-24T12:00Z,-0.5,,2026-05-22T06:00Z
S-701989,ORD-46562,P-EL-9102,Hong Kong,Oakland,16,ocean,MV ARCTIC TRADER,9314754,in transit,2026-05-24T09:36Z,USOAK,MEDIUM,1.4,CR-YMLU,L-HKHKG-USOAK,8491.0,19.8,12156.0,EXW,9,economy,2026-05-23T12:00Z,0.9,,2026-05-24T06:36Z
S-701990,ORD-45635,P-EL-9001,Yantian,Frankfurt am Main Airport,36,air,LH-CARGO-178,N/A,off Yantian,2026-05-20T12:00Z,DEFRA,LOW,0.1,CR-LHCA,L-CNYTN-DEFRA,10059.0,8.9,8571.0,DDU,none,premium,2026-05-20T12:00Z,0.0,port_congestion,2026-05-18T15:00Z
S-701991,ORD-45539,P-SW-3002,Valencia,Veracruz,26,ocean,MV ARCTIC STAR,9603557,in transit,2026-05-22T19:12Z,MXVER,MEDIUM,1.3,CR-DSVS,L-ESVLC-MXVER,12130.0,57.9,289.0,FOB,none,standard,2026-05-22T12:00Z,0.3,,2026-05-20T03:12Z
S-701992,ORD-47989,P-PW-1802,New York/New Jersey,London Heathrow Airport,27,air,CX-CARGO-154,N/A,approaching London Heathrow Airport,2026-05-24T14:24Z,LHRGB,LOW,0.1,CR-CXCA,L-USNYC-LHRGB,18063.0,59.6,217.0,EXW,none,standard,2026-05-22T12:00Z,2.1,customs_hold,2026-05-23T21:24Z
S-701993,ORD-46614,P-MC-7100,Yantian,Los Angeles,34,ocean,MV CALEDONIAN VICTORY,9437334,approaching Los Angeles,2026-05-30T14:24Z,USLAX,HIGH,2.6,CR-HLCU,L-CNYTN-USLAX,10600.0,35.8,438.0,EXW,none,standard,2026-05-28T12:00Z,2.1,,2026-05-28T16:24Z
S-701994,ORD-49215,P-MC-7101,Yantian,Los Angeles,17,ocean,MV TROPIC VICTORY,9238978,off Yantian,2026-06-08T00:00Z,USLAX,HIGH,2.6,CR-YMLU,L-CNYTN-USLAX,19885.0,54.3,34462.0,DDU,none,economy,2026-06-08T12:00Z,-0.5,,2026-06-07T01:00Z
S-701995,ORD-49324,P-CH-2210,Shanghai,Düsseldorf Rail Terminal,4,rail,DB SCH-2330,N/A,approaching Düsseldorf Rail Terminal,2026-05-29T12:00Z,DEDUS,LOW,0.2,CR-DBSC,L-CNSHA-DEDUS,8096.0,57.6,613.0,DDP,3,standard,2026-05-27T12:00Z,2.0,,2026-05-27T14:00Z
S-701996,ORD-48738,P-CH-2210,Los Angeles,Sydney Kingsford Smith Airport,10,air,DH-CARGO-367,N/A,Sydney Kingsford Smith Airport approach,2026-05-24T07:12Z,AUSYD,LOW,0.1,CR-DHLA,L-USLAX-AUSYD,4410.0,43.3,101.0,FOB,none,premium,2026-05-23T12:00Z,0.8,,2026-05-23T09:12Z
S-701997,ORD-47759,P-EL-9102,Yokohama,Los Angeles,29,ocean,MV NORDIC VICTORY,9835374,off Yokohama,2026-05-20T12:00Z,USLAX,HIGH,2.6,CR-DSVS,L-JPYOK-USLAX,16843.0,10.0,18114.0,DAP,8,premium,2026-05-22T12:00Z,-2.0,vessel_change,2026-05-18T16:00Z
S-701998,ORD-44975,P-SW-3002,Shanghai,Düsseldorf Rail Terminal,12,rail,DB SCH-1455,N/A,in transit,2026-05-26T16:48Z,DEDUS,LOW,0.2,CR-DBSC,L-CNSHA-DEDUS,21785.0,5.5,7809.0,DDU,8,premium,2026-05-24T12:00Z,2.2,,2026-05-23T21:48Z
S-701999,ORD-44973,P-CH-2230,Rotterdam,New York/New Jersey,34,ocean,MV PACIFIC CRYSTAL,9899755,approaching New York/New Jersey,2026-06-02T12:00Z,USNYC,MEDIUM,1.6,CR-MAEU,L-NLRTM-USNYC,21532.0,39.8,86.0,DAP,none,standard,2026-06-02T12:00Z,0.0,,2026-06-01T05:00Z
S-702000,ORD-46972,P-MC-7200,Los Angeles,Sydney Kingsford Smith Airport,22,air,LH-CARGO-982,N/A,72 nm from Sydney Kingsford Smith Airport,2026-05-22T19:12Z,AUSYD,LOW,0.1,CR-LHCA,L-USLAX-AUSYD,7030.0,3.0,1126.0,CIF,none,economy,2026-05-20T12:00Z,2.3,,2026-05-21T20:12Z
S-702001,ORD-48562,P-PW-1801,Busan,New York/New Jersey,4,ocean,MV ARCTIC PIONEER,9862820,New York/New Jersey approach,2026-06-13T16:48Z,USNYC,MEDIUM,1.6,CR-HLCU,L-KRPUS-USNYC,20423.0,35.4,3649.0,FOB,9,economy,2026-06-13T12:00Z,0.2,damage,2026-06-11T09:48Z
S-702002,ORD-47499,P-MC-7102,Rotterdam,New York/New Jersey,21,ocean,MV BALTIC PIONEER,9493187,off Rotterdam,2026-06-03T19:12Z,USNYC,MEDIUM,1.6,CR-COSU,L-NLRTM-USNYC,2718.0,28.6,75314.0,FOB,3,premium,2026-06-02T12:00Z,1.3,,2026-06-02T23:12Z
S-702003,ORD-48926,P-PK-4500,Hong Kong,Rotterdam,28,ocean,MV ATLANTIC TRADER,9714565,152 nm from Rotterdam,2026-06-10T14:24Z,NLRTM,LOW,0.4,CR-HLCU,L-HKHKG-NLRTM,12937.0,42.1,6270.0,DAP,3,economy,2026-06-10T12:00Z,0.1,,2026-06-08T15:24Z
S-702004,ORD-45737,P-EL-9102,Yantian,Frankfurt am Main Airport,9,air,UP-CARGO-291,N/A,in transit,2026-05-22T14:24Z,DEFRA,LOW,0.1,CR-UPSA,L-CNYTN-DEFRA,938.0,17.0,1560.0,DDU,none,economy,2026-05-22T12:00Z,0.1,,2026-05-19T17:24Z
S-702005,ORD-48440,P-PW-1801,Singapore,Frankfurt am Main Airport,2,air,DH-CARGO-844,N/A,approaching Frankfurt am Main Airport,2026-05-21T12:00Z,DEFRA,LOW,0.1,CR-DHLA,L-SGSIN-DEFRA,25827.0,28.7,7652.0,DDU,none,standard,2026-05-21T12:00Z,0.0,,2026-05-18T13:00Z
S-702006,ORD-47298,P-SW-3002,Frankfurt am Main Airport,Shanghai,13,air,CX-CARGO-714,N/A,approaching Shanghai,2026-05-24T14:24Z,CNSHA,MEDIUM,1.3,CR-CXCA,L-DEFRA-CNSHA,19017.0,49.2,1206.0,FOB,3,standard,2026-05-22T12:00Z,2.1,,2026-05-23T04:24Z
S-702007,ORD-49985,P-SW-3001,Shanghai,Düsseldorf Rail Terminal,33,rail,DB SCH-3216,N/A,Düsseldorf Rail Terminal approach,2026-06-01T07:12Z,DEDUS,LOW,0.2,CR-DBSC,L-CNSHA-DEDUS,23836.0,2.1,5136.0,DDP,none,premium,2026-06-01T12:00Z,-0.2,,2026-05-30T04:12Z
S-702008,ORD-44444,P-MC-7200,Yantian,Los Angeles,3,ocean,MV CALEDONIAN VICTORY,9371867,approaching Los Angeles,2026-06-04T00:00Z,USLAX,HIGH,2.6,CR-ONEY,L-CNYTN-USLAX,24299.0,56.1,4758.0,EXW,none,premium,2026-06-03T12:00Z,0.5,,2026-06-03T22:00Z
S-702009,ORD-48414,P-PK-4500,Singapore,Felixstowe,18,ocean,MV ASIAN STAR,9886614,in transit,2026-06-11T19:12Z,GBFXT,MEDIUM,0.9,CR-DSVS,L-SGSIN-GBFXT,1466.0,37.7,5175.0,FOB,none,economy,2026-06-10T12:00Z,1.3,,2026-06-10T00:12Z
S-702010,ORD-47039,P-MC-7200,Chicago O'Hare Airport,Hong Kong,21,air,DH-CARGO-274,N/A,off Chicago O'Hare Airport,2026-05-29T00:00Z,HKHKG,LOW,0.8,CR-DHLA,L-USORD-HKHKG,7645.0,19.0,5868.0,EXW,9,economy,2026-05-24T12:00Z,4.5,customs_hold,2026-05-26T20:00Z
S-702011,ORD-48305,P-EL-9003,Shanghai,Hamburg,28,ocean,MV CALEDONIAN GUARDIAN,9313353,97 nm from Hamburg,2026-06-25T12:00Z,DEHAM,HIGH,3.2,CR-HMMU,L-CNSHA-DEHAM,7878.0,45.7,153061.0,DDP,none,premium,2026-06-25T12:00Z,-0.0,vessel_change,2026-06-22T17:00Z
S-702012,ORD-47995,P-MC-7101,Rotterdam,New York/New Jersey,22,ocean,MV NORDIC PIONEER,9309827,New York/New Jersey approach,2026-05-30T09:36Z,USNYC,MEDIUM,1.6,CR-EGLV,L-NLRTM-USNYC,6606.0,4.6,44150.0,DAP,3,premium,2026-05-24T12:00Z,5.9,port_congestion,2026-05-28T01:36Z
S-702013,ORD-48729,P-MC-7101,Hamburg,Durban,26,ocean,MV NORDIC PIONEER,9400801,in transit,2026-05-30T16:48Z,ZADUR,MEDIUM,1.5,CR-ONEY,L-DEHAM-ZADUR,4484.0,22.6,329.0,DDP,none,standard,2026-05-29T12:00Z,1.2,,2026-05-28T20:48Z
S-702014,ORD-47313,P-PW-1850,Rotterdam,New York/New Jersey,25,ocean,MV ARCTIC PIONEER,9292622,in transit,2026-05-24T00:00Z,USNYC,MEDIUM,1.6,CR-CMDU,L-NLRTM-USNYC,10861.0,57.3,6464.0,FOB,none,economy,2026-05-23T12:00Z,0.5,,2026-05-21T07:00Z
S-702015,ORD-44257,P-MC-7200,Tianjin,Hamburg,24,ocean,MV ARCTIC GUARDIAN,9548664,18 nm from Hamburg,2026-06-24T21:36Z,DEHAM,HIGH,3.2,CR-DSVS,L-CNTAO-DEHAM,8946.0,50.4,6152.0,FOB,none,economy,2026-06-25T12:00Z,-0.6,,2026-06-24T01:36Z
S-702016,ORD-48221,P-SN-5001,Shanghai,Los Angeles,28,ocean,MV CALEDONIAN EXPRESS,9865143,Los Angeles approach,2026-05-27T12:00Z,USLAX,HIGH,2.6,CR-MAEU,L-CNSHA-USLAX,8641.0,26.8,1340.0,FOB,none,standard,2026-05-26T12:00Z,1.0,,2026-05-26T06:00Z
S-702017,ORD-48479,P-EL-9001,Hong Kong,Oakland,18,ocean,MV BALTIC SPIRIT,9346535,in transit,2026-05-29T19:12Z,USOAK,MEDIUM,1.4,CR-DSVS,L-HKHKG-USOAK,14119.0,51.5,246.0,FOB,none,standard,2026-05-27T12:00Z,2.3,customs_hold,2026-05-29T09:12Z
S-702018,ORD-48921,P-EL-9002,Shanghai,Los Angeles,20,ocean,MV ATLANTIC SPIRIT,9451052,Los Angeles approach,2026-06-04T21:36Z,USLAX,HIGH,2.6,CR-HMMU,L-CNSHA-USLAX,6916.0,41.7,504.0,DDU,none,standard,2026-06-05T12:00Z,-0.6,,2026-06-04T15:36Z
S-702019,ORD-46040,P-CH-2210,Hong Kong,Frankfurt am Main Airport,16,air,FD-CARGO-648,N/A,Frankfurt am Main Airport approach,2026-05-19T12:00Z,DEFRA,LOW,0.1,CR-FDXA,L-HKHKG-DEFRA,14397.0,34.6,431.0,DDP,none,premium,2026-05-20T12:00Z,-1.0,,2026-05-19T08:00Z
S-702020,ORD-48025,P-EL-9001,Antwerp,New York/New Jersey,5,ocean,MV CALEDONIAN CRYSTAL,9882728,154 nm from New York/New Jersey,2026-06-06T14:24Z,USNYC,MEDIUM,1.6,CR-KNES,L-BEANR-USNYC,22857.0,46.7,8435.0,EXW,none,standard,2026-05-30T12:00Z,7.1,damage,2026-06-04T13:24Z
S-702021,ORD-45645,P-SN-5001,Valencia,Veracruz,28,ocean,MV IBERIAN PIONEER,9157653,approaching Veracruz,2026-05-31T09:36Z,MXVER,MEDIUM,1.3,CR-ZIMU,L-ESVLC-MXVER,18411.0,47.2,44673.0,EXW,none,standard,2026-05-31T12:00Z,-0.1,,2026-05-29T15:36Z
S-702022,ORD-44777,P-SW-3002,Tokyo,Vancouver,17,ocean,MV CALEDONIAN PIONEER,9791513,13 nm from Vancouver,2026-06-06T04:48Z,CASOG,LOW,0.6,CR-ZIMU,L-JPTYO-CASOG,1447.0,32.0,909.0,EXW,none,standard,2026-06-01T12:00Z,4.7,vessel_change,2026-06-05T04:48Z
S-702023,ORD-48308,P-MC-7100,Shanghai,Hamburg,5,ocean,MV BALTIC TRADER,9255599,83 nm from Hamburg,2026-06-03T12:00Z,DEHAM,HIGH,3.2,CR-YMLU,L-CNSHA-DEHAM,4972.0,27.3,3799.0,EXW,none,premium,2026-06-02T12:00Z,1.0,,2026-06-02T22:00Z
S-702024,ORD-49011,P-MC-7100,Shanghai,Los Angeles,24,ocean,MV ATLANTIC VICTORY,9899708,in transit,2026-05-28T02:24Z,USLAX,HIGH,2.6,CR-HLCU,L-CNSHA-USLAX,12149.0,1.3,1323.0,CIF,9,standard,2026-05-29T12:00Z,-1.4,delayed,2026-05-26T23:24Z
S-702025,ORD-49910,P-EL-9001,Nhava Sheva,Rotterdam,22,ocean,MV BALTIC PIONEER,9699856,in transit,2026-05-28T02:24Z,NLRTM,LOW,0.4,CR-YMLU,L-INNSA-NLRTM,4305.0,26.8,6487.0,CIF,none,premium,2026-05-28T12:00Z,-0.4,,2026-05-27T07:24Z
S-702026,ORD-47679,P-MC-7100,Tokyo,Vancouver,25,ocean,MV BALTIC BREEZE,9239447,Vancouver approach,2026-05-30T14:24Z,CASOG,LOW,0.6,CR-PILU,L-JPTYO-CASOG,21221.0,53.8,7399.0,EXW,none,standard,2026-05-28T12:00Z,2.1,,2026-05-30T13:24Z
S-702027,ORD-45871,P-PW-1802,Shanghai,Hamburg,11,ocean,MV CALEDONIAN PIONEER,9330727,in transit,2026-05-26T14:24Z,DEHAM,HIGH,3.2,CR-CMDU,L-CNSHA-DEHAM,18919.0,8.5,11882.0,CIF,none,standard,2026-05-25T12:00Z,1.1,,2026-05-25T17:24Z
S-702028,ORD-49808,P-PW-1802,Ningbo,Rotterdam,33,ocean,MV TROPIC CRYSTAL,9859031,in transit,2026-05-24T02:24Z,NLRTM,LOW,0.4,CR-CMDU,L-CNNGB-NLRTM,20619.0,22.9,355.0,FOB,none,standard,2026-05-22T12:00Z,1.6,,2026-05-21T12:24Z
S-702029,ORD-47617,P-PK-4500,Shanghai,New York/New Jersey,15,ocean,MV TROPIC SPIRIT,9765286,52 nm from New York/New Jersey,2026-06-17T07:12Z,USNYC,MEDIUM,1.6,CR-DSVS,L-CNSHA-USNYC,12141.0,59.6,416.0,FOB,none,standard,2026-06-17T12:00Z,-0.2,,2026-06-17T02:12Z
S-702030,ORD-46048,P-MC-7100,Singapore,Rotterdam,9,ocean,MV TROPIC CRYSTAL,9633986,Rotterdam approach,2026-06-10T12:00Z,NLRTM,LOW,0.4,CR-DSVS,L-SGSIN-NLRTM,10476.0,51.9,12854.0,EXW,none,premium,2026-06-12T12:00Z,-2.0,vessel_change,2026-06-09T02:00Z
S-702031,ORD-47324,P-SN-5001,Singapore,Rotterdam,15,ocean,MV ATLANTIC SPIRIT,9308414,in transit,2026-05-30T14:24Z,NLRTM,LOW,0.4,CR-HMMU,L-SGSIN-NLRTM,25467.0,58.8,9576.0,FOB,3,premium,2026-06-01T12:00Z,-1.9,port_congestion,2026-05-30T13:24Z
S-702032,ORD-44617,P-EL-9001,Hong Kong,Frankfurt am Main Airport,8,air,AF-CARGO-740,N/A,approaching Frankfurt am Main Airport,2026-05-23T02:24Z,DEFRA,LOW,0.1,CR-AFKA,L-HKHKG-DEFRA,14275.0,6.9,3231.0,CIF,none,economy,2026-05-23T12:00Z,-0.4,customs_hold,2026-05-20T04:24Z
S-702033,ORD-48515,P-CH-2230,Hamburg,Genoa,27,road,DACHSE-6616,N/A,181 nm from Genoa,2026-05-23T16:48Z,ITGOA,MEDIUM,1.2,CR-DACH,L-DEHAM-ITGOA,6103.0,11.5,1293.0,DDP,3,standard,2026-05-23T12:00Z,0.2,,2026-05-21T13:48Z
S-702034,ORD-45830,P-SN-5001,Hong Kong,Frankfurt am Main Airport,10,air,LH-CARGO-488,N/A,off Hong Kong,2026-05-24T09:36Z,DEFRA,LOW,0.1,CR-LHCA,L-HKHKG-DEFRA,23610.0,56.1,299.0,DDP,none,standard,2026-05-24T12:00Z,-0.1,,2026-05-24T04:36Z
S-702035,ORD-46299,P-MC-7100,Yantian,Hamburg,22,ocean,MV NORDIC EXPRESS,9225357,68 nm from Hamburg,2026-06-24T04:48Z,DEHAM,HIGH,3.2,CR-PILU,L-CNYTN-DEHAM,8201.0,5.2,32310.0,DDP,none,standard,2026-06-24T12:00Z,-0.3,,2026-06-23T01:48Z
S-702036,ORD-45052,P-PK-4500,Mundra,Felixstowe,27,ocean,MV BALTIC TRADER,9727034,37 nm from Felixstowe,2026-06-14T02:24Z,GBFXT,MEDIUM,0.9,CR-HLCU,L-INMUN-GBFXT,13513.0,15.0,5335.0,CIF,none,economy,2026-06-10T12:00Z,3.6,,2026-06-11T12:24Z
S-702037,ORD-49856,P-CH-2230,Antwerp,New York/New Jersey,21,ocean,MV BALTIC EXPRESS,9124636,approaching New York/New Jersey,2026-06-07T16:48Z,USNYC,MEDIUM,1.6,CR-HLCU,L-BEANR-USNYC,11611.0,25.5,25825.0,DAP,9,premium,2026-06-03T12:00Z,4.2,customs_hold,2026-06-05T05:48Z
S-702038,ORD-47349,P-MC-7100,Yantian,Frankfurt am Main Airport,26,air,AF-CARGO-754,N/A,Frankfurt am Main Airport approach,2026-05-24T02:24Z,DEFRA,LOW,0.1,CR-AFKA,L-CNYTN-DEFRA,16696.0,31.0,11088.0,CIF,none,standard,2026-05-24T12:00Z,-0.4,,2026-05-21T20:24Z
S-702039,ORD-47461,P-EL-9102,Los Angeles,Sydney Kingsford Smith Airport,26,air,AF-CARGO-836,N/A,29 nm from Sydney Kingsford Smith Airport,2026-05-20T04:48Z,AUSYD,LOW,0.1,CR-AFKA,L-USLAX-AUSYD,20995.0,23.8,448.0,FOB,none,premium,2026-05-20T12:00Z,-0.3,,2026-05-19T19:48Z
S-702040,ORD-46381,P-PW-1801,Shanghai,New York/New Jersey,10,ocean,MV NIPPON EXPRESS,9593536,New York/New Jersey approach,2026-05-22T00:00Z,USNYC,MEDIUM,1.6,CR-CMDU,L-CNSHA-USNYC,2541.0,25.3,1312.0,DAP,3,standard,2026-05-22T12:00Z,-0.5,,2026-05-19T04:00Z
S-702041,ORD-47688,P-CH-2230,Singapore,Rotterdam,21,ocean,MV NORDIC GLORY,9115533,197 nm from Rotterdam,2026-05-24T02:24Z,NLRTM,LOW,0.4,CR-PILU,L-SGSIN-NLRTM,19609.0,31.9,194.0,FOB,none,standard,2026-05-23T12:00Z,0.6,,2026-05-22T12:24Z
S-702042,ORD-45490,P-PW-1850,Nhava Sheva,Rotterdam,21,ocean,MV NIPPON GUARDIAN,9438545,in transit,2026-05-24T09:36Z,NLRTM,LOW,0.4,CR-MAEU,L-INNSA-NLRTM,13312.0,25.7,841.0,EXW,8,premium,2026-05-22T12:00Z,1.9,,2026-05-21T12:36Z
S-702043,ORD-47805,P-MC-7101,Chicago O'Hare Airport,Hong Kong,24,air,DH-CARGO-947,N/A,80 nm from Hong Kong,2026-05-23T21:36Z,HKHKG,LOW,0.8,CR-DHLA,L-USORD-HKHKG,5633.0,6.9,313.0,EXW,none,standard,2026-05-23T12:00Z,0.4,,2026-05-21T00:36Z
S-702044,ORD-44627,P-MC-7101,Hamburg,Genoa,24,road,XPO LO-1057,N/A,Genoa approach,2026-05-22T19:12Z,ITGOA,MEDIUM,1.2,CR-XPOT,L-DEHAM-ITGOA,17433.0,38.7,1452.0,FOB,none,standard,2026-05-23T12:00Z,-0.7,,2026-05-22T12:12Z
S-702045,ORD-47293,P-MC-7200,Busan,Los Angeles,33,ocean,MV NORDIC GLORY,9173158,off Busan,2026-06-13T07:12Z,USLAX,HIGH,2.6,CR-YMLU,L-KRPUS-USLAX,23062.0,27.3,4809.0,DAP,none,standard,2026-06-06T12:00Z,6.8,vessel_change,2026-06-10T14:12Z
S-702046,ORD-48938,P-PK-4500,Tianjin,Hamburg,29,ocean,MV CALEDONIAN BREEZE,9914157,198 nm from Hamburg,2026-05-31T16:48Z,DEHAM,HIGH,3.2,CR-HLCU,L-CNTAO-DEHAM,12739.0,13.2,309.0,DDP,none,standard,2026-05-30T12:00Z,1.2,port_congestion,2026-05-29T09:48Z
S-702047,ORD-48930,P-SW-3001,Hamburg,Durban,34,ocean,MV BALTIC GLORY,9286564,off Hamburg,2026-05-30T12:00Z,ZADUR,MEDIUM,1.5,CR-HLCU,L-DEHAM-ZADUR,20732.0,3.8,6851.0,DAP,8,economy,2026-05-30T12:00Z,-0.0,,2026-05-28T02:00Z
S-702048,ORD-45485,P-PW-1850,Hamburg,Genoa,12,road,XPO LO-1788,N/A,131 nm from Genoa,2026-05-21T12:00Z,ITGOA,MEDIUM,1.2,CR-XPOT,L-DEHAM-ITGOA,17928.0,4.1,2499.0,DDP,none,standard,2026-05-23T12:00Z,-2.0,,2026-05-20T15:00Z
S-702049,ORD-47260,P-CH-2230,Rotterdam,New York/New Jersey,23,ocean,MV ATLANTIC SPIRIT,9182763,75 nm from New York/New Jersey,2026-05-29T14:24Z,USNYC,MEDIUM,1.6,CR-KNES,L-NLRTM-USNYC,13316.0,37.0,293.0,CIF,none,standard,2026-05-25T12:00Z,4.1,vessel_change,2026-05-29T07:24Z
S-702050,ORD-49440,P-PK-4500,Busan,Los Angeles,25,ocean,MV ATLANTIC TRADER,9840274,96 nm from Los Angeles,2026-06-11T16:48Z,USLAX,HIGH,2.6,CR-EGLV,L-KRPUS-USLAX,23661.0,1.5,2360.0,FOB,3,premium,2026-06-03T12:00Z,8.2,customs_hold,2026-06-09T08:48Z
S-702051,ORD-48300,P-CH-2230,Tianjin,Hamburg,27,ocean,MV IBERIAN CRYSTAL,9332331,approaching Hamburg,2026-06-04T09:36Z,DEHAM,HIGH,3.2,CR-WHLU,L-CNTAO-DEHAM,13773.0,53.8,609.0,DDU,none,standard,2026-06-05T12:00Z,-1.1,,2026-06-02T13:36Z
S-702052,ORD-49592,P-MC-7200,Tokyo,Vancouver,19,ocean,MV CALEDONIAN CRYSTAL,9205948,Vancouver approach,2026-06-04T09:36Z,CASOG,LOW,0.6,CR-ONEY,L-JPTYO-CASOG,2193.0,56.8,2442.0,FOB,3,economy,2026-06-01T12:00Z,2.9,,2026-06-02T07:36Z
S-702053,ORD-49120,P-MC-7102,Valencia,Veracruz,34,ocean,MV ATLANTIC SPIRIT,9539813,81 nm from Veracruz,2026-06-04T02:24Z,MXVER,MEDIUM,1.3,CR-MAEU,L-ESVLC-MXVER,15704.0,27.6,2421.0,DDP,3,standard,2026-06-04T12:00Z,-0.4,,2026-06-03T12:24Z
S-702054,ORD-44464,P-EL-9003,Ningbo,Rotterdam,32,ocean,MV BALTIC SPIRIT,9919103,in transit,2026-06-25T02:24Z,NLRTM,LOW,0.4,CR-ZIMU,L-CNNGB-NLRTM,17870.0,15.8,226.0,DAP,none,economy,2026-06-23T12:00Z,1.6,,2026-06-23T17:24Z
S-702055,ORD-44459,P-SW-3001,Chicago O'Hare Airport,Hong Kong,7,air,EK-CARGO-168,N/A,81 nm from Hong Kong,2026-05-28T19:12Z,HKHKG,LOW,0.8,CR-EKCA,L-USORD-HKHKG,25961.0,4.8,16760.0,DAP,none,standard,2026-05-23T12:00Z,5.3,port_congestion,2026-05-28T12:12Z
S-702056,ORD-48629,P-EL-9001,Antwerp,New York/New Jersey,13,ocean,MV CALEDONIAN SPIRIT,9749570,off Antwerp,2026-06-04T21:36Z,USNYC,MEDIUM,1.6,CR-PILU,L-BEANR-USNYC,9324.0,33.4,18743.0,EXW,none,premium,2026-06-02T12:00Z,2.4,delayed,2026-06-03T23:36Z
S-702057,ORD-49295,P-CH-2211,Yantian,Hamburg,3,ocean,MV ATLANTIC GUARDIAN,9863194,off Yantian,2026-06-15T14:24Z,DEHAM,HIGH,3.2,CR-MAEU,L-CNYTN-DEHAM,25077.0,13.3,964.0,DDP,8,standard,2026-06-15T12:00Z,0.1,,2026-06-12T23:24Z
S-702058,ORD-48999,P-PW-1802,Valencia,Veracruz,35,ocean,MV TROPIC BREEZE,9337121,in transit,2026-06-09T00:00Z,MXVER,MEDIUM,1.3,CR-COSU,L-ESVLC-MXVER,10233.0,46.7,1460.0,DDU,9,standard,2026-06-09T12:00Z,-0.5,port_congestion,2026-06-07T08:00Z
S-702059,ORD-49623,P-EL-9003,Rotterdam,Santos,26,ocean,MV PACIFIC VICTORY,9267884,off Rotterdam,2026-05-25T12:00Z,BRSSZ,MEDIUM,1.7,CR-ZIMU,L-NLRTM-BRSSZ,718.0,32.1,298.0,DDP,3,standard,2026-05-23T12:00Z,2.0,,2026-05-23T03:00Z
S-702060,ORD-44664,P-SN-5001,Hong Kong,Rotterdam,18,ocean,MV ARCTIC GUARDIAN,9318486,189 nm from Rotterdam,2026-06-02T04:48Z,NLRTM,LOW,0.4,CR-MAEU,L-HKHKG-NLRTM,17365.0,2.1,13087.0,DDU,none,premium,2026-05-31T12:00Z,1.7,vessel_change,2026-05-31T15:48Z
S-702061,ORD-44115,P-EL-9001,Mundra,Felixstowe,15,ocean,MV NIPPON GLORY,9719043,off Mundra,2026-05-23T19:12Z,GBFXT,MEDIUM,0.9,CR-KNES,L-INMUN-GBFXT,10792.0,45.9,8455.0,DAP,none,premium,2026-05-22T12:00Z,1.3,,2026-05-21T08:12Z
S-702062,ORD-48220,P-PW-1802,Busan,Los Angeles,17,ocean,MV NIPPON PIONEER,9327229,Los Angeles approach,2026-06-08T16:48Z,USLAX,HIGH,2.6,CR-MSCU,L-KRPUS-USLAX,15200.0,28.4,2317.0,DDP,none,standard,2026-06-07T12:00Z,1.2,,2026-06-07T08:48Z
S-702063,ORD-49280,P-PK-4500,Tianjin,Hamburg,7,ocean,MV NORDIC PIONEER,9791703,in transit,2026-06-03T21:36Z,DEHAM,HIGH,3.2,CR-KNES,L-CNTAO-DEHAM,18073.0,20.7,789.0,FOB,none,economy,2026-06-03T12:00Z,0.4,,2026-06-01T03:36Z
S-702064,ORD-45943,P-MC-7101,Yantian,Callao (Lima),9,ocean,MV ARCTIC GLORY,9577568,Callao (Lima) approach,2026-05-29T04:48Z,PEMRI,LOW,0.9,CR-MAEU,L-CNYTN-PEMRI,2922.0,4.0,5058.0,EXW,none,standard,2026-05-29T12:00Z,-0.3,delayed,2026-05-26T05:48Z
S-702065,ORD-47110,P-CH-2230,Jebel Ali (Dubai),Rotterdam,16,ocean,MV ARCTIC TRADER,9916274,in transit,2026-06-05T16:48Z,NLRTM,LOW,0.4,CR-MAEU,L-AEDXB-NLRTM,7433.0,47.2,847.0,FOB,none,premium,2026-06-03T12:00Z,2.2,port_congestion,2026-06-04T02:48Z
S-702066,ORD-44652,P-EL-9102,Yantian,Hamburg,9,ocean,MV BALTIC VICTORY,9943836,Hamburg approach,2026-06-04T19:12Z,DEHAM,HIGH,3.2,CR-CMDU,L-CNYTN-DEHAM,6162.0,31.4,6140.0,DAP,3,premium,2026-06-02T12:00Z,2.3,,2026-06-01T19:12Z
S-702067,ORD-45263,P-CH-2211,Ningbo,Rotterdam,18,ocean,MV TROPIC VICTORY,9858349,Rotterdam approach,2026-06-20T00:00Z,NLRTM,LOW,0.4,CR-WHLU,L-CNNGB-NLRTM,3680.0,23.4,10218.0,DAP,none,economy,2026-06-19T12:00Z,0.5,,2026-06-19T14:00Z
S-702068,ORD-49540,P-PK-4501,Yantian,Los Angeles,28,ocean,MV NIPPON STAR,9862186,approaching Los Angeles,2026-05-30T16:48Z,USLAX,HIGH,2.6,CR-DSVS,L-CNYTN-USLAX,24823.0,37.8,1962.0,FOB,none,premium,2026-05-30T12:00Z,0.2,,2026-05-30T04:48Z
S-702069,ORD-48073,P-EL-9101,Nhava Sheva,Rotterdam,16,ocean,MV NORDIC GUARDIAN,9201644,in transit,2026-05-28T19:12Z,NLRTM,LOW,0.4,CR-HMMU,L-INNSA-NLRTM,11994.0,36.4,5062.0,DDP,none,standard,2026-05-27T12:00Z,1.3,,2026-05-26T09:12Z
S-702070,ORD-47161,P-EL-9001,New York/New Jersey,London Heathrow Airport,4,air,DH-CARGO-669,N/A,off New York/New Jersey,2026-05-20T07:12Z,LHRGB,LOW,0.1,CR-DHLA,L-USNYC-LHRGB,7553.0,42.4,28380.0,EXW,none,economy,2026-05-20T12:00Z,-0.2,,2026-05-17T22:12Z
S-702071,ORD-47994,P-MC-7200,Hamburg,Santos,6,ocean,MV TROPIC PIONEER,9517392,Santos approach,2026-06-10T09:36Z,BRSSZ,MEDIUM,1.7,CR-DSVS,L-DEHAM-BRSSZ,9701.0,32.5,1006.0,FOB,none,standard,2026-06-10T12:00Z,-0.1,,2026-06-10T08:36Z
S-702072,ORD-47366,P-PW-1850,Singapore,Felixstowe,25,ocean,MV ARCTIC GLORY,9939585,in transit,2026-06-05T12:00Z,GBFXT,MEDIUM,0.9,CR-MAEU,L-SGSIN-GBFXT,8287.0,7.1,1790.0,FOB,none,standard,2026-06-04T12:00Z,1.0,,2026-06-03T17:00Z
S-702073,ORD-45715,P-EL-9102,Los Angeles,Sydney Kingsford Smith Airport,27,air,QT-CARGO-944,N/A,18 nm from Sydney Kingsford Smith Airport,2026-05-24T12:00Z,AUSYD,LOW,0.1,CR-QTRA,L-USLAX-AUSYD,9818.0,15.6,961.0,DDP,none,economy,2026-05-21T12:00Z,3.0,,2026-05-22T16:00Z
S-702074,ORD-47201,P-CH-2230,Shanghai,Los Angeles,29,ocean,MV TROPIC SPIRIT,9902340,157 nm from Los Angeles,2026-05-25T19:12Z,USLAX,HIGH,2.6,CR-MSCU,L-CNSHA-USLAX,15284.0,45.9,1519.0,FOB,none,standard,2026-05-24T12:00Z,1.3,,2026-05-25T18:12Z
S-702075,ORD-47071,P-EL-9101,Hamburg,Genoa,14,road,XPO LO-4522,N/A,off Hamburg,2026-05-29T19:12Z,ITGOA,MEDIUM,1.2,CR-XPOT,L-DEHAM-ITGOA,24051.0,33.4,250000,DAP,none,standard,2026-05-24T12:00Z,5.3,customs_hold,2026-05-28T06:12Z
S-702076,ORD-48947,P-CH-2211,Yantian,Frankfurt am Main Airport,29,air,AF-CARGO-891,N/A,off Yantian,2026-05-23T21:36Z,DEFRA,LOW,0.1,CR-AFKA,L-CNYTN-DEFRA,7487.0,37.0,68133.0,FOB,none,premium,2026-05-24T12:00Z,-0.6,vessel_change,2026-05-23T20:36Z
S-702077,ORD-47163,P-SW-3002,Valencia,Veracruz,11,ocean,MV BALTIC EXPRESS,9698917,off Valencia,2026-06-10T04:48Z,MXVER,MEDIUM,1.3,CR-HMMU,L-ESVLC-MXVER,2538.0,33.4,4892.0,EXW,3,economy,2026-06-09T12:00Z,0.7,,2026-06-07T21:48Z
S-702078,ORD-47092,P-PW-1802,Yantian,Frankfurt am Main Airport,8,air,DH-CARGO-462,N/A,Frankfurt am Main Airport approach,2026-05-22T12:00Z,DEFRA,LOW,0.1,CR-DHLA,L-CNYTN-DEFRA,12910.0,56.4,9196.0,DDP,3,standard,2026-05-20T12:00Z,2.0,,2026-05-20T03:00Z
S-702079,ORD-49276,P-EL-9003,Rotterdam,New York/New Jersey,13,ocean,MV PACIFIC CRYSTAL,9259740,New York/New Jersey approach,2026-06-02T12:00Z,USNYC,MEDIUM,1.6,CR-CMDU,L-NLRTM-USNYC,10925.0,19.8,1331.0,EXW,none,economy,2026-05-31T12:00Z,2.0,,2026-06-02T10:00Z
S-702080,ORD-46552,P-SW-3002,Jebel Ali (Dubai),Rotterdam,4,ocean,MV TROPIC GUARDIAN,9496450,Rotterdam approach,2026-06-04T09:36Z,NLRTM,LOW,0.4,CR-PILU,L-AEDXB-NLRTM,9530.0,20.4,47754.0,EXW,3,economy,2026-06-02T12:00Z,1.9,,2026-06-02T05:36Z
S-702081,ORD-45353,P-MC-7200,Ningbo,Rotterdam,17,ocean,MV ASIAN GUARDIAN,9997611,approaching Rotterdam,2026-06-16T07:12Z,NLRTM,LOW,0.4,CR-WHLU,L-CNNGB-NLRTM,23491.0,52.0,4936.0,DDU,none,standard,2026-06-13T12:00Z,2.8,,2026-06-15T13:12Z
S-702082,ORD-45655,P-EL-9101,Busan,New York/New Jersey,23,ocean,MV ARCTIC PIONEER,9161683,in transit,2026-05-28T07:12Z,USNYC,MEDIUM,1.6,CR-ONEY,L-KRPUS-USNYC,11702.0,18.8,18695.0,EXW,none,standard,2026-05-28T12:00Z,-0.2,,2026-05-27T02:12Z
S-702083,ORD-45762,P-CH-2210,Shanghai,Hamburg,34,ocean,MV NIPPON PIONEER,9586230,off Shanghai,2026-06-22T14:24Z,DEHAM,HIGH,3.2,CR-ONEY,L-CNSHA-DEHAM,22519.0,49.5,1202.0,DDU,none,standard,2026-06-22T12:00Z,0.1,,2026-06-21T22:24Z
S-702084,ORD-44587,P-PK-4500,Shanghai,Rotterdam,5,ocean,MV NORDIC TRADER,9414407,approaching Rotterdam,2026-05-21T21:36Z,NLRTM,LOW,0.4,CR-HMMU,L-CNSHA-NLRTM,2827.0,40.5,51763.0,DDP,9,premium,2026-05-21T12:00Z,0.4,,2026-05-19T06:36Z
S-702085,ORD-46856,P-MC-7100,Mundra,Felixstowe,10,ocean,MV BALTIC BREEZE,9481263,off Mundra,2026-05-27T12:00Z,GBFXT,MEDIUM,0.9,CR-ZIMU,L-INMUN-GBFXT,10402.0,47.6,4511.0,FOB,none,standard,2026-05-29T12:00Z,-2.0,,2026-05-26T03:00Z
S-702086,ORD-47238,P-CH-2211,Hong Kong,Frankfurt am Main Airport,19,air,QT-CARGO-425,N/A,in transit,2026-05-25T21:36Z,DEFRA,LOW,0.1,CR-QTRA,L-HKHKG-DEFRA,19595.0,43.7,380.0,DDU,none,premium,2026-05-24T12:00Z,1.4,,2026-05-23T22:36Z
S-702087,ORD-45357,P-PW-1850,Nhava Sheva,Rotterdam,17,ocean,MV IBERIAN STAR,9895606,Rotterdam approach,2026-05-20T14:24Z,NLRTM,LOW,0.4,CR-ONEY,L-INNSA-NLRTM,17276.0,49.8,73032.0,CIF,none,standard,2026-05-21T12:00Z,-0.9,,2026-05-17T18:24Z
S-702088,ORD-45614,P-EL-9002,Valencia,Veracruz,27,ocean,MV ARCTIC SPIRIT,9127035,in transit,2026-05-29T00:00Z,MXVER,MEDIUM,1.3,CR-HMMU,L-ESVLC-MXVER,23872.0,0.6,77969.0,CIF,none,premium,2026-05-27T12:00Z,1.5,,2026-05-27T10:00Z
S-702089,ORD-46781,P-MC-7101,Salalah,Rotterdam,21,ocean,MV NIPPON PIONEER,9317789,in transit,2026-05-30T04:48Z,NLRTM,LOW,0.4,CR-ONEY,L-OMSLL-NLRTM,13066.0,8.4,1290.0,DDP,none,standard,2026-05-29T12:00Z,0.7,vessel_change,2026-05-29T05:48Z
S-702090,ORD-49971,P-EL-9002,Yantian,Los Angeles,2,ocean,MV BALTIC TRADER,9382618,135 nm from Los Angeles,2026-05-27T19:12Z,USLAX,HIGH,2.6,CR-MSCU,L-CNYTN-USLAX,21245.0,22.3,2231.0,DAP,9,economy,2026-05-26T12:00Z,1.3,,2026-05-27T18:12Z
S-702091,ORD-46998,P-MC-7101,Hong Kong,Oakland,13,ocean,MV PACIFIC GUARDIAN,9543997,off Hong Kong,2026-05-20T14:24Z,USOAK,MEDIUM,1.4,CR-WHLU,L-HKHKG-USOAK,22347.0,27.0,162.0,EXW,3,standard,2026-05-21T12:00Z,-0.9,customs_hold,2026-05-18T02:24Z
S-702092,ORD-48043,P-EL-9001,Valencia,Veracruz,4,ocean,MV IBERIAN PIONEER,9691776,off Valencia,2026-05-22T21:36Z,MXVER,MEDIUM,1.3,CR-CMDU,L-ESVLC-MXVER,1376.0,48.9,33336.0,CIF,none,premium,2026-05-21T12:00Z,1.4,,2026-05-22T00:36Z
S-702093,ORD-46888,P-PK-4501,Salalah,Rotterdam,26,ocean,MV NORDIC CRYSTAL,9551279,131 nm from Rotterdam,2026-05-22T09:36Z,NLRTM,LOW,0.4,CR-MAEU,L-OMSLL-NLRTM,24434.0,45.9,2554.0,CIF,8,standard,2026-05-20T12:00Z,1.9,,2026-05-19T15:36Z
S-702094,ORD-47879,P-SN-5001,Shanghai,Los Angeles,9,ocean,MV NIPPON PIONEER,9360176,off Shanghai,2026-06-07T02:24Z,USLAX,HIGH,2.6,CR-MSCU,L-CNSHA-USLAX,16829.0,3.0,10338.0,DDU,3,premium,2026-06-06T12:00Z,0.6,,2026-06-05T01:24Z
S-702095,ORD-47216,P-MC-7200,Shanghai,Rotterdam,7,ocean,MV ARCTIC BREEZE,9992177,in transit,2026-05-26T09:36Z,NLRTM,LOW,0.4,CR-ONEY,L-CNSHA-NLRTM,1739.0,29.2,976.0,EXW,8,economy,2026-05-25T12:00Z,0.9,,2026-05-23T18:36Z
S-702096,ORD-45602,P-SN-5001,Singapore,Rotterdam,22,ocean,MV ARCTIC SPIRIT,9170507,approaching Rotterdam,2026-05-21T16:48Z,NLRTM,LOW,0.4,CR-EGLV,L-SGSIN-NLRTM,5290.0,59.4,806.0,DAP,none,premium,2026-05-21T12:00Z,0.2,,2026-05-20T07:48Z
S-702097,ORD-44722,P-PW-1802,Hong Kong,Oakland,19,ocean,MV PACIFIC GUARDIAN,9918269,Oakland approach,2026-05-25T02:24Z,USOAK,MEDIUM,1.4,CR-CMDU,L-HKHKG-USOAK,9303.0,12.1,8628.0,DDU,none,standard,2026-05-23T12:00Z,1.6,customs_hold,2026-05-24T22:24Z
S-702098,ORD-46028,P-CH-2230,Qingdao,Le Havre,11,ocean,MV BALTIC CRYSTAL,9244752,approaching Le Havre,2026-06-25T16:48Z,FRLEH,MEDIUM,1.0,CR-KNES,L-CNQIN-FRLEH,24424.0,32.5,6576.0,CIF,none,premium,2026-06-25T12:00Z,0.2,,2026-06-23T01:48Z
S-702099,ORD-46268,P-SW-3001,Rotterdam,Santos,16,ocean,MV IBERIAN BREEZE,9518629,off Rotterdam,2026-06-09T12:00Z,BRSSZ,MEDIUM,1.7,CR-KNES,L-NLRTM-BRSSZ,1155.0,23.6,594.0,DAP,none,standard,2026-06-08T12:00Z,1.0,,2026-06-09T08:00Z
S-702100,ORD-49730,P-SN-5001,Shanghai,Rotterdam,7,ocean,MV ATLANTIC TRADER,9913981,Rotterdam approach,2026-06-26T00:00Z,NLRTM,LOW,0.4,CR-ZIMU,L-CNSHA-NLRTM,21490.0,52.5,5917.0,DAP,none,economy,2026-06-22T12:00Z,3.5,,2026-06-25T06:00Z
S-702101,ORD-46895,P-MC-7101,Shanghai,New York/New Jersey,14,ocean,MV ARCTIC GUARDIAN,9412430,162 nm from New York/New Jersey,2026-05-30T12:00Z,USNYC,MEDIUM,1.6,CR-HLCU,L-CNSHA-USNYC,3967.0,46.3,7344.0,EXW,9,economy,2026-05-30T12:00Z,-0.0,,2026-05-27T17:00Z
S-702102,ORD-45149,P-EL-9003,Yokohama,Los Angeles,33,ocean,MV NORDIC BREEZE,9683269,Los Angeles approach,2026-05-23T12:00Z,USLAX,HIGH,2.6,CR-PILU,L-JPYOK-USLAX,3432.0,12.4,62795.0,DDU,none,standard,2026-05-20T12:00Z,3.0,,2026-05-22T14:00Z
S-702103,ORD-46336,P-PW-1802,Los Angeles,Sydney Kingsford Smith Airport,30,air,DH-CARGO-849,N/A,in transit,2026-05-19T21:36Z,AUSYD,LOW,0.1,CR-DHLA,L-USLAX-AUSYD,12609.0,7.6,10374.0,CIF,3,standard,2026-05-20T12:00Z,-0.6,,2026-05-17T22:36Z
S-702104,ORD-46521,P-CH-2210,Chicago O'Hare Airport,Hong Kong,4,air,DH-CARGO-349,N/A,approaching Hong Kong,2026-05-23T07:12Z,HKHKG,LOW,0.8,CR-DHLA,L-USORD-HKHKG,9054.0,11.9,7632.0,DAP,none,standard,2026-05-21T12:00Z,1.8,customs_hold,2026-05-21T13:12Z
S-702105,ORD-44198,P-SW-3002,Busan,New York/New Jersey,30,ocean,MV ATLANTIC PIONEER,9118877,off Busan,2026-06-03T00:00Z,USNYC,MEDIUM,1.6,CR-ZIMU,L-KRPUS-USNYC,24745.0,27.7,1060.0,EXW,8,standard,2026-06-01T12:00Z,1.5,vessel_change,2026-06-01T08:00Z
S-702106,ORD-48979,P-CH-2210,Hamburg,Santos,33,ocean,MV PACIFIC EXPRESS,9458792,approaching Santos,2026-06-05T12:00Z,BRSSZ,MEDIUM,1.7,CR-HMMU,L-DEHAM-BRSSZ,21997.0,4.9,6710.0,EXW,none,standard,2026-06-03T12:00Z,2.0,,2026-06-02T23:00Z
S-702107,ORD-49341,P-EL-9101,Busan,Los Angeles,13,ocean,MV NORDIC CRYSTAL,9908997,off Busan,2026-05-21T21:36Z,USLAX,HIGH,2.6,CR-COSU,L-KRPUS-USLAX,9727.0,33.1,1065.0,CIF,none,premium,2026-05-20T12:00Z,1.4,vessel_change,2026-05-19T13:36Z
S-702108,ORD-49723,P-SW-3001,Shanghai,Düsseldorf Rail Terminal,4,rail,DB SCH-6999,N/A,in transit,2026-06-05T00:00Z,DEDUS,LOW,0.2,CR-DBSC,L-CNSHA-DEDUS,20986.0,44.8,8515.0,DAP,8,standard,2026-06-05T12:00Z,-0.5,customs_hold,2026-06-04T07:00Z
S-702109,ORD-46648,P-MC-7101,Mundra,Felixstowe,24,ocean,MV PACIFIC TRADER,9605910,approaching Felixstowe,2026-05-30T16:48Z,GBFXT,MEDIUM,0.9,CR-MSCU,L-INMUN-GBFXT,13745.0,38.6,3345.0,FOB,none,standard,2026-05-26T12:00Z,4.2,damage,2026-05-28T02:48Z
S-702110,ORD-48811,P-CH-2211,Mundra,Felixstowe,7,ocean,MV ARCTIC CRYSTAL,9878914,off Mundra,2026-05-19T04:48Z,GBFXT,MEDIUM,0.9,CR-WHLU,L-INMUN-GBFXT,7893.0,5.4,47621.0,DDU,none,standard,2026-05-20T12:00Z,-1.3,,2026-05-19T02:48Z
S-702111,ORD-46566,P-SN-5001,Yantian,Hamburg,22,ocean,MV BALTIC STAR,9748250,in transit,2026-06-26T07:12Z,DEHAM,HIGH,3.2,CR-COSU,L-CNYTN-DEHAM,17751.0,27.9,1274.0,CIF,none,economy,2026-06-24T12:00Z,1.8,,2026-06-25T11:12Z
S-702112,ORD-48151,P-MC-7200,Shanghai,Hamburg,14,ocean,MV ATLANTIC GLORY,9157056,Hamburg approach,2026-06-13T14:24Z,DEHAM,HIGH,3.2,CR-MSCU,L-CNSHA-DEHAM,12636.0,4.3,29419.0,CIF,none,economy,2026-06-14T12:00Z,-0.9,,2026-06-13T00:24Z
S-702113,ORD-45565,P-EL-9101,Yantian,Callao (Lima),13,ocean,MV TROPIC SPIRIT,9684718,in transit,2026-05-29T04:48Z,PEMRI,LOW,0.9,CR-KNES,L-CNYTN-PEMRI,12127.0,55.0,8915.0,DAP,none,premium,2026-05-27T12:00Z,1.7,,2026-05-28T21:48Z
S-702114,ORD-49978,P-SN-5001,Qingdao,Le Havre,24,ocean,MV ASIAN EXPRESS,9668319,off Qingdao,2026-06-12T00:00Z,FRLEH,MEDIUM,1.0,CR-COSU,L-CNQIN-FRLEH,18699.0,13.2,471.0,EXW,none,economy,2026-06-11T12:00Z,0.5,,2026-06-09T07:00Z
S-702115,ORD-45296,P-EL-9002,Yantian,Hamburg,2,ocean,MV ARCTIC SPIRIT,9137884,approaching Hamburg,2026-06-22T12:00Z,DEHAM,HIGH,3.2,CR-CMDU,L-CNYTN-DEHAM,16628.0,30.3,1814.0,DDU,none,standard,2026-06-21T12:00Z,1.0,damage,2026-06-20T08:00Z
S-702116,ORD-47328,P-EL-9003,Genoa,Charleston,1,ocean,MV PACIFIC CRYSTAL,9815445,approaching Charleston,2026-05-23T00:00Z,USCHS,LOW,0.7,CR-HLCU,L-ITGOA-USCHS,18801.0,51.4,327.0,CIF,9,standard,2026-05-23T12:00Z,-0.5,port_congestion,2026-05-20T22:00Z
S-702117,ORD-46067,P-EL-9003,Singapore,Rotterdam,11,ocean,MV ASIAN VICTORY,9132622,19 nm from Rotterdam,2026-06-18T07:12Z,NLRTM,LOW,0.4,CR-HLCU,L-SGSIN-NLRTM,1672.0,16.2,316.0,FOB,9,premium,2026-06-18T12:00Z,-0.2,,2026-06-16T20:12Z
S-702118,ORD-46552,P-PK-4500,Antwerp,New York/New Jersey,33,ocean,MV ATLANTIC STAR,9370957,approaching New York/New Jersey,2026-06-03T16:48Z,USNYC,MEDIUM,1.6,CR-MAEU,L-BEANR-USNYC,19242.0,17.7,1022.0,DAP,none,premium,2026-06-02T12:00Z,1.2,,2026-05-31T23:48Z
S-702119,ORD-47707,P-PW-1801,Hamburg,Durban,36,ocean,MV TROPIC GLORY,9980820,in transit,2026-05-27T19:12Z,ZADUR,MEDIUM,1.5,CR-HLCU,L-DEHAM-ZADUR,19688.0,55.8,1768.0,DDU,none,economy,2026-05-28T12:00Z,-0.7,,2026-05-26T20:12Z
S-702120,ORD-44839,P-EL-9001,Los Angeles,Sydney Kingsford Smith Airport,36,air,LH-CARGO-130,N/A,in transit,2026-05-23T07:12Z,AUSYD,LOW,0.1,CR-LHCA,L-USLAX-AUSYD,22718.0,31.7,892.0,DDU,none,standard,2026-05-20T12:00Z,2.8,damage,2026-05-20T10:12Z
S-702121,ORD-45119,P-MC-7200,Hong Kong,Oakland,13,ocean,MV NIPPON TRADER,9202898,off Hong Kong,2026-05-21T04:48Z,USOAK,MEDIUM,1.4,CR-HMMU,L-HKHKG-USOAK,424.0,5.6,1531.0,DAP,9,standard,2026-05-21T12:00Z,-0.3,,2026-05-20T08:48Z
S-702122,ORD-45488,P-EL-9003,Tianjin,Hamburg,24,ocean,MV NORDIC EXPRESS,9801310,Hamburg approach,2026-06-20T19:12Z,DEHAM,HIGH,3.2,CR-COSU,L-CNTAO-DEHAM,9827.0,47.7,9360.0,DAP,none,premium,2026-06-21T12:00Z,-0.7,,2026-06-19T01:12Z
S-702123,ORD-49293,P-PW-1802,Yantian,Hamburg,23,ocean,MV ARCTIC TRADER,9216329,approaching Hamburg,2026-06-12T04:48Z,DEHAM,HIGH,3.2,CR-ONEY,L-CNYTN-DEHAM,3046.0,5.8,1626.0,FOB,8,premium,2026-06-12T12:00Z,-0.3,,2026-06-10T16:48Z
S-702124,ORD-46942,P-EL-9101,Hong Kong,Frankfurt am Main Airport,25,air,UP-CARGO-483,N/A,approaching Frankfurt am Main Airport,2026-05-23T14:24Z,DEFRA,LOW,0.1,CR-UPSA,L-HKHKG-DEFRA,11235.0,18.9,52406.0,DDP,3,premium,2026-05-22T12:00Z,1.1,,2026-05-21T11:24Z
S-702125,ORD-45137,P-EL-9002,Hong Kong,Rotterdam,33,ocean,MV TROPIC SPIRIT,9784124,119 nm from Rotterdam,2026-06-04T09:36Z,NLRTM,LOW,0.4,CR-HMMU,L-HKHKG-NLRTM,1302.0,47.4,5857.0,DAP,none,standard,2026-06-03T12:00Z,0.9,,2026-06-02T08:36Z
S-702126,ORD-49127,P-PW-1801,Hamburg,Durban,30,ocean,MV ATLANTIC GLORY,9911436,98 nm from Durban,2026-06-02T00:00Z,ZADUR,MEDIUM,1.5,CR-EGLV,L-DEHAM-ZADUR,14026.0,33.0,950.0,CIF,none,standard,2026-05-31T12:00Z,1.5,delayed,2026-05-30T02:00Z
S-702127,ORD-45351,P-MC-7200,Chicago O'Hare Airport,Hong Kong,1,air,DH-CARGO-697,N/A,off Chicago O'Hare Airport,2026-05-26T00:00Z,HKHKG,LOW,0.8,CR-DHLA,L-USORD-HKHKG,22299.0,6.1,1749.0,FOB,none,premium,2026-05-21T12:00Z,4.5,customs_hold,2026-05-24T16:00Z
S-702128,ORD-47354,P-CH-2230,Shanghai,Hamburg,21,ocean,MV NIPPON GLORY,9276374,in transit,2026-06-06T12:00Z,DEHAM,HIGH,3.2,CR-HMMU,L-CNSHA-DEHAM,20755.0,56.7,15346.0,CIF,none,economy,2026-06-07T12:00Z,-1.0,,2026-06-04T04:00Z
S-702129,ORD-49893,P-SW-3001,Hamburg,Santos,4,ocean,MV BALTIC GLORY,9494772,off Hamburg,2026-06-11T00:00Z,BRSSZ,MEDIUM,1.7,CR-YMLU,L-DEHAM-BRSSZ,16704.0,48.0,9652.0,DDU,none,premium,2026-06-11T12:00Z,-0.5,,2026-06-08T20:00Z
S-702130,ORD-47938,P-EL-9101,Hamburg,Santos,33,ocean,MV CALEDONIAN EXPRESS,9139331,7 nm from Santos,2026-05-24T04:48Z,BRSSZ,MEDIUM,1.7,CR-CMDU,L-DEHAM-BRSSZ,21013.0,43.8,5956.0,DDU,9,premium,2026-05-22T12:00Z,1.7,port_congestion,2026-05-22T10:48Z
S-702131,ORD-45433,P-EL-9001,New York/New Jersey,London Heathrow Airport,9,air,DH-CARGO-827,N/A,127 nm from London Heathrow Airport,2026-05-22T07:12Z,LHRGB,LOW,0.1,CR-DHLA,L-USNYC-LHRGB,15553.0,29.7,21130.0,FOB,none,economy,2026-05-21T12:00Z,0.8,,2026-05-19T13:12Z
S-702132,ORD-47069,P-CH-2211,Genoa,Charleston,28,ocean,MV ASIAN GLORY,9797503,off Genoa,2026-05-22T09:36Z,USCHS,LOW,0.7,CR-DSVS,L-ITGOA-USCHS,4027.0,5.5,8724.0,EXW,8,standard,2026-05-20T12:00Z,1.9,,2026-05-20T13:36Z
S-702133,ORD-46095,P-CH-2230,Yantian,Callao (Lima),8,ocean,MV CALEDONIAN BREEZE,9909743,in transit,2026-05-27T16:48Z,PEMRI,LOW,0.9,CR-ZIMU,L-CNYTN-PEMRI,7193.0,2.2,258.0,DDU,none,premium,2026-05-26T12:00Z,1.2,port_congestion,2026-05-25T01:48Z
S-702134,ORD-47347,P-EL-9001,Shanghai,Düsseldorf Rail Terminal,17,rail,DB SCH-7550,N/A,in transit,2026-05-26T16:48Z,DEDUS,LOW,0.2,CR-DBSC,L-CNSHA-DEDUS,743.0,44.3,7711.0,DDU,none,economy,2026-05-24T12:00Z,2.2,,2026-05-24T18:48Z
S-702135,ORD-47628,P-EL-9101,Busan,New York/New Jersey,26,ocean,MV IBERIAN VICTORY,9826593,in transit,2026-06-16T00:00Z,USNYC,MEDIUM,1.6,CR-HLCU,L-KRPUS-USNYC,3443.0,18.9,4630.0,FOB,none,premium,2026-06-16T12:00Z,-0.5,,2026-06-13T22:00Z
S-702136,ORD-45563,P-EL-9002,Hong Kong,Frankfurt am Main Airport,11,air,FD-CARGO-770,N/A,Frankfurt am Main Airport approach,2026-05-23T07:12Z,DEFRA,LOW,0.1,CR-FDXA,L-HKHKG-DEFRA,16302.0,35.1,586.0,FOB,none,standard,2026-05-24T12:00Z,-1.2,,2026-05-22T04:12Z
S-702137,ORD-47708,P-PW-1850,Hong Kong,Frankfurt am Main Airport,31,air,UP-CARGO-225,N/A,approaching Frankfurt am Main Airport,2026-05-21T07:12Z,DEFRA,LOW,0.1,CR-UPSA,L-HKHKG-DEFRA,21961.0,55.2,334.0,DDU,none,standard,2026-05-22T12:00Z,-1.2,,2026-05-18T11:12Z
S-702138,ORD-47203,P-MC-7200,New York/New Jersey,London Heathrow Airport,9,air,QT-CARGO-436,N/A,approaching London Heathrow Airport,2026-05-20T02:24Z,LHRGB,LOW,0.1,CR-QTRA,L-USNYC-LHRGB,15964.0,52.5,722.0,DDU,none,premium,2026-05-20T12:00Z,-0.4,,2026-05-17T21:24Z
S-702139,ORD-48984,P-EL-9001,Qingdao,Le Havre,16,ocean,MV IBERIAN PIONEER,9472742,off Qingdao,2026-05-28T02:24Z,FRLEH,MEDIUM,1.0,CR-WHLU,L-CNQIN-FRLEH,8266.0,6.3,44840.0,DDU,none,economy,2026-05-25T12:00Z,2.6,,2026-05-26T02:24Z
S-702140,ORD-46633,P-SW-3002,Singapore,Frankfurt am Main Airport,22,air,EK-CARGO-398,N/A,Frankfurt am Main Airport approach,2026-05-22T04:48Z,DEFRA,LOW,0.1,CR-EKCA,L-SGSIN-DEFRA,11918.0,42.4,2606.0,DAP,none,standard,2026-05-21T12:00Z,0.7,,2026-05-20T15:48Z
S-702141,ORD-45302,P-MC-7102,Tokyo,Vancouver,20,ocean,MV ARCTIC GLORY,9190953,approaching Vancouver,2026-05-30T16:48Z,CASOG,LOW,0.6,CR-KNES,L-JPTYO-CASOG,17148.0,6.1,909.0,FOB,none,standard,2026-05-27T12:00Z,3.2,,2026-05-29T16:48Z
S-702142,ORD-46266,P-MC-7100,Yantian,Los Angeles,27,ocean,MV NIPPON BREEZE,9295153,in transit,2026-06-02T16:48Z,USLAX,HIGH,2.6,CR-MAEU,L-CNYTN-USLAX,1605.0,13.3,14030.0,FOB,none,premium,2026-06-03T12:00Z,-0.8,,2026-05-31T08:48Z
S-702143,ORD-49691,P-SN-5001,Hamburg,Genoa,3,road,DACHSE-9918,N/A,off Hamburg,2026-05-31T14:24Z,ITGOA,MEDIUM,1.2,CR-DACH,L-DEHAM-ITGOA,14043.0,18.1,7030.0,DDP,9,standard,2026-05-25T12:00Z,6.1,delayed,2026-05-28T21:24Z
S-702144,ORD-49165,P-CH-2230,Jebel Ali (Dubai),Rotterdam,6,ocean,MV NORDIC GUARDIAN,9990956,111 nm from Rotterdam,2026-05-29T00:00Z,NLRTM,LOW,0.4,CR-CMDU,L-AEDXB-NLRTM,14256.0,41.4,16981.0,DDU,none,standard,2026-05-27T12:00Z,1.5,,2026-05-27T21:00Z
S-702145,ORD-49619,P-EL-9001,Tokyo,Vancouver,6,ocean,MV NIPPON CRYSTAL,9612489,65 nm from Vancouver,2026-06-04T07:12Z,CASOG,LOW,0.6,CR-MAEU,L-JPTYO-CASOG,23238.0,16.9,1279.0,DDU,none,economy,2026-06-02T12:00Z,1.8,,2026-06-03T05:12Z
S-702146,ORD-48237,P-MC-7101,Rotterdam,New York/New Jersey,26,ocean,MV CALEDONIAN GUARDIAN,9218434,168 nm from New York/New Jersey,2026-05-19T16:48Z,USNYC,MEDIUM,1.6,CR-CMDU,L-NLRTM-USNYC,4531.0,15.6,1087.0,FOB,8,economy,2026-05-21T12:00Z,-1.8,,2026-05-18T17:48Z
S-702147,ORD-44180,P-SW-3002,Tianjin,Łódź Rail Terminal,35,rail,DB SCH-5296,N/A,Łódź Rail Terminal approach,2026-06-01T21:36Z,PLLDZ,LOW,0.2,CR-DBSC,L-CNTAO-PLLDZ,1727.0,25.2,3163.0,DDU,9,premium,2026-05-29T12:00Z,3.4,,2026-05-30T12:36Z
S-702148,ORD-47708,P-EL-9003,Mundra,Felixstowe,13,ocean,MV NIPPON TRADER,9974443,Felixstowe approach,2026-05-24T00:00Z,GBFXT,MEDIUM,0.9,CR-MSCU,L-INMUN-GBFXT,2367.0,39.2,324.0,FOB,none,standard,2026-05-20T12:00Z,3.5,,2026-05-21T22:00Z
S-702149,ORD-48895,P-PW-1802,Valencia,Veracruz,2,ocean,MV ARCTIC TRADER,9362332,55 nm from Veracruz,2026-05-24T00:00Z,MXVER,MEDIUM,1.3,CR-COSU,L-ESVLC-MXVER,10429.0,56.0,385.0,DDU,3,standard,2026-05-22T12:00Z,1.5,,2026-05-23T19:00Z
S-702150,ORD-45561,P-CH-2210,Antwerp,New York/New Jersey,5,ocean,MV NORDIC TRADER,9463880,in transit,2026-06-04T02:24Z,USNYC,MEDIUM,1.6,CR-ONEY,L-BEANR-USNYC,2439.0,0.4,44832.0,EXW,none,economy,2026-06-02T12:00Z,1.6,,2026-06-01T15:24Z
S-702151,ORD-48325,P-PK-4501,Hamburg,Santos,24,ocean,MV CALEDONIAN CRYSTAL,9521633,off Hamburg,2026-06-09T21:36Z,BRSSZ,MEDIUM,1.7,CR-CMDU,L-DEHAM-BRSSZ,10828.0,24.5,397.0,FOB,none,economy,2026-06-08T12:00Z,1.4,,2026-06-08T00:36Z
S-702152,ORD-49370,P-MC-7101,Singapore,Frankfurt am Main Airport,14,air,UP-CARGO-265,N/A,off Singapore,2026-05-20T02:24Z,DEFRA,LOW,0.1,CR-UPSA,L-SGSIN-DEFRA,22865.0,1.3,20085.0,CIF,none,standard,2026-05-20T12:00Z,-0.4,,2026-05-17T03:24Z
S-702153,ORD-47301,P-PW-1850,Valencia,Veracruz,3,ocean,MV ATLANTIC TRADER,9319459,approaching Veracruz,2026-05-26T02:24Z,MXVER,MEDIUM,1.3,CR-MAEU,L-ESVLC-MXVER,3182.0,54.2,2644.0,CIF,3,economy,2026-05-25T12:00Z,0.6,,2026-05-25T00:24Z
S-702154,ORD-48719,P-MC-7101,Yantian,Hamburg,9,ocean,MV IBERIAN BREEZE,9202600,Hamburg approach,2026-06-24T09:36Z,DEHAM,HIGH,3.2,CR-ZIMU,L-CNYTN-DEHAM,22722.0,49.4,670.0,DAP,none,premium,2026-06-24T12:00Z,-0.1,,2026-06-24T06:36Z
S-702155,ORD-44079,P-MC-7102,Shanghai,New York/New Jersey,26,ocean,MV TROPIC STAR,9299420,approaching New York/New Jersey,2026-06-13T02:24Z,USNYC,MEDIUM,1.6,CR-YMLU,L-CNSHA-USNYC,3713.0,45.2,2535.0,DDU,none,standard,2026-06-13T12:00Z,-0.4,,2026-06-12T09:24Z
S-702156,ORD-45497,P-EL-9002,Hong Kong,Rotterdam,2,ocean,MV NORDIC SPIRIT,9220720,Rotterdam approach,2026-06-13T04:48Z,NLRTM,LOW,0.4,CR-ONEY,L-HKHKG-NLRTM,23249.0,47.7,25021.0,DDP,9,premium,2026-06-11T12:00Z,1.7,,2026-06-10T13:48Z
S-702157,ORD-44171,P-EL-9101,Hamburg,Santos,2,ocean,MV NORDIC TRADER,9957138,approaching Santos,2026-05-27T19:12Z,BRSSZ,MEDIUM,1.7,CR-WHLU,L-DEHAM-BRSSZ,16435.0,40.5,59543.0,EXW,none,premium,2026-05-27T12:00Z,0.3,,2026-05-27T05:12Z
S-702158,ORD-44590,P-CH-2211,New York/New Jersey,London Heathrow Airport,2,air,LH-CARGO-551,N/A,approaching London Heathrow Airport,2026-05-23T16:48Z,LHRGB,LOW,0.1,CR-LHCA,L-USNYC-LHRGB,19643.0,34.8,1112.0,DDU,none,standard,2026-05-23T12:00Z,0.2,,2026-05-21T12:48Z
S-702159,ORD-47043,P-SN-5001,Ningbo,Rotterdam,30,ocean,MV CALEDONIAN VICTORY,9116735,off Ningbo,2026-06-09T09:36Z,NLRTM,LOW,0.4,CR-COSU,L-CNNGB-NLRTM,24051.0,50.6,8867.0,DDP,none,premium,2026-06-09T12:00Z,-0.1,,2026-06-08T01:36Z
S-702160,ORD-45172,P-PW-1802,Valencia,Veracruz,1,ocean,MV ASIAN PIONEER,9831373,Veracruz approach,2026-05-27T04:48Z,MXVER,MEDIUM,1.3,CR-ZIMU,L-ESVLC-MXVER,15472.0,55.1,461.0,EXW,none,premium,2026-05-26T12:00Z,0.7,,2026-05-24T16:48Z
S-702161,ORD-47112,P-CH-2230,Salalah,Rotterdam,30,ocean,MV ATLANTIC VICTORY,9969007,approaching Rotterdam,2026-06-02T16:48Z,NLRTM,LOW,0.4,CR-MSCU,L-OMSLL-NLRTM,17802.0,15.4,73479.0,DDP,none,standard,2026-06-03T12:00Z,-0.8,vessel_change,2026-06-01T23:48Z
S-702162,ORD-47200,P-PK-4500,Ningbo,Rotterdam,23,ocean,MV NORDIC GLORY,9896021,off Ningbo,2026-06-09T00:00Z,NLRTM,LOW,0.4,CR-WHLU,L-CNNGB-NLRTM,16315.0,4.9,182514.0,EXW,none,standard,2026-06-08T12:00Z,0.5,,2026-06-06T00:00Z
S-702163,ORD-46757,P-CH-2211,Yantian,Frankfurt am Main Airport,25,air,AF-CARGO-356,N/A,off Yantian,2026-05-23T19:12Z,DEFRA,LOW,0.1,CR-AFKA,L-CNYTN-DEFRA,17298.0,28.3,5481.0,DDP,none,premium,2026-05-21T12:00Z,2.3,,2026-05-22T14:12Z
S-702164,ORD-48291,P-PK-4501,Los Angeles,Sydney Kingsford Smith Airport,7,air,EK-CARGO-865,N/A,Sydney Kingsford Smith Airport approach,2026-05-21T09:36Z,AUSYD,LOW,0.1,CR-EKCA,L-USLAX-AUSYD,16307.0,24.6,2235.0,EXW,3,premium,2026-05-21T12:00Z,-0.1,,2026-05-19T01:36Z
S-702165,ORD-48171,P-SN-5001,Shanghai,Rotterdam,36,ocean,MV BALTIC GLORY,9848873,161 nm from Rotterdam,2026-06-17T04:48Z,NLRTM,LOW,0.4,CR-PILU,L-CNSHA-NLRTM,2499.0,6.2,2750.0,EXW,none,premium,2026-06-15T12:00Z,1.7,,2026-06-15T04:48Z
S-702166,ORD-46564,P-SW-3002,Genoa,Charleston,28,ocean,MV NIPPON PIONEER,9958937,in transit,2026-05-22T14:24Z,USCHS,LOW,0.7,CR-ZIMU,L-ITGOA-USCHS,22362.0,26.9,149.0,EXW,none,standard,2026-05-21T12:00Z,1.1,,2026-05-21T17:24Z
S-702167,ORD-46026,P-MC-7102,Yokohama,Los Angeles,5,ocean,MV IBERIAN VICTORY,9268132,Los Angeles approach,2026-05-22T12:00Z,USLAX,HIGH,2.6,CR-MSCU,L-JPYOK-USLAX,4769.0,45.9,238.0,DDP,none,premium,2026-05-24T12:00Z,-2.0,,2026-05-20T16:00Z
S-702168,ORD-45418,P-EL-9001,Qingdao,Le Havre,25,ocean,MV PACIFIC SPIRIT,9404596,Le Havre approach,2026-06-12T21:36Z,FRLEH,MEDIUM,1.0,CR-MSCU,L-CNQIN-FRLEH,7407.0,18.1,2609.0,DDU,none,economy,2026-06-10T12:00Z,2.4,delayed,2026-06-12T09:36Z
S-702169,ORD-48584,P-CH-2211,Mundra,Felixstowe,19,ocean,MV PACIFIC EXPRESS,9503250,in transit,2026-06-02T00:00Z,GBFXT,MEDIUM,0.9,CR-HMMU,L-INMUN-GBFXT,17423.0,50.6,62111.0,CIF,none,standard,2026-05-25T12:00Z,7.5,customs_hold,2026-05-30T15:00Z
S-702170,ORD-45766,P-MC-7101,Singapore,Felixstowe,27,ocean,MV ASIAN GUARDIAN,9829611,Felixstowe approach,2026-06-03T00:00Z,GBFXT,MEDIUM,0.9,CR-MSCU,L-SGSIN-GBFXT,5846.0,30.2,5117.0,DDP,8,standard,2026-06-02T12:00Z,0.5,,2026-05-31T06:00Z
S-702171,ORD-48681,P-SW-3002,Jebel Ali (Dubai),Rotterdam,4,ocean,MV ASIAN GUARDIAN,9721083,in transit,2026-05-24T16:48Z,NLRTM,LOW,0.4,CR-MSCU,L-AEDXB-NLRTM,18681.0,54.4,2129.0,CIF,none,standard,2026-05-23T12:00Z,1.2,,2026-05-23T18:48Z
S-702172,ORD-44853,P-PK-4500,Tokyo,Vancouver,16,ocean,MV TROPIC GUARDIAN,9592309,off Tokyo,2026-05-28T00:00Z,CASOG,LOW,0.6,CR-MSCU,L-JPTYO-CASOG,3728.0,3.6,5407.0,FOB,none,standard,2026-05-27T12:00Z,0.5,,2026-05-25T10:00Z
S-702173,ORD-48018,P-CH-2210,Shanghai,New York/New Jersey,3,ocean,MV NORDIC SPIRIT,9644630,200 nm from New York/New Jersey,2026-06-08T12:00Z,USNYC,MEDIUM,1.6,CR-YMLU,L-CNSHA-USNYC,19873.0,16.5,1408.0,DDP,8,standard,2026-06-06T12:00Z,2.0,,2026-06-08T05:00Z
S-702174,ORD-44566,P-MC-7200,Valencia,Veracruz,8,ocean,MV PACIFIC BREEZE,9444295,in transit,2026-06-01T07:12Z,MXVER,MEDIUM,1.3,CR-HMMU,L-ESVLC-MXVER,1417.0,39.4,50780.0,EXW,none,standard,2026-05-30T12:00Z,1.8,,2026-05-29T22:12Z
S-702175,ORD-45388,P-EL-9102,Hong Kong,Frankfurt am Main Airport,34,air,EK-CARGO-875,N/A,off Hong Kong,2026-05-24T04:48Z,DEFRA,LOW,0.1,CR-EKCA,L-HKHKG-DEFRA,6075.0,47.5,1717.0,FOB,none,standard,2026-05-22T12:00Z,1.7,,2026-05-22T11:48Z
S-702176,ORD-46588,P-PK-4500,Frankfurt am Main Airport,Shanghai,4,air,FD-CARGO-441,N/A,Shanghai approach,2026-05-19T21:36Z,CNSHA,MEDIUM,1.3,CR-FDXA,L-DEFRA-CNSHA,4948.0,41.6,1717.0,DAP,none,standard,2026-05-21T12:00Z,-1.6,,2026-05-17T01:36Z
S-702177,ORD-44389,P-SW-3002,Tianjin,Hamburg,36,ocean,MV CALEDONIAN SPIRIT,9271855,off Tianjin,2026-05-21T19:12Z,DEHAM,HIGH,3.2,CR-MSCU,L-CNTAO-DEHAM,9193.0,11.3,4683.0,FOB,none,standard,2026-05-20T12:00Z,1.3,,2026-05-20T10:12Z
S-702178,ORD-44837,P-EL-9101,New York/New Jersey,London Heathrow Airport,33,air,EK-CARGO-591,N/A,135 nm from London Heathrow Airport,2026-05-23T16:48Z,LHRGB,LOW,0.1,CR-EKCA,L-USNYC-LHRGB,15849.0,9.3,1527.0,DDP,none,premium,2026-05-23T12:00Z,0.2,vessel_change,2026-05-22T08:48Z
S-702179,ORD-47469,P-CH-2211,Shanghai,New York/New Jersey,18,ocean,MV TROPIC VICTORY,9410018,193 nm from New York/New Jersey,2026-05-26T00:00Z,USNYC,MEDIUM,1.6,CR-ZIMU,L-CNSHA-USNYC,4398.0,50.3,4625.0,DAP,none,economy,2026-05-27T12:00Z,-1.5,,2026-05-25T00:00Z
S-702180,ORD-44636,P-EL-9101,Busan,Los Angeles,16,ocean,MV ATLANTIC SPIRIT,9703779,off Busan,2026-06-07T02:24Z,USLAX,HIGH,2.6,CR-PILU,L-KRPUS-USLAX,297.0,44.4,2549.0,CIF,none,standard,2026-06-08T12:00Z,-1.4,,2026-06-05T15:24Z
S-702181,ORD-49907,P-EL-9003,Hong Kong,Rotterdam,3,ocean,MV ASIAN TRADER,9620403,68 nm from Rotterdam,2026-06-10T14:24Z,NLRTM,LOW,0.4,CR-CMDU,L-HKHKG-NLRTM,14136.0,13.4,8478.0,EXW,none,economy,2026-06-10T12:00Z,0.1,,2026-06-10T02:24Z
S-702182,ORD-45272,P-PW-1801,Shanghai,Hamburg,16,ocean,MV NORDIC BREEZE,9252193,64 nm from Hamburg,2026-05-27T21:36Z,DEHAM,HIGH,3.2,CR-COSU,L-CNSHA-DEHAM,6666.0,22.6,98.0,CIF,none,premium,2026-05-26T12:00Z,1.4,,2026-05-25T02:36Z
S-702183,ORD-47740,P-CH-2210,Yantian,Frankfurt am Main Airport,19,air,AF-CARGO-639,N/A,in transit,2026-05-25T09:36Z,DEFRA,LOW,0.1,CR-AFKA,L-CNYTN-DEFRA,17726.0,10.3,2020.0,DAP,3,standard,2026-05-23T12:00Z,1.9,,2026-05-25T08:36Z
S-702184,ORD-46344,P-PK-4501,Yantian,Callao (Lima),14,ocean,MV ATLANTIC TRADER,9274417,approaching Callao (Lima),2026-06-08T19:12Z,PEMRI,LOW,0.9,CR-COSU,L-CNYTN-PEMRI,6659.0,36.6,2240.0,DAP,none,premium,2026-06-09T12:00Z,-0.7,,2026-06-06T17:12Z
S-702185,ORD-49608,P-EL-9101,Busan,Los Angeles,10,ocean,MV ARCTIC GUARDIAN,9784010,Los Angeles approach,2026-06-01T12:00Z,USLAX,HIGH,2.6,CR-HLCU,L-KRPUS-USLAX,24155.0,33.0,912.0,DDP,none,standard,2026-06-03T12:00Z,-2.0,,2026-05-30T01:00Z
S-702186,ORD-47883,P-PW-1801,Rotterdam,Santos,2,ocean,MV NIPPON CRYSTAL,9972960,in transit,2026-06-08T12:00Z,BRSSZ,MEDIUM,1.7,CR-EGLV,L-NLRTM-BRSSZ,17576.0,47.8,12918.0,FOB,3,standard,2026-06-07T12:00Z,1.0,,2026-06-06T08:00Z
S-702187,ORD-47306,P-MC-7102,Tokyo,Vancouver,18,ocean,MV ARCTIC BREEZE,9572877,approaching Vancouver,2026-06-01T04:48Z,CASOG,LOW,0.6,CR-ONEY,L-JPTYO-CASOG,5653.0,49.9,3543.0,DDP,none,premium,2026-06-01T12:00Z,-0.3,,2026-05-31T09:48Z
S-702188,ORD-48616,P-EL-9001,Hamburg,Genoa,1,road,DACHSE-6282,N/A,94 nm from Genoa,2026-05-27T09:36Z,ITGOA,MEDIUM,1.2,CR-DACH,L-DEHAM-ITGOA,23419.0,7.2,1095.0,FOB,none,standard,2026-05-24T12:00Z,2.9,vessel_change,2026-05-25T16:36Z
S-702189,ORD-49919,P-PW-1850,Jebel Ali (Dubai),Frankfurt am Main Airport,25,air,FD-CARGO-243,N/A,88 nm from Frankfurt am Main Airport,2026-05-23T12:00Z,DEFRA,LOW,0.1,CR-FDXA,L-AEDXB-DEFRA,18058.0,15.0,217.0,DAP,none,premium,2026-05-23T12:00Z,-0.0,,2026-05-20T22:00Z
S-702190,ORD-49307,P-PW-1801,Jebel Ali (Dubai),Frankfurt am Main Airport,27,air,FD-CARGO-229,N/A,approaching Frankfurt am Main Airport,2026-05-19T12:00Z,DEFRA,LOW,0.1,CR-FDXA,L-AEDXB-DEFRA,2902.0,26.9,1778.0,CIF,none,premium,2026-05-21T12:00Z,-2.0,,2026-05-18T06:00Z
S-702191,ORD-48267,P-EL-9003,Tokyo,Vancouver,13,ocean,MV NIPPON VICTORY,9953124,off Tokyo,2026-05-27T00:00Z,CASOG,LOW,0.6,CR-YMLU,L-JPTYO-CASOG,13692.0,17.4,7066.0,FOB,8,standard,2026-05-25T12:00Z,1.5,,2026-05-26T08:00Z
S-702192,ORD-46121,P-SW-3002,Singapore,Felixstowe,27,ocean,MV ARCTIC EXPRESS,9881684,off Singapore,2026-05-24T09:36Z,GBFXT,MEDIUM,0.9,CR-MSCU,L-SGSIN-GBFXT,8454.0,20.5,608.0,FOB,none,standard,2026-05-24T12:00Z,-0.1,,2026-05-22T23:36Z
S-702193,ORD-46130,P-PW-1850,Frankfurt am Main Airport,Shanghai,33,air,LH-CARGO-542,N/A,60 nm from Shanghai,2026-05-23T21:36Z,CNSHA,MEDIUM,1.3,CR-LHCA,L-DEFRA-CNSHA,22832.0,42.8,3235.0,EXW,none,premium,2026-05-23T12:00Z,0.4,,2026-05-21T10:36Z
S-702194,ORD-47426,P-MC-7102,Yantian,Frankfurt am Main Airport,20,air,LH-CARGO-235,N/A,Frankfurt am Main Airport approach,2026-05-24T14:24Z,DEFRA,LOW,0.1,CR-LHCA,L-CNYTN-DEFRA,23556.0,54.7,491.0,DDU,9,standard,2026-05-23T12:00Z,1.1,,2026-05-22T18:24Z
S-702195,ORD-46768,P-PW-1850,Hong Kong,Frankfurt am Main Airport,27,air,UP-CARGO-559,N/A,approaching Frankfurt am Main Airport,2026-05-22T21:36Z,DEFRA,LOW,0.1,CR-UPSA,L-HKHKG-DEFRA,2930.0,5.5,17.0,DAP,none,premium,2026-05-21T12:00Z,1.4,damage,2026-05-21T08:36Z
S-702196,ORD-47266,P-EL-9001,Yantian,Los Angeles,35,ocean,MV NORDIC SPIRIT,9906172,86 nm from Los Angeles,2026-06-06T02:24Z,USLAX,HIGH,2.6,CR-ZIMU,L-CNYTN-USLAX,157.0,5.4,21327.0,DAP,none,standard,2026-06-06T12:00Z,-0.4,,2026-06-03T11:24Z
S-702197,ORD-46713,P-PK-4501,Singapore,Frankfurt am Main Airport,32,air,EK-CARGO-270,N/A,approaching Frankfurt am Main Airport,2026-05-20T21:36Z,DEFRA,LOW,0.1,CR-EKCA,L-SGSIN-DEFRA,11747.0,44.6,16742.0,DDU,none,standard,2026-05-20T12:00Z,0.4,,2026-05-20T03:36Z
S-702198,ORD-49313,P-MC-7200,Jebel Ali (Dubai),Frankfurt am Main Airport,34,air,AF-CARGO-445,N/A,in transit,2026-05-24T00:00Z,DEFRA,LOW,0.1,CR-AFKA,L-AEDXB-DEFRA,13199.0,51.3,612.0,DDU,none,standard,2026-05-22T12:00Z,1.5,,2026-05-23T07:00Z
S-702199,ORD-46097,P-CH-2211,Valencia,Veracruz,36,ocean,MV ASIAN STAR,9583467,191 nm from Veracruz,2026-05-23T14:24Z,MXVER,MEDIUM,1.3,CR-MAEU,L-ESVLC-MXVER,11019.0,58.6,12944.0,CIF,8,economy,2026-05-25T12:00Z,-1.9,,2026-05-22T08:24Z
S-702200,ORD-47655,P-MC-7101,Shanghai,Rotterdam,25,ocean,MV BALTIC PIONEER,9284109,in transit,2026-06-03T02:24Z,NLRTM,LOW,0.4,CR-PILU,L-CNSHA-NLRTM,8408.0,40.4,2839.0,DDP,8,standard,2026-06-04T12:00Z,-1.4,,2026-06-02T15:24Z
S-702201,ORD-45139,P-MC-7100,Valencia,Veracruz,34,ocean,MV BALTIC GUARDIAN,9406316,in transit,2026-05-25T07:12Z,MXVER,MEDIUM,1.3,CR-YMLU,L-ESVLC-MXVER,16061.0,47.1,213.0,FOB,9,standard,2026-05-24T12:00Z,0.8,,2026-05-22T07:12Z
S-702202,ORD-45582,P-EL-9003,Hamburg,Genoa,6,road,DACHSE-2897,N/A,in transit,2026-05-27T19:12Z,ITGOA,MEDIUM,1.2,CR-DACH,L-DEHAM-ITGOA,12431.0,13.5,395.0,FOB,none,premium,2026-05-24T12:00Z,3.3,,2026-05-25T17:12Z
S-702203,ORD-45837,P-MC-7102,Jebel Ali (Dubai),Frankfurt am Main Airport,4,air,QT-CARGO-773,N/A,off Jebel Ali (Dubai),2026-05-23T14:24Z,DEFRA,LOW,0.1,CR-QTRA,L-AEDXB-DEFRA,3600.0,43.1,21889.0,FOB,none,standard,2026-05-22T12:00Z,1.1,,2026-05-22T15:24Z
S-702204,ORD-45849,P-CH-2210,Yantian,Hamburg,27,ocean,MV NORDIC VICTORY,9363869,off Yantian,2026-06-06T04:48Z,DEHAM,HIGH,3.2,CR-DSVS,L-CNYTN-DEHAM,2704.0,34.5,1044.0,DDP,none,standard,2026-06-06T12:00Z,-0.3,,2026-06-05T16:48Z
S-702205,ORD-48599,P-PK-4500,Yantian,Hamburg,15,ocean,MV NORDIC TRADER,9136714,off Yantian,2026-06-05T12:00Z,DEHAM,HIGH,3.2,CR-DSVS,L-CNYTN-DEHAM,11674.0,53.4,17032.0,FOB,none,premium,2026-06-04T12:00Z,1.0,,2026-06-03T14:00Z
S-702206,ORD-44692,P-MC-7100,Singapore,Felixstowe,31,ocean,MV ARCTIC TRADER,9901247,approaching Felixstowe,2026-05-31T00:00Z,GBFXT,MEDIUM,0.9,CR-KNES,L-SGSIN-GBFXT,5384.0,37.2,360.0,CIF,none,standard,2026-05-31T12:00Z,-0.5,,2026-05-29T07:00Z
S-702207,ORD-46767,P-SW-3001,Tianjin,Łódź Rail Terminal,3,rail,DB SCH-6510,N/A,Łódź Rail Terminal approach,2026-06-02T09:36Z,PLLDZ,LOW,0.2,CR-DBSC,L-CNTAO-PLLDZ,23772.0,53.5,8692.0,FOB,8,standard,2026-05-30T12:00Z,2.9,,2026-06-01T11:36Z
S-702208,ORD-49066,P-SN-5001,Shanghai,New York/New Jersey,29,ocean,MV NIPPON STAR,9922533,28 nm from New York/New Jersey,2026-05-22T16:48Z,USNYC,MEDIUM,1.6,CR-HLCU,L-CNSHA-USNYC,1013.0,26.0,76.0,DAP,none,standard,2026-05-21T12:00Z,1.2,,2026-05-22T12:48Z
S-702209,ORD-45720,P-SN-5001,Yantian,Hamburg,29,ocean,MV CALEDONIAN VICTORY,9960920,off Yantian,2026-06-18T02:24Z,DEHAM,HIGH,3.2,CR-ZIMU,L-CNYTN-DEHAM,7325.0,41.6,3280.0,DDU,none,premium,2026-06-16T12:00Z,1.6,,2026-06-16T08:24Z
S-702210,ORD-48990,P-CH-2211,Singapore,Rotterdam,36,ocean,MV ASIAN VICTORY,9479863,15 nm from Rotterdam,2026-05-29T00:00Z,NLRTM,LOW,0.4,CR-YMLU,L-SGSIN-NLRTM,11808.0,51.1,4215.0,EXW,3,standard,2026-05-26T12:00Z,2.5,delayed,2026-05-27T20:00Z
S-702211,ORD-47367,P-EL-9102,Tianjin,Łódź Rail Terminal,27,rail,DB SCH-6532,N/A,approaching Łódź Rail Terminal,2026-05-28T00:00Z,PLLDZ,LOW,0.2,CR-DBSC,L-CNTAO-PLLDZ,15718.0,47.6,1580.0,DDU,none,standard,2026-05-27T12:00Z,0.5,,2026-05-25T05:00Z
S-702212,ORD-47144,P-SW-3001,Tianjin,Hamburg,35,ocean,MV ARCTIC BREEZE,9957419,in transit,2026-06-22T07:12Z,DEHAM,HIGH,3.2,CR-COSU,L-CNTAO-DEHAM,21517.0,23.0,1027.0,CIF,8,premium,2026-06-20T12:00Z,1.8,,2026-06-21T23:12Z
S-702213,ORD-49558,P-MC-7102,Rotterdam,Santos,13,ocean,MV IBERIAN STAR,9829122,in transit,2026-05-26T19:12Z,BRSSZ,MEDIUM,1.7,CR-COSU,L-NLRTM-BRSSZ,9139.0,13.9,1430.0,EXW,none,economy,2026-05-27T12:00Z,-0.7,,2026-05-24T03:12Z
S-702214,ORD-49623,P-CH-2230,Yokohama,Los Angeles,29,ocean,MV PACIFIC GUARDIAN,9599900,in transit,2026-05-27T16:48Z,USLAX,HIGH,2.6,CR-MSCU,L-JPYOK-USLAX,21392.0,30.3,873.0,DDU,none,premium,2026-05-23T12:00Z,4.2,port_congestion,2026-05-27T05:48Z
S-702215,ORD-44420,P-MC-7100,Nhava Sheva,Rotterdam,27,ocean,MV PACIFIC TRADER,9856817,off Nhava Sheva,2026-06-06T16:48Z,NLRTM,LOW,0.4,CR-HLCU,L-INNSA-NLRTM,1480.0,3.3,9081.0,DDU,none,standard,2026-06-06T12:00Z,0.2,,2026-06-04T23:48Z
S-702216,ORD-47383,P-SW-3002,Singapore,Felixstowe,32,ocean,MV CALEDONIAN EXPRESS,9411963,off Singapore,2026-05-24T09:36Z,GBFXT,MEDIUM,0.9,CR-MAEU,L-SGSIN-GBFXT,16859.0,35.1,5946.0,DAP,none,premium,2026-05-21T12:00Z,2.9,,2026-05-21T19:36Z
S-702217,ORD-47661,P-MC-7200,Shanghai,Düsseldorf Rail Terminal,5,rail,DB SCH-6591,N/A,Düsseldorf Rail Terminal approach,2026-06-05T09:36Z,DEDUS,LOW,0.2,CR-DBSC,L-CNSHA-DEDUS,8336.0,53.0,774.0,CIF,none,standard,2026-06-04T12:00Z,0.9,,2026-06-03T09:36Z
S-702218,ORD-46540,P-SW-3001,Hong Kong,Frankfurt am Main Airport,11,air,EK-CARGO-541,N/A,171 nm from Frankfurt am Main Airport,2026-05-20T14:24Z,DEFRA,LOW,0.1,CR-EKCA,L-HKHKG-DEFRA,5016.0,10.8,249.0,FOB,3,premium,2026-05-20T12:00Z,0.1,,2026-05-18T13:24Z
S-702219,ORD-46084,P-PW-1801,Yokohama,Los Angeles,18,ocean,MV ARCTIC TRADER,9770867,off Yokohama,2026-06-02T00:00Z,USLAX,HIGH,2.6,CR-MAEU,L-JPYOK-USLAX,9723.0,31.1,1374.0,DDU,none,economy,2026-05-31T12:00Z,1.5,,2026-06-01T23:00Z
S-702220,ORD-45016,P-CH-2210,Tianjin,Łódź Rail Terminal,32,rail,DB SCH-7451,N/A,Łódź Rail Terminal approach,2026-06-02T12:00Z,PLLDZ,LOW,0.2,CR-DBSC,L-CNTAO-PLLDZ,25197.0,25.6,158.0,DDP,none,premium,2026-05-30T12:00Z,3.0,,2026-05-31T04:00Z
S-702221,ORD-44240,P-PW-1850,Yantian,Los Angeles,23,ocean,MV TROPIC GLORY,9779414,146 nm from Los Angeles,2026-05-22T16:48Z,USLAX,HIGH,2.6,CR-COSU,L-CNYTN-USLAX,1181.0,14.7,502.0,DDP,none,standard,2026-05-23T12:00Z,-0.8,,2026-05-22T15:48Z
S-702222,ORD-46437,P-CH-2211,Rotterdam,Santos,2,ocean,MV NORDIC TRADER,9311156,139 nm from Santos,2026-06-02T16:48Z,BRSSZ,MEDIUM,1.7,CR-WHLU,L-NLRTM-BRSSZ,23840.0,10.1,1036.0,DDP,none,premium,2026-06-01T12:00Z,1.2,,2026-05-31T13:48Z
S-702223,ORD-49514,P-PW-1802,Busan,New York/New Jersey,21,ocean,MV ATLANTIC EXPRESS,9160189,in transit,2026-06-03T09:36Z,USNYC,MEDIUM,1.6,CR-DSVS,L-KRPUS-USNYC,22844.0,56.1,88133.0,DDU,none,standard,2026-06-02T12:00Z,0.9,vessel_change,2026-06-02T15:36Z
S-702224,ORD-49045,P-SW-3001,Hong Kong,Frankfurt am Main Airport,36,air,CX-CARGO-191,N/A,Frankfurt am Main Airport approach,2026-05-23T04:48Z,DEFRA,LOW,0.1,CR-CXCA,L-HKHKG-DEFRA,25523.0,25.0,22313.0,DDU,none,premium,2026-05-24T12:00Z,-1.3,,2026-05-21T15:48Z
S-702225,ORD-45095,P-CH-2230,Shanghai,Los Angeles,3,ocean,MV TROPIC EXPRESS,9221256,in transit,2026-06-01T00:00Z,USLAX,HIGH,2.6,CR-MAEU,L-CNSHA-USLAX,5610.0,36.5,149578.0,CIF,none,standard,2026-06-01T12:00Z,-0.5,,2026-05-30T12:00Z
S-702226,ORD-46462,P-EL-9003,Yantian,Frankfurt am Main Airport,2,air,DH-CARGO-914,N/A,Frankfurt am Main Airport approach,2026-05-24T16:48Z,DEFRA,LOW,0.1,CR-DHLA,L-CNYTN-DEFRA,8209.0,53.6,7124.0,DAP,none,premium,2026-05-22T12:00Z,2.2,,2026-05-23T19:48Z
S-702227,ORD-45363,P-PW-1801,Nhava Sheva,Rotterdam,14,ocean,MV IBERIAN EXPRESS,9910999,98 nm from Rotterdam,2026-06-08T07:12Z,NLRTM,LOW,0.4,CR-EGLV,L-INNSA-NLRTM,21140.0,27.9,157866.0,DDU,none,standard,2026-06-08T12:00Z,-0.2,,2026-06-06T00:12Z
S-702228,ORD-45048,P-EL-9003,Shanghai,Rotterdam,27,ocean,MV ARCTIC PIONEER,9772016,Rotterdam approach,2026-06-03T16:48Z,NLRTM,LOW,0.4,CR-DSVS,L-CNSHA-NLRTM,20138.0,48.5,36561.0,DDU,none,standard,2026-06-01T12:00Z,2.2,,2026-06-02T11:48Z
S-702229,ORD-49169,P-CH-2210,Shanghai,Rotterdam,22,ocean,MV BALTIC STAR,9305361,in transit,2026-06-16T04:48Z,NLRTM,LOW,0.4,CR-HMMU,L-CNSHA-NLRTM,17489.0,20.6,1652.0,EXW,9,standard,2026-06-16T12:00Z,-0.3,,2026-06-14T23:48Z
S-702230,ORD-46260,P-PK-4500,Yantian,Hamburg,2,ocean,MV NIPPON GLORY,9253430,Hamburg approach,2026-06-03T09:36Z,DEHAM,HIGH,3.2,CR-DSVS,L-CNYTN-DEHAM,17863.0,6.9,1629.0,EXW,none,economy,2026-06-03T12:00Z,-0.1,,2026-06-01T05:36Z
S-702231,ORD-46205,P-EL-9003,Tianjin,Łódź Rail Terminal,9,rail,DB SCH-8136,N/A,approaching Łódź Rail Terminal,2026-05-30T07:12Z,PLLDZ,LOW,0.2,CR-DBSC,L-CNTAO-PLLDZ,1322.0,14.8,12284.0,DDU,none,standard,2026-05-29T12:00Z,0.8,damage,2026-05-27T18:12Z
S-702232,ORD-47225,P-PK-4500,Shanghai,Rotterdam,15,ocean,MV CALEDONIAN BREEZE,9675028,131 nm from Rotterdam,2026-05-24T00:00Z,NLRTM,LOW,0.4,CR-KNES,L-CNSHA-NLRTM,8814.0,57.2,657.0,DDU,none,economy,2026-05-22T12:00Z,1.5,,2026-05-21T13:00Z
S-702233,ORD-49392,P-EL-9002,Singapore,Frankfurt am Main Airport,23,air,FD-CARGO-159,N/A,Frankfurt am Main Airport approach,2026-05-24T21:36Z,DEFRA,LOW,0.1,CR-FDXA,L-SGSIN-DEFRA,4086.0,32.3,35119.0,FOB,none,premium,2026-05-24T12:00Z,0.4,,2026-05-22T14:36Z
S-702234,ORD-45876,P-PW-1802,Yantian,Hamburg,19,ocean,MV PACIFIC PIONEER,9535044,in transit,2026-06-04T04:48Z,DEHAM,HIGH,3.2,CR-YMLU,L-CNYTN-DEHAM,15303.0,38.7,3720.0,FOB,9,economy,2026-06-04T12:00Z,-0.3,,2026-06-04T01:48Z
S-702235,ORD-44955,P-CH-2210,New York/New Jersey,London Heathrow Airport,29,air,AF-CARGO-223,N/A,London Heathrow Airport approach,2026-05-20T16:48Z,LHRGB,LOW,0.1,CR-AFKA,L-USNYC-LHRGB,13942.0,57.2,817.0,DDP,none,premium,2026-05-22T12:00Z,-1.8,,2026-05-20T03:48Z
S-702236,ORD-45958,P-EL-9001,Singapore,Frankfurt am Main Airport,9,air,QT-CARGO-315,N/A,in transit,2026-05-19T19:12Z,DEFRA,LOW,0.1,CR-QTRA,L-SGSIN-DEFRA,9182.0,31.9,4744.0,DAP,9,standard,2026-05-21T12:00Z,-1.7,,2026-05-18T07:12Z
S-702237,ORD-44549,P-SW-3002,New York/New Jersey,London Heathrow Airport,33,air,LH-CARGO-120,N/A,38 nm from London Heathrow Airport,2026-05-25T02:24Z,LHRGB,LOW,0.1,CR-LHCA,L-USNYC-LHRGB,9164.0,14.9,12206.0,DDU,8,standard,2026-05-23T12:00Z,1.6,,2026-05-24T13:24Z
S-702238,ORD-48696,P-PK-4500,Hamburg,Santos,20,ocean,MV NIPPON GUARDIAN,9445091,Santos approach,2026-05-30T02:24Z,BRSSZ,MEDIUM,1.7,CR-WHLU,L-DEHAM-BRSSZ,17863.0,21.5,3068.0,CIF,none,economy,2026-05-28T12:00Z,1.6,,2026-05-27T18:24Z
S-702239,ORD-46099,P-MC-7200,Shanghai,Hamburg,27,ocean,MV ASIAN EXPRESS,9824320,Hamburg approach,2026-06-24T07:12Z,DEHAM,HIGH,3.2,CR-PILU,L-CNSHA-DEHAM,4624.0,0.3,370.0,CIF,none,standard,2026-06-23T12:00Z,0.8,vessel_change,2026-06-23T18:12Z
S-702240,ORD-47981,P-CH-2211,Rotterdam,New York/New Jersey,32,ocean,MV TROPIC TRADER,9545146,27 nm from New York/New Jersey,2026-06-05T14:24Z,USNYC,MEDIUM,1.6,CR-MSCU,L-NLRTM-USNYC,7418.0,0.9,165.0,DAP,none,standard,2026-05-31T12:00Z,5.1,vessel_change,2026-06-03T04:24Z
S-702241,ORD-44040,P-EL-9101,New York/New Jersey,London Heathrow Airport,26,air,DH-CARGO-927,N/A,in transit,2026-05-21T09:36Z,LHRGB,LOW,0.1,CR-DHLA,L-USNYC-LHRGB,23864.0,35.8,2184.0,EXW,none,economy,2026-05-21T12:00Z,-0.1,,2026-05-18T14:36Z
S-702242,ORD-48228,P-EL-9101,Shanghai,New York/New Jersey,14,ocean,MV NIPPON STAR,9750549,New York/New Jersey approach,2026-06-14T14:24Z,USNYC,MEDIUM,1.6,CR-WHLU,L-CNSHA-USNYC,24079.0,8.1,124180.0,CIF,none,standard,2026-06-15T12:00Z,-0.9,,2026-06-13T02:24Z
S-702243,ORD-49591,P-PW-1802,Shanghai,New York/New Jersey,21,ocean,MV CALEDONIAN CRYSTAL,9473651,approaching New York/New Jersey,2026-06-16T14:24Z,USNYC,MEDIUM,1.6,CR-PILU,L-CNSHA-USNYC,699.0,37.2,25601.0,DAP,none,standard,2026-06-15T12:00Z,1.1,,2026-06-14T04:24Z
S-702244,ORD-47276,P-MC-7100,Shanghai,Hamburg,16,ocean,MV PACIFIC PIONEER,9201408,in transit,2026-05-29T19:12Z,DEHAM,HIGH,3.2,CR-YMLU,L-CNSHA-DEHAM,12063.0,59.5,127.0,EXW,none,standard,2026-05-29T12:00Z,0.3,,2026-05-28T17:12Z
S-702245,ORD-47547,P-EL-9002,Singapore,Frankfurt am Main Airport,19,air,AF-CARGO-521,N/A,approaching Frankfurt am Main Airport,2026-05-25T02:24Z,DEFRA,LOW,0.1,CR-AFKA,L-SGSIN-DEFRA,9299.0,25.0,13568.0,FOB,9,premium,2026-05-23T12:00Z,1.6,,2026-05-23T22:24Z
S-702246,ORD-47854,P-MC-7200,Genoa,Charleston,24,ocean,MV NORDIC VICTORY,9672988,in transit,2026-05-31T19:12Z,USCHS,LOW,0.7,CR-HLCU,L-ITGOA-USCHS,5125.0,26.9,2211.0,EXW,none,standard,2026-05-30T12:00Z,1.3,,2026-05-31T00:12Z
S-702247,ORD-46563,P-MC-7102,Chicago O'Hare Airport,Hong Kong,4,air,CX-CARGO-593,N/A,Hong Kong approach,2026-05-28T14:24Z,HKHKG,LOW,0.8,CR-CXCA,L-USORD-HKHKG,4989.0,55.6,26734.0,DDU,none,standard,2026-05-24T12:00Z,4.1,vessel_change,2026-05-27T13:24Z
S-702248,ORD-48032,P-PK-4500,Hamburg,Genoa,15,road,XPO LO-9570,N/A,169 nm from Genoa,2026-05-22T07:12Z,ITGOA,MEDIUM,1.2,CR-XPOT,L-DEHAM-ITGOA,21970.0,42.9,1112.0,DDP,none,standard,2026-05-21T12:00Z,0.8,damage,2026-05-21T19:12Z
S-702249,ORD-44011,P-EL-9001,New York/New Jersey,London Heathrow Airport,26,air,FD-CARGO-193,N/A,approaching London Heathrow Airport,2026-05-25T04:48Z,LHRGB,LOW,0.1,CR-FDXA,L-USNYC-LHRGB,24095.0,23.0,223.0,CIF,none,standard,2026-05-23T12:00Z,1.7,,2026-05-24T22:48Z
S-702250,ORD-45803,P-EL-9101,Valencia,Veracruz,23,ocean,MV TROPIC BREEZE,9415680,approaching Veracruz,2026-06-03T07:12Z,MXVER,MEDIUM,1.3,CR-CMDU,L-ESVLC-MXVER,13067.0,2.3,716.0,DDP,3,economy,2026-06-03T12:00Z,-0.2,,2026-05-31T22:12Z
S-702251,ORD-47867,P-MC-7101,Hong Kong,Frankfurt am Main Airport,16,air,CX-CARGO-491,N/A,Frankfurt am Main Airport approach,2026-05-25T07:12Z,DEFRA,LOW,0.1,CR-CXCA,L-HKHKG-DEFRA,3655.0,40.0,6157.0,DAP,none,standard,2026-05-23T12:00Z,1.8,damage,2026-05-24T22:12Z
S-702252,ORD-44202,P-PK-4501,Shanghai,Düsseldorf Rail Terminal,7,rail,DB SCH-7607,N/A,in transit,2026-05-24T00:00Z,DEDUS,LOW,0.2,CR-DBSC,L-CNSHA-DEDUS,14651.0,55.7,250000,DDP,none,premium,2026-05-25T12:00Z,-1.5,,2026-05-23T15:00Z
S-702253,ORD-47335,P-EL-9102,Singapore,Rotterdam,20,ocean,MV ARCTIC PIONEER,9378801,off Singapore,2026-06-01T14:24Z,NLRTM,LOW,0.4,CR-DSVS,L-SGSIN-NLRTM,14143.0,29.8,1864.0,DDU,none,standard,2026-05-30T12:00Z,2.1,,2026-05-29T20:24Z
S-702254,ORD-49336,P-SW-3001,Hamburg,Durban,17,ocean,MV NIPPON VICTORY,9200386,in transit,2026-06-11T04:48Z,ZADUR,MEDIUM,1.5,CR-PILU,L-DEHAM-ZADUR,25466.0,50.7,427.0,EXW,none,economy,2026-06-09T12:00Z,1.7,,2026-06-08T08:48Z
S-702255,ORD-45177,P-MC-7200,Frankfurt am Main Airport,Shanghai,21,air,AF-CARGO-315,N/A,in transit,2026-05-21T16:48Z,CNSHA,MEDIUM,1.3,CR-AFKA,L-DEFRA-CNSHA,9733.0,3.4,5223.0,DDP,8,standard,2026-05-22T12:00Z,-0.8,,2026-05-19T23:48Z
S-702256,ORD-48140,P-SW-3002,Yokohama,Los Angeles,12,ocean,MV ATLANTIC STAR,9667215,Los Angeles approach,2026-06-05T04:48Z,USLAX,HIGH,2.6,CR-MAEU,L-JPYOK-USLAX,22227.0,3.6,8887.0,CIF,9,standard,2026-06-03T12:00Z,1.7,,2026-06-03T04:48Z
S-702257,ORD-49421,P-MC-7100,Nhava Sheva,Rotterdam,2,ocean,MV NIPPON PIONEER,9965315,Rotterdam approach,2026-06-15T09:36Z,NLRTM,LOW,0.4,CR-HMMU,L-INNSA-NLRTM,13950.0,25.1,117.0,FOB,9,standard,2026-06-12T12:00Z,2.9,,2026-06-12T11:36Z
S-702258,ORD-47849,P-EL-9002,Mundra,Felixstowe,2,ocean,MV TROPIC VICTORY,9864192,52 nm from Felixstowe,2026-06-06T02:24Z,GBFXT,MEDIUM,0.9,CR-COSU,L-INMUN-GBFXT,19538.0,22.1,743.0,DDU,8,standard,2026-06-04T12:00Z,1.6,,2026-06-05T11:24Z
S-702259,ORD-49853,P-MC-7101,Nhava Sheva,Rotterdam,20,ocean,MV CALEDONIAN GUARDIAN,9126355,in transit,2026-06-08T00:00Z,NLRTM,LOW,0.4,CR-PILU,L-INNSA-NLRTM,24558.0,29.6,7706.0,FOB,none,standard,2026-06-07T12:00Z,0.5,,2026-06-06T15:00Z
S-702260,ORD-46027,P-PW-1850,Yokohama,Los Angeles,11,ocean,MV ATLANTIC EXPRESS,9596628,122 nm from Los Angeles,2026-06-09T00:00Z,USLAX,HIGH,2.6,CR-CMDU,L-JPYOK-USLAX,14895.0,43.8,153.0,FOB,9,standard,2026-06-04T12:00Z,4.5,delayed,2026-06-06T21:00Z
S-702261,ORD-46804,P-CH-2230,Ningbo,Rotterdam,11,ocean,MV ATLANTIC CRYSTAL,9325985,Rotterdam approach,2026-06-22T21:36Z,NLRTM,LOW,0.4,CR-MSCU,L-CNNGB-NLRTM,22116.0,6.8,734.0,EXW,none,premium,2026-06-20T12:00Z,2.4,,2026-06-22T09:36Z
S-702262,ORD-47703,P-MC-7100,Qingdao,Le Havre,28,ocean,MV TROPIC CRYSTAL,9741954,118 nm from Le Havre,2026-06-09T09:36Z,FRLEH,MEDIUM,1.0,CR-CMDU,L-CNQIN-FRLEH,23859.0,46.8,11375.0,CIF,none,premium,2026-06-09T12:00Z,-0.1,,2026-06-06T11:36Z
S-702263,ORD-46321,P-EL-9001,Qingdao,Le Havre,1,ocean,MV ARCTIC CRYSTAL,9803011,Le Havre approach,2026-06-04T04:48Z,FRLEH,MEDIUM,1.0,CR-ONEY,L-CNQIN-FRLEH,25096.0,38.9,4887.0,DDP,none,standard,2026-06-03T12:00Z,0.7,customs_hold,2026-06-02T03:48Z
S-702264,ORD-45647,P-EL-9102,Antwerp,New York/New Jersey,21,ocean,MV CALEDONIAN BREEZE,9108495,off Antwerp,2026-05-24T04:48Z,USNYC,MEDIUM,1.6,CR-PILU,L-BEANR-USNYC,7051.0,47.8,1383.0,DDU,none,standard,2026-05-23T12:00Z,0.7,,2026-05-24T00:48Z
S-702265,ORD-44888,P-CH-2210,Antwerp,New York/New Jersey,3,ocean,MV ARCTIC GUARDIAN,9450367,in transit,2026-06-03T14:24Z,USNYC,MEDIUM,1.6,CR-MAEU,L-BEANR-USNYC,20504.0,9.6,45154.0,DDU,8,premium,2026-06-02T12:00Z,1.1,,2026-06-01T23:24Z
S-702266,ORD-47307,P-EL-9001,Tokyo,Vancouver,31,ocean,MV ARCTIC GLORY,9817019,Vancouver approach,2026-05-31T21:36Z,CASOG,LOW,0.6,CR-HMMU,L-JPTYO-CASOG,14480.0,47.5,14952.0,DDP,none,standard,2026-05-31T12:00Z,0.4,,2026-05-29T22:36Z
S-702267,ORD-48203,P-PW-1801,Busan,Los Angeles,29,ocean,MV NIPPON GLORY,9313377,approaching Los Angeles,2026-06-11T14:24Z,USLAX,HIGH,2.6,CR-COSU,L-KRPUS-USLAX,11216.0,17.3,300.0,DAP,none,standard,2026-06-08T12:00Z,3.1,delayed,2026-06-10T12:24Z
S-702268,ORD-45184,P-EL-9002,Nhava Sheva,Rotterdam,28,ocean,MV NORDIC GLORY,9119958,approaching Rotterdam,2026-06-12T07:12Z,NLRTM,LOW,0.4,CR-HLCU,L-INNSA-NLRTM,19285.0,6.6,2930.0,DAP,none,standard,2026-06-12T12:00Z,-0.2,,2026-06-12T00:12Z
S-702269,ORD-44872,P-CH-2211,Hong Kong,Rotterdam,5,ocean,MV TROPIC GLORY,9854793,171 nm from Rotterdam,2026-06-17T04:48Z,NLRTM,LOW,0.4,CR-YMLU,L-HKHKG-NLRTM,22845.0,39.1,166.0,DDU,3,standard,2026-06-18T12:00Z,-1.3,,2026-06-16T10:48Z
S-702270,ORD-46690,P-SW-3002,Singapore,Felixstowe,7,ocean,MV NIPPON PIONEER,9794683,approaching Felixstowe,2026-06-13T21:36Z,GBFXT,MEDIUM,0.9,CR-YMLU,L-SGSIN-GBFXT,7387.0,4.6,379.0,CIF,8,premium,2026-06-14T12:00Z,-0.6,,2026-06-12T17:36Z
S-702271,ORD-45388,P-PK-4501,Tianjin,Hamburg,15,ocean,MV IBERIAN STAR,9827944,Hamburg approach,2026-06-17T12:00Z,DEHAM,HIGH,3.2,CR-COSU,L-CNTAO-DEHAM,20494.0,51.2,35215.0,FOB,none,standard,2026-06-19T12:00Z,-2.0,,2026-06-16T12:00Z
S-702272,ORD-49439,P-EL-9101,Shanghai,Los Angeles,8,ocean,MV PACIFIC STAR,9400915,approaching Los Angeles,2026-05-27T21:36Z,USLAX,HIGH,2.6,CR-CMDU,L-CNSHA-USLAX,18992.0,25.2,23171.0,CIF,none,premium,2026-05-27T12:00Z,0.4,,2026-05-26T09:36Z
S-702273,ORD-49775,P-SW-3002,Yantian,Callao (Lima),32,ocean,MV NIPPON PIONEER,9523181,37 nm from Callao (Lima),2026-05-23T04:48Z,PEMRI,LOW,0.9,CR-PILU,L-CNYTN-PEMRI,2969.0,55.6,1429.0,DDP,3,standard,2026-05-22T12:00Z,0.7,,2026-05-21T22:48Z
S-702274,ORD-48059,P-MC-7200,Shanghai,Los Angeles,29,ocean,MV NORDIC STAR,9230056,off Shanghai,2026-06-03T02:24Z,USLAX,HIGH,2.6,CR-YMLU,L-CNSHA-USLAX,1688.0,59.7,4949.0,DDU,none,standard,2026-06-01T12:00Z,1.6,,2026-06-02T17:24Z
S-702275,ORD-49166,P-PK-4501,Yantian,Los Angeles,21,ocean,MV CALEDONIAN TRADER,9924508,Los Angeles approach,2026-06-07T04:48Z,USLAX,HIGH,2.6,CR-PILU,L-CNYTN-USLAX,19426.0,18.9,12796.0,DAP,none,standard,2026-06-07T12:00Z,-0.3,,2026-06-05T05:48Z
S-702276,ORD-48376,P-PW-1801,Shanghai,Düsseldorf Rail Terminal,26,rail,DB SCH-5162,N/A,off Shanghai,2026-06-07T19:12Z,DEDUS,LOW,0.2,CR-DBSC,L-CNSHA-DEDUS,6636.0,16.4,543.0,FOB,none,premium,2026-06-07T12:00Z,0.3,,2026-06-07T03:12Z
S-702277,ORD-44621,P-PK-4500,Shanghai,New York/New Jersey,4,ocean,MV NIPPON VICTORY,9888160,approaching New York/New Jersey,2026-06-11T16:48Z,USNYC,MEDIUM,1.6,CR-PILU,L-CNSHA-USNYC,5645.0,50.2,10116.0,FOB,8,standard,2026-06-12T12:00Z,-0.8,,2026-06-09T13:48Z
S-702278,ORD-46628,P-MC-7100,Yantian,Los Angeles,7,ocean,MV TROPIC STAR,9685779,approaching Los Angeles,2026-06-08T21:36Z,USLAX,HIGH,2.6,CR-WHLU,L-CNYTN-USLAX,25540.0,49.5,973.0,FOB,3,premium,2026-06-07T12:00Z,1.4,,2026-06-08T18:36Z
S-702279,ORD-47102,P-SW-3002,Yantian,Frankfurt am Main Airport,7,air,DH-CARGO-392,N/A,approaching Frankfurt am Main Airport,2026-05-24T02:24Z,DEFRA,LOW,0.1,CR-DHLA,L-CNYTN-DEFRA,22148.0,15.2,7254.0,DDU,none,economy,2026-05-23T12:00Z,0.6,,2026-05-21T05:24Z
S-702280,ORD-47404,P-MC-7101,Shanghai,Los Angeles,23,ocean,MV ASIAN PIONEER,9318844,approaching Los Angeles,2026-05-27T04:48Z,USLAX,HIGH,2.6,CR-ONEY,L-CNSHA-USLAX,19318.0,11.3,150.0,DAP,none,premium,2026-05-25T12:00Z,1.7,,2026-05-25T20:48Z
S-702281,ORD-45511,P-PW-1801,Shanghai,Düsseldorf Rail Terminal,31,rail,DB SCH-3434,N/A,Düsseldorf Rail Terminal approach,2026-06-01T02:24Z,DEDUS,LOW,0.2,CR-DBSC,L-CNSHA-DEDUS,14898.0,2.6,334.0,EXW,9,standard,2026-05-31T12:00Z,0.6,,2026-05-29T04:24Z
S-702282,ORD-45000,P-PW-1802,Shanghai,Hamburg,24,ocean,MV ATLANTIC GUARDIAN,9108468,in transit,2026-05-27T07:12Z,DEHAM,HIGH,3.2,CR-EGLV,L-CNSHA-DEHAM,18422.0,20.7,1871.0,CIF,none,standard,2026-05-26T12:00Z,0.8,port_congestion,2026-05-27T00:12Z
S-702283,ORD-44891,P-EL-9101,Yantian,Hamburg,7,ocean,MV NORDIC BREEZE,9334603,Hamburg approach,2026-05-25T16:48Z,DEHAM,HIGH,3.2,CR-HLCU,L-CNYTN-DEHAM,11129.0,58.7,6252.0,CIF,none,standard,2026-05-22T12:00Z,3.2,,2026-05-23T23:48Z
S-702284,ORD-45068,P-CH-2230,Jebel Ali (Dubai),Frankfurt am Main Airport,22,air,CX-CARGO-523,N/A,off Jebel Ali (Dubai),2026-05-23T12:00Z,DEFRA,LOW,0.1,CR-CXCA,L-AEDXB-DEFRA,9475.0,43.7,610.0,DAP,none,standard,2026-05-22T12:00Z,1.0,delayed,2026-05-23T06:00Z
S-702285,ORD-44773,P-MC-7200,Hamburg,Genoa,24,road,XPO LO-7812,N/A,in transit,2026-05-19T09:36Z,ITGOA,MEDIUM,1.2,CR-XPOT,L-DEHAM-ITGOA,19175.0,36.0,9902.0,DDU,none,premium,2026-05-20T12:00Z,-1.1,,2026-05-18T00:36Z
S-702286,ORD-47756,P-PW-1850,Yokohama,Los Angeles,15,ocean,MV ATLANTIC PIONEER,9834743,34 nm from Los Angeles,2026-06-05T02:24Z,USLAX,HIGH,2.6,CR-ZIMU,L-JPYOK-USLAX,24970.0,40.9,581.0,CIF,none,standard,2026-05-30T12:00Z,5.6,vessel_change,2026-06-04T12:24Z
S-702287,ORD-44174,P-EL-9102,Hamburg,Genoa,17,road,XPO LO-9461,N/A,off Hamburg,2026-05-28T07:12Z,ITGOA,MEDIUM,1.2,CR-XPOT,L-DEHAM-ITGOA,6083.0,29.5,19592.0,DAP,none,premium,2026-05-20T12:00Z,7.8,customs_hold,2026-05-26T02:12Z
S-702288,ORD-49687,P-MC-7200,Los Angeles,Sydney Kingsford Smith Airport,22,air,UP-CARGO-868,N/A,approaching Sydney Kingsford Smith Airport,2026-05-24T09:36Z,AUSYD,LOW,0.1,CR-UPSA,L-USLAX-AUSYD,1648.0,33.8,1392.0,FOB,9,standard,2026-05-23T12:00Z,0.9,,2026-05-22T03:36Z
S-702289,ORD-49654,P-CH-2211,Frankfurt am Main Airport,Shanghai,18,air,EK-CARGO-144,N/A,55 nm from Shanghai,2026-05-21T04:48Z,CNSHA,MEDIUM,1.3,CR-EKCA,L-DEFRA-CNSHA,648.0,48.0,608.0,FOB,none,standard,2026-05-21T12:00Z,-0.3,,2026-05-21T00:48Z
S-702290,ORD-45005,P-EL-9102,Shanghai,Rotterdam,16,ocean,MV PACIFIC VICTORY,9712776,187 nm from Rotterdam,2026-06-16T14:24Z,NLRTM,LOW,0.4,CR-HLCU,L-CNSHA-NLRTM,14296.0,24.3,18757.0,EXW,none,economy,2026-06-16T12:00Z,0.1,,2026-06-16T11:24Z
S-702291,ORD-49775,P-PW-1801,Singapore,Felixstowe,22,ocean,MV ASIAN BREEZE,9732227,159 nm from Felixstowe,2026-06-15T16:48Z,GBFXT,MEDIUM,0.9,CR-MSCU,L-SGSIN-GBFXT,3584.0,44.9,22025.0,DDP,none,standard,2026-06-15T12:00Z,0.2,,2026-06-13T14:48Z
S-702292,ORD-49221,P-SW-3001,Singapore,Rotterdam,32,ocean,MV IBERIAN BREEZE,9616961,107 nm from Rotterdam,2026-05-23T19:12Z,NLRTM,LOW,0.4,CR-ONEY,L-SGSIN-NLRTM,13237.0,37.4,18296.0,DDU,none,standard,2026-05-22T12:00Z,1.3,,2026-05-22T01:12Z
S-702293,ORD-44473,P-PK-4501,Yokohama,Los Angeles,7,ocean,MV ARCTIC STAR,9253207,Los Angeles approach,2026-06-02T00:00Z,USLAX,HIGH,2.6,CR-HLCU,L-JPYOK-USLAX,4309.0,38.2,34.0,DDP,none,premium,2026-05-31T12:00Z,1.5,,2026-05-30T20:00Z
S-702294,ORD-44982,P-SN-5001,Shanghai,Hamburg,24,ocean,MV TROPIC BREEZE,9543020,off Shanghai,2026-05-25T00:00Z,DEHAM,HIGH,3.2,CR-DSVS,L-CNSHA-DEHAM,17531.0,19.3,782.0,CIF,none,standard,2026-05-24T12:00Z,0.5,,2026-05-24T17:00Z
S-702295,ORD-48193,P-MC-7200,Hong Kong,Rotterdam,21,ocean,MV BALTIC BREEZE,9415885,Rotterdam approach,2026-06-20T16:48Z,NLRTM,LOW,0.4,CR-PILU,L-HKHKG-NLRTM,23127.0,37.8,936.0,DDU,none,premium,2026-06-19T12:00Z,1.2,,2026-06-18T15:48Z
S-702296,ORD-45766,P-PW-1850,Shanghai,Düsseldorf Rail Terminal,26,rail,DB SCH-6357,N/A,off Shanghai,2026-06-04T07:12Z,DEDUS,LOW,0.2,CR-DBSC,L-CNSHA-DEDUS,12943.0,48.9,11703.0,DDP,none,standard,2026-06-04T12:00Z,-0.2,,2026-06-03T21:12Z
S-702297,ORD-49369,P-SW-3002,Jebel Ali (Dubai),Rotterdam,5,ocean,MV TROPIC GLORY,9964791,Rotterdam approach,2026-05-30T04:48Z,NLRTM,LOW,0.4,CR-KNES,L-AEDXB-NLRTM,11391.0,41.2,1840.0,FOB,none,premium,2026-05-28T12:00Z,1.7,,2026-05-28T14:48Z
S-702298,ORD-45630,P-PW-1850,Ningbo,Rotterdam,17,ocean,MV PACIFIC VICTORY,9901904,174 nm from Rotterdam,2026-06-23T16:48Z,NLRTM,LOW,0.4,CR-HLCU,L-CNNGB-NLRTM,1687.0,29.1,9578.0,DDP,none,standard,2026-06-22T12:00Z,1.2,,2026-06-23T14:48Z
S-702299,ORD-44047,P-PK-4501,Valencia,Veracruz,26,ocean,MV NIPPON GUARDIAN,9541871,in transit,2026-05-23T09:36Z,MXVER,MEDIUM,1.3,CR-DSVS,L-ESVLC-MXVER,3524.0,15.0,838.0,CIF,none,premium,2026-05-22T12:00Z,0.9,,2026-05-21T04:36Z
S-702300,ORD-44777,P-CH-2211,Shanghai,Hamburg,22,ocean,MV BALTIC EXPRESS,9944711,off Shanghai,2026-06-11T14:24Z,DEHAM,HIGH,3.2,CR-ZIMU,L-CNSHA-DEHAM,4595.0,5.4,2996.0,DDU,none,premium,2026-06-12T12:00Z,-0.9,,2026-06-10T15:24Z
S-702301,ORD-49569,P-PW-1850,Shanghai,Los Angeles,22,ocean,MV IBERIAN STAR,9416770,off Shanghai,2026-06-05T12:00Z,USLAX,HIGH,2.6,CR-WHLU,L-CNSHA-USLAX,21154.0,20.4,9761.0,DDP,none,standard,2026-06-03T12:00Z,2.0,,2026-06-05T07:00Z
S-702302,ORD-44806,P-MC-7100,Shanghai,Hamburg,25,ocean,MV IBERIAN TRADER,9507301,in transit,2026-06-02T16:48Z,DEHAM,HIGH,3.2,CR-PILU,L-CNSHA-DEHAM,21591.0,30.4,27875.0,DAP,none,premium,2026-06-03T12:00Z,-0.8,,2026-06-01T15:48Z
S-702303,ORD-47634,P-CH-2211,Antwerp,New York/New Jersey,32,ocean,MV IBERIAN EXPRESS,9545202,New York/New Jersey approach,2026-06-01T19:12Z,USNYC,MEDIUM,1.6,CR-CMDU,L-BEANR-USNYC,5537.0,5.3,1220.0,FOB,none,standard,2026-05-24T12:00Z,8.3,damage,2026-05-30T11:12Z
S-702304,ORD-45018,P-PK-4500,Busan,Los Angeles,8,ocean,MV PACIFIC BREEZE,9622000,34 nm from Los Angeles,2026-05-27T21:36Z,USLAX,HIGH,2.6,CR-ONEY,L-KRPUS-USLAX,3959.0,18.7,8021.0,EXW,8,standard,2026-05-24T12:00Z,3.4,,2026-05-25T10:36Z
S-702305,ORD-44981,P-EL-9002,Rotterdam,Santos,30,ocean,MV CALEDONIAN GLORY,9293369,136 nm from Santos,2026-05-26T04:48Z,BRSSZ,MEDIUM,1.7,CR-ZIMU,L-NLRTM-BRSSZ,1093.0,4.4,3061.0,FOB,none,standard,2026-05-21T12:00Z,4.7,damage,2026-05-26T00:48Z
S-702306,ORD-47426,P-EL-9001,Singapore,Rotterdam,2,ocean,MV ASIAN STAR,9393930,approaching Rotterdam,2026-06-20T02:24Z,NLRTM,LOW,0.4,CR-COSU,L-SGSIN-NLRTM,22564.0,51.9,2985.0,DDP,none,economy,2026-06-18T12:00Z,1.6,,2026-06-17T05:24Z
S-702307,ORD-44208,P-MC-7100,Mundra,Felixstowe,5,ocean,MV NORDIC GLORY,9602340,133 nm from Felixstowe,2026-06-08T07:12Z,GBFXT,MEDIUM,0.9,CR-HMMU,L-INMUN-GBFXT,7191.0,18.1,2536.0,EXW,none,standard,2026-05-30T12:00Z,8.8,delayed,2026-06-07T11:12Z
S-702308,ORD-44628,P-EL-9002,Tianjin,Hamburg,18,ocean,MV PACIFIC BREEZE,9488670,approaching Hamburg,2026-06-22T00:00Z,DEHAM,HIGH,3.2,CR-EGLV,L-CNTAO-DEHAM,9332.0,24.6,10417.0,EXW,9,economy,2026-06-20T12:00Z,1.5,,2026-06-20T11:00Z
S-702309,ORD-45555,P-SN-5001,Singapore,Felixstowe,7,ocean,MV NORDIC TRADER,9355888,off Singapore,2026-06-02T04:48Z,GBFXT,MEDIUM,0.9,CR-PILU,L-SGSIN-GBFXT,24328.0,25.4,600.0,EXW,8,standard,2026-05-31T12:00Z,1.7,delayed,2026-06-01T00:48Z
S-702310,ORD-47308,P-MC-7101,Hong Kong,Frankfurt am Main Airport,11,air,AF-CARGO-224,N/A,approaching Frankfurt am Main Airport,2026-05-24T04:48Z,DEFRA,LOW,0.1,CR-AFKA,L-HKHKG-DEFRA,21031.0,30.4,249.0,CIF,3,standard,2026-05-24T12:00Z,-0.3,,2026-05-23T11:48Z
S-702311,ORD-44932,P-CH-2211,Shanghai,Düsseldorf Rail Terminal,10,rail,DB SCH-8974,N/A,in transit,2026-06-05T21:36Z,DEDUS,LOW,0.2,CR-DBSC,L-CNSHA-DEDUS,6239.0,49.5,117.0,DAP,none,premium,2026-06-03T12:00Z,2.4,,2026-06-05T11:36Z
S-702312,ORD-44422,P-CH-2230,Yantian,Los Angeles,19,ocean,MV ARCTIC STAR,9415600,194 nm from Los Angeles,2026-06-08T12:00Z,USLAX,HIGH,2.6,CR-DSVS,L-CNYTN-USLAX,11220.0,27.0,2745.0,DAP,9,economy,2026-06-07T12:00Z,1.0,,2026-06-06T20:00Z
S-702313,ORD-44220,P-EL-9101,Hong Kong,Frankfurt am Main Airport,27,air,AF-CARGO-608,N/A,in transit,2026-05-20T19:12Z,DEFRA,LOW,0.1,CR-AFKA,L-HKHKG-DEFRA,20635.0,31.5,726.0,DDU,none,standard,2026-05-20T12:00Z,0.3,,2026-05-18T14:12Z
S-702314,ORD-44516,P-EL-9001,Yantian,Hamburg,17,ocean,MV ASIAN STAR,9822266,Hamburg approach,2026-06-25T14:24Z,DEHAM,HIGH,3.2,CR-COSU,L-CNYTN-DEHAM,3841.0,27.2,1550.0,FOB,none,premium,2026-06-24T12:00Z,1.1,,2026-06-24T02:24Z
S-702315,ORD-45463,P-PW-1850,Hong Kong,Rotterdam,31,ocean,MV ARCTIC PIONEER,9914091,off Hong Kong,2026-06-12T07:12Z,NLRTM,LOW,0.4,CR-HLCU,L-HKHKG-NLRTM,3114.0,17.9,4250.0,DDP,none,standard,2026-06-12T12:00Z,-0.2,,2026-06-11T05:12Z
S-702316,ORD-49405,P-EL-9003,Hamburg,Genoa,29,road,XPO LO-5162,N/A,off Hamburg,2026-05-24T07:12Z,ITGOA,MEDIUM,1.2,CR-XPOT,L-DEHAM-ITGOA,15997.0,52.4,3452.0,FOB,3,standard,2026-05-23T12:00Z,0.8,,2026-05-21T14:12Z
S-702317,ORD-47105,P-PW-1850,Shanghai,Rotterdam,32,ocean,MV ATLANTIC PIONEER,9713178,approaching Rotterdam,2026-06-19T14:24Z,NLRTM,LOW,0.4,CR-HMMU,L-CNSHA-NLRTM,10187.0,36.5,118.0,DDP,9,standard,2026-06-19T12:00Z,0.1,,2026-06-18T19:24Z
S-702318,ORD-47582,P-MC-7102,Yantian,Callao (Lima),26,ocean,MV NIPPON SPIRIT,9625130,158 nm from Callao (Lima),2026-06-09T19:12Z,PEMRI,LOW,0.9,CR-CMDU,L-CNYTN-PEMRI,10928.0,54.8,11820.0,DAP,3,standard,2026-06-06T12:00Z,3.3,,2026-06-09T00:12Z
S-702319,ORD-46610,P-MC-7100,Genoa,Charleston,24,ocean,MV CALEDONIAN TRADER,9496642,off Genoa,2026-05-26T09:36Z,USCHS,LOW,0.7,CR-KNES,L-ITGOA-USCHS,21007.0,22.1,1170.0,DAP,none,standard,2026-05-24T12:00Z,1.9,,2026-05-24T23:36Z
S-702320,ORD-44178,P-EL-9101,Singapore,Felixstowe,21,ocean,MV CALEDONIAN SPIRIT,9487741,off Singapore,2026-06-14T14:24Z,GBFXT,MEDIUM,0.9,CR-EGLV,L-SGSIN-GBFXT,15316.0,21.8,1092.0,FOB,none,economy,2026-06-14T12:00Z,0.1,,2026-06-13T08:24Z
S-702321,ORD-47980,P-MC-7100,Tokyo,Vancouver,4,ocean,MV PACIFIC GUARDIAN,9194085,approaching Vancouver,2026-06-01T21:36Z,CASOG,LOW,0.6,CR-MAEU,L-JPTYO-CASOG,12621.0,26.4,7717.0,FOB,none,premium,2026-05-27T12:00Z,5.4,customs_hold,2026-05-30T14:36Z
S-702322,ORD-47586,P-MC-7100,Chicago O'Hare Airport,Hong Kong,15,air,FD-CARGO-816,N/A,Hong Kong approach,2026-05-20T16:48Z,HKHKG,LOW,0.8,CR-FDXA,L-USORD-HKHKG,8464.0,48.2,1132.0,FOB,none,standard,2026-05-22T12:00Z,-1.8,,2026-05-19T09:48Z
S-702323,ORD-46180,P-SN-5001,Rotterdam,New York/New Jersey,34,ocean,MV PACIFIC EXPRESS,9471074,in transit,2026-06-09T16:48Z,USNYC,MEDIUM,1.6,CR-DSVS,L-NLRTM-USNYC,23970.0,0.3,1667.0,DDP,9,premium,2026-06-02T12:00Z,7.2,port_congestion,2026-06-07T06:48Z
S-702324,ORD-49484,P-EL-9101,Tianjin,Hamburg,8,ocean,MV ATLANTIC BREEZE,9647820,142 nm from Hamburg,2026-05-27T12:00Z,DEHAM,HIGH,3.2,CR-YMLU,L-CNTAO-DEHAM,1365.0,7.7,3705.0,DDU,none,economy,2026-05-27T12:00Z,-0.0,damage,2026-05-25T14:00Z
S-702325,ORD-49391,P-PK-4500,New York/New Jersey,London Heathrow Airport,15,air,QT-CARGO-536,N/A,approaching London Heathrow Airport,2026-05-21T21:36Z,LHRGB,LOW,0.1,CR-QTRA,L-USNYC-LHRGB,6522.0,39.4,6148.0,DDU,none,premium,2026-05-20T12:00Z,1.4,delayed,2026-05-21T03:36Z
S-702326,ORD-46486,P-MC-7200,Singapore,Rotterdam,28,ocean,MV PACIFIC EXPRESS,9869928,in transit,2026-06-15T14:24Z,NLRTM,LOW,0.4,CR-CMDU,L-SGSIN-NLRTM,5570.0,55.8,122.0,DDU,9,standard,2026-06-16T12:00Z,-0.9,damage,2026-06-14T10:24Z
S-702327,ORD-47783,P-MC-7100,Tianjin,Hamburg,5,ocean,MV CALEDONIAN CRYSTAL,9980324,in transit,2026-06-01T04:48Z,DEHAM,HIGH,3.2,CR-PILU,L-CNTAO-DEHAM,11028.0,12.4,26717.0,DAP,none,standard,2026-05-31T12:00Z,0.7,,2026-06-01T02:48Z
S-702328,ORD-48729,P-SW-3001,Yantian,Frankfurt am Main Airport,13,air,UP-CARGO-720,N/A,in transit,2026-05-22T09:36Z,DEFRA,LOW,0.1,CR-UPSA,L-CNYTN-DEFRA,18213.0,59.6,468.0,FOB,none,standard,2026-05-23T12:00Z,-1.1,customs_hold,2026-05-21T11:36Z
S-702329,ORD-45370,P-MC-7102,Nhava Sheva,Rotterdam,12,ocean,MV ARCTIC VICTORY,9965163,off Nhava Sheva,2026-06-09T00:00Z,NLRTM,LOW,0.4,CR-PILU,L-INNSA-NLRTM,19057.0,13.4,3395.0,DAP,9,standard,2026-06-10T12:00Z,-1.5,,2026-06-06T22:00Z
S-702330,ORD-48745,P-EL-9102,Antwerp,New York/New Jersey,4,ocean,MV PACIFIC PIONEER,9702289,103 nm from New York/New Jersey,2026-06-03T00:00Z,USNYC,MEDIUM,1.6,CR-EGLV,L-BEANR-USNYC,2213.0,2.3,2398.0,DDP,none,premium,2026-05-31T12:00Z,2.5,,2026-06-01T20:00Z
S-702331,ORD-45026,P-EL-9101,Singapore,Rotterdam,14,ocean,MV ATLANTIC BREEZE,9234865,98 nm from Rotterdam,2026-06-11T07:12Z,NLRTM,LOW,0.4,CR-MAEU,L-SGSIN-NLRTM,15101.0,36.5,2204.0,DDP,9,premium,2026-06-10T12:00Z,0.8,,2026-06-08T13:12Z
S-702332,ORD-45385,P-CH-2210,Yokohama,Los Angeles,30,ocean,MV PACIFIC TRADER,9642858,Los Angeles approach,2026-05-18T14:24Z,USLAX,HIGH,2.6,CR-HMMU,L-JPYOK-USLAX,5442.0,35.0,37073.0,CIF,none,economy,2026-05-20T12:00Z,-1.9,damage,2026-05-17T07:24Z
S-702333,ORD-49087,P-CH-2211,Jebel Ali (Dubai),Frankfurt am Main Airport,32,air,DH-CARGO-584,N/A,in transit,2026-05-22T12:00Z,DEFRA,LOW,0.1,CR-DHLA,L-AEDXB-DEFRA,17443.0,0.3,40398.0,DAP,none,premium,2026-05-22T12:00Z,-0.0,,2026-05-20T21:00Z
S-702334,ORD-47073,P-CH-2211,Genoa,Charleston,28,ocean,MV PACIFIC EXPRESS,9203562,Charleston approach,2026-06-02T00:00Z,USCHS,LOW,0.7,CR-MSCU,L-ITGOA-USCHS,16161.0,26.6,1312.0,FOB,none,economy,2026-05-30T12:00Z,2.5,,2026-05-30T12:00Z
S-702335,ORD-49748,P-PW-1802,Yantian,Frankfurt am Main Airport,16,air,CX-CARGO-681,N/A,Frankfurt am Main Airport approach,2026-05-24T04:48Z,DEFRA,LOW,0.1,CR-CXCA,L-CNYTN-DEFRA,13276.0,43.2,1302.0,EXW,none,standard,2026-05-24T12:00Z,-0.3,,2026-05-23T14:48Z
S-702336,ORD-48962,P-SW-3001,Antwerp,New York/New Jersey,9,ocean,MV NIPPON SPIRIT,9755995,in transit,2026-05-24T04:48Z,USNYC,MEDIUM,1.6,CR-HLCU,L-BEANR-USNYC,2257.0,21.0,3242.0,DAP,none,economy,2026-05-23T12:00Z,0.7,damage,2026-05-21T14:48Z
S-702337,ORD-48826,P-SW-3002,Yantian,Hamburg,33,ocean,MV NIPPON GUARDIAN,9636231,off Yantian,2026-06-18T19:12Z,DEHAM,HIGH,3.2,CR-ONEY,L-CNYTN-DEHAM,23060.0,41.4,1518.0,CIF,none,standard,2026-06-18T12:00Z,0.3,,2026-06-18T09:12Z
S-702338,ORD-49177,P-EL-9003,Busan,New York/New Jersey,11,ocean,MV ASIAN PIONEER,9168432,in transit,2026-06-09T21:36Z,USNYC,MEDIUM,1.6,CR-ONEY,L-KRPUS-USNYC,3232.0,57.6,126865.0,DDU,none,premium,2026-06-10T12:00Z,-0.6,vessel_change,2026-06-08T12:36Z
S-702339,ORD-49629,P-EL-9003,Qingdao,Le Havre,15,ocean,MV NORDIC GUARDIAN,9700231,approaching Le Havre,2026-06-05T14:24Z,FRLEH,MEDIUM,1.0,CR-ZIMU,L-CNQIN-FRLEH,8194.0,8.9,335.0,EXW,none,economy,2026-06-06T12:00Z,-0.9,,2026-06-05T02:24Z
S-702340,ORD-49439,P-EL-9102,Rotterdam,Santos,31,ocean,MV PACIFIC SPIRIT,9897361,off Rotterdam,2026-06-14T16:48Z,BRSSZ,MEDIUM,1.7,CR-HLCU,L-NLRTM-BRSSZ,22186.0,48.3,166.0,DAP,3,premium,2026-06-12T12:00Z,2.2,,2026-06-12T08:48Z
S-702341,ORD-48358,P-EL-9001,New York/New Jersey,London Heathrow Airport,26,air,FD-CARGO-687,N/A,160 nm from London Heathrow Airport,2026-05-23T16:48Z,LHRGB,LOW,0.1,CR-FDXA,L-USNYC-LHRGB,15390.0,1.1,4183.0,EXW,8,standard,2026-05-23T12:00Z,0.2,,2026-05-22T07:48Z
S-702342,ORD-45897,P-MC-7101,Busan,Los Angeles,8,ocean,MV ASIAN PIONEER,9287383,Los Angeles approach,2026-06-04T19:12Z,USLAX,HIGH,2.6,CR-MAEU,L-KRPUS-USLAX,14017.0,1.5,18941.0,CIF,none,standard,2026-06-04T12:00Z,0.3,damage,2026-06-04T18:12Z
S-702343,ORD-48914,P-EL-9002,Hong Kong,Frankfurt am Main Airport,33,air,CX-CARGO-969,N/A,off Hong Kong,2026-05-24T21:36Z,DEFRA,LOW,0.1,CR-CXCA,L-HKHKG-DEFRA,17833.0,32.2,1214.0,DDU,none,economy,2026-05-23T12:00Z,1.4,,2026-05-23T12:36Z
S-702344,ORD-46436,P-SN-5001,Hong Kong,Frankfurt am Main Airport,31,air,LH-CARGO-793,N/A,174 nm from Frankfurt am Main Airport,2026-05-23T21:36Z,DEFRA,LOW,0.1,CR-LHCA,L-HKHKG-DEFRA,18116.0,44.2,6674.0,DDU,none,premium,2026-05-22T12:00Z,1.4,,2026-05-22T13:36Z
S-702345,ORD-49327,P-CH-2230,Mundra,Felixstowe,31,ocean,MV TROPIC TRADER,9516293,Felixstowe approach,2026-05-23T04:48Z,GBFXT,MEDIUM,0.9,CR-COSU,L-INMUN-GBFXT,2294.0,11.4,648.0,DAP,8,standard,2026-05-23T12:00Z,-0.3,damage,2026-05-21T06:48Z
S-702346,ORD-47765,P-CH-2211,Yokohama,Los Angeles,18,ocean,MV TROPIC SPIRIT,9546493,off Yokohama,2026-05-29T09:36Z,USLAX,HIGH,2.6,CR-CMDU,L-JPYOK-USLAX,8037.0,45.7,1078.0,CIF,3,standard,2026-05-25T12:00Z,3.9,,2026-05-29T07:36Z
S-702347,ORD-48782,P-CH-2230,Hamburg,Genoa,13,road,XPO LO-2137,N/A,approaching Genoa,2026-05-29T16:48Z,ITGOA,MEDIUM,1.2,CR-XPOT,L-DEHAM-ITGOA,5092.0,2.2,4084.0,DDP,none,premium,2026-05-24T12:00Z,5.2,port_congestion,2026-05-28T04:48Z
S-702348,ORD-49623,P-SW-3002,Shanghai,Düsseldorf Rail Terminal,35,rail,DB SCH-4917,N/A,off Shanghai,2026-06-01T00:00Z,DEDUS,LOW,0.2,CR-DBSC,L-CNSHA-DEDUS,11876.0,16.5,726.0,DDU,none,economy,2026-06-02T12:00Z,-1.5,damage,2026-05-31T12:00Z
S-702349,ORD-44009,P-PW-1802,Ningbo,Rotterdam,18,ocean,MV ARCTIC STAR,9419093,off Ningbo,2026-06-21T14:24Z,NLRTM,LOW,0.4,CR-COSU,L-CNNGB-NLRTM,15034.0,21.0,7724.0,EXW,none,economy,2026-06-20T12:00Z,1.1,,2026-06-19T03:24Z
S-702350,ORD-45118,P-EL-9102,Singapore,Frankfurt am Main Airport,20,air,DH-CARGO-845,N/A,Frankfurt am Main Airport approach,2026-05-21T02:24Z,DEFRA,LOW,0.1,CR-DHLA,L-SGSIN-DEFRA,4731.0,37.8,7697.0,DAP,none,premium,2026-05-21T12:00Z,-0.4,,2026-05-20T03:24Z
S-702351,ORD-49497,P-EL-9002,Los Angeles,Sydney Kingsford Smith Airport,16,air,UP-CARGO-662,N/A,Sydney Kingsford Smith Airport approach,2026-05-25T14:24Z,AUSYD,LOW,0.1,CR-UPSA,L-USLAX-AUSYD,3672.0,47.2,21801.0,DDP,9,premium,2026-05-23T12:00Z,2.1,,2026-05-24T10:24Z
S-702352,ORD-45159,P-SN-5001,Los Angeles,Sydney Kingsford Smith Airport,9,air,QT-CARGO-140,N/A,Sydney Kingsford Smith Airport approach,2026-05-21T19:12Z,AUSYD,LOW,0.1,CR-QTRA,L-USLAX-AUSYD,2100.0,51.8,124.0,DDP,none,premium,2026-05-23T12:00Z,-1.7,port_congestion,2026-05-19T16:12Z
S-702353,ORD-44063,P-SW-3002,Singapore,Rotterdam,32,ocean,MV ATLANTIC GLORY,9892205,approaching Rotterdam,2026-06-11T19:12Z,NLRTM,LOW,0.4,CR-HLCU,L-SGSIN-NLRTM,25229.0,52.8,89054.0,DDU,none,premium,2026-06-10T12:00Z,1.3,,2026-06-11T01:12Z
S-702354,ORD-47371,P-SW-3002,Antwerp,New York/New Jersey,1,ocean,MV IBERIAN EXPRESS,9869845,in transit,2026-05-22T00:00Z,USNYC,MEDIUM,1.6,CR-CMDU,L-BEANR-USNYC,5031.0,8.1,10872.0,CIF,9,standard,2026-05-20T12:00Z,1.5,,2026-05-20T18:00Z
S-702355,ORD-46655,P-SN-5001,Antwerp,New York/New Jersey,28,ocean,MV CALEDONIAN SPIRIT,9491892,New York/New Jersey approach,2026-06-08T19:12Z,USNYC,MEDIUM,1.6,CR-CMDU,L-BEANR-USNYC,10043.0,3.5,17236.0,DAP,none,premium,2026-06-03T12:00Z,5.3,vessel_change,2026-06-08T01:12Z
S-702356,ORD-46452,P-PW-1801,Rotterdam,Santos,20,ocean,MV IBERIAN PIONEER,9468596,169 nm from Santos,2026-06-03T00:00Z,BRSSZ,MEDIUM,1.7,CR-KNES,L-NLRTM-BRSSZ,20213.0,1.9,948.0,CIF,none,premium,2026-06-02T12:00Z,0.5,,2026-05-31T10:00Z
S-702357,ORD-47756,P-MC-7102,Tokyo,Vancouver,20,ocean,MV IBERIAN VICTORY,9839518,99 nm from Vancouver,2026-05-21T14:24Z,CASOG,LOW,0.6,CR-HMMU,L-JPTYO-CASOG,8533.0,30.6,93.0,EXW,none,standard,2026-05-21T12:00Z,0.1,,2026-05-19T12:24Z
S-702358,ORD-44459,P-EL-9002,Shanghai,Los Angeles,9,ocean,MV NORDIC TRADER,9649612,Los Angeles approach,2026-06-06T02:24Z,USLAX,HIGH,2.6,CR-CMDU,L-CNSHA-USLAX,16588.0,58.7,4546.0,CIF,none,economy,2026-06-06T12:00Z,-0.4,,2026-06-04T02:24Z
S-702359,ORD-47723,P-EL-9001,Jebel Ali (Dubai),Frankfurt am Main Airport,6,air,QT-CARGO-252,N/A,29 nm from Frankfurt am Main Airport,2026-05-22T02:24Z,DEFRA,LOW,0.1,CR-QTRA,L-AEDXB-DEFRA,3870.0,23.3,203.0,DAP,none,premium,2026-05-20T12:00Z,1.6,,2026-05-21T20:24Z
S-702360,ORD-44793,P-SW-3001,Hong Kong,Oakland,25,ocean,MV ATLANTIC STAR,9619985,off Hong Kong,2026-06-10T21:36Z,USOAK,MEDIUM,1.4,CR-PILU,L-HKHKG-USOAK,25370.0,46.6,1905.0,FOB,none,economy,2026-06-09T12:00Z,1.4,delayed,2026-06-10T10:36Z
S-702361,ORD-46824,P-CH-2230,Shanghai,Hamburg,21,ocean,MV NIPPON SPIRIT,9782917,Hamburg approach,2026-06-21T16:48Z,DEHAM,HIGH,3.2,CR-ONEY,L-CNSHA-DEHAM,1379.0,15.4,1666.0,DDU,none,premium,2026-06-22T12:00Z,-0.8,damage,2026-06-20T20:48Z
S-702362,ORD-47513,P-MC-7101,Chicago O'Hare Airport,Hong Kong,32,air,LH-CARGO-550,N/A,in transit,2026-05-30T07:12Z,HKHKG,LOW,0.8,CR-LHCA,L-USORD-HKHKG,12423.0,54.0,1680.0,EXW,9,standard,2026-05-24T12:00Z,5.8,vessel_change,2026-05-28T17:12Z
S-702363,ORD-46494,P-EL-9003,Yantian,Callao (Lima),33,ocean,MV IBERIAN STAR,9495008,off Yantian,2026-06-03T14:24Z,PEMRI,LOW,0.9,CR-ZIMU,L-CNYTN-PEMRI,14756.0,51.9,937.0,CIF,9,premium,2026-06-03T12:00Z,0.1,,2026-06-03T00:24Z
S-702364,ORD-45403,P-PK-4500,Tokyo,Vancouver,21,ocean,MV NORDIC VICTORY,9632857,Vancouver approach,2026-06-06T16:48Z,CASOG,LOW,0.6,CR-WHLU,L-JPTYO-CASOG,17649.0,20.9,1407.0,DDU,none,economy,2026-06-01T12:00Z,5.2,port_congestion,2026-06-04T19:48Z
S-702365,ORD-45601,P-EL-9002,Singapore,Frankfurt am Main Airport,25,air,CX-CARGO-891,N/A,129 nm from Frankfurt am Main Airport,2026-05-23T00:00Z,DEFRA,LOW,0.1,CR-CXCA,L-SGSIN-DEFRA,5815.0,2.4,1519.0,FOB,8,standard,2026-05-22T12:00Z,0.5,,2026-05-20T05:00Z
S-702366,ORD-46836,P-MC-7102,Valencia,Veracruz,36,ocean,MV IBERIAN TRADER,9832775,off Valencia,2026-06-08T07:12Z,MXVER,MEDIUM,1.3,CR-YMLU,L-ESVLC-MXVER,4823.0,41.6,5883.0,DDU,3,premium,2026-06-09T12:00Z,-1.2,,2026-06-05T17:12Z
S-702367,ORD-47379,P-PK-4501,Nhava Sheva,Rotterdam,2,ocean,MV BALTIC PIONEER,9157755,Rotterdam approach,2026-06-12T19:12Z,NLRTM,LOW,0.4,CR-ZIMU,L-INNSA-NLRTM,6674.0,21.0,4920.0,DDU,none,standard,2026-06-12T12:00Z,0.3,,2026-06-11T07:12Z
S-702368,ORD-46528,P-EL-9001,Yokohama,Los Angeles,10,ocean,MV IBERIAN CRYSTAL,9802882,7 nm from Los Angeles,2026-06-10T21:36Z,USLAX,HIGH,2.6,CR-COSU,L-JPYOK-USLAX,25933.0,27.1,2218.0,DDU,none,premium,2026-06-05T12:00Z,5.4,delayed,2026-06-10T12:36Z
S-702369,ORD-48278,P-CH-2230,Hong Kong,Rotterdam,3,ocean,MV NIPPON TRADER,9838989,approaching Rotterdam,2026-06-21T02:24Z,NLRTM,LOW,0.4,CR-KNES,L-HKHKG-NLRTM,8443.0,43.6,1551.0,DAP,none,premium,2026-06-20T12:00Z,0.6,,2026-06-19T09:24Z
S-702370,ORD-44268,P-MC-7200,Singapore,Felixstowe,34,ocean,MV TROPIC STAR,9651816,86 nm from Felixstowe,2026-06-14T19:12Z,GBFXT,MEDIUM,0.9,CR-EGLV,L-SGSIN-GBFXT,5236.0,21.1,143.0,DDP,none,standard,2026-06-11T12:00Z,3.3,,2026-06-14T07:12Z
S-702371,ORD-48122,P-PK-4500,Shanghai,Los Angeles,10,ocean,MV NIPPON VICTORY,9980721,approaching Los Angeles,2026-05-22T12:00Z,USLAX,HIGH,2.6,CR-HMMU,L-CNSHA-USLAX,11115.0,18.4,227.0,DDU,none,standard,2026-05-20T12:00Z,2.0,,2026-05-20T14:00Z
S-702372,ORD-45071,P-CH-2230,Shanghai,Los Angeles,27,ocean,MV PACIFIC GUARDIAN,9397859,Los Angeles approach,2026-06-01T02:24Z,USLAX,HIGH,2.6,CR-COSU,L-CNSHA-USLAX,12265.0,37.6,1078.0,DDU,none,standard,2026-05-31T12:00Z,0.6,,2026-05-30T03:24Z
S-702373,ORD-48843,P-CH-2230,Yokohama,Los Angeles,36,ocean,MV ATLANTIC CRYSTAL,9989683,in transit,2026-05-22T00:00Z,USLAX,HIGH,2.6,CR-HMMU,L-JPYOK-USLAX,235.0,24.2,5105.0,EXW,none,standard,2026-05-20T12:00Z,1.5,,2026-05-21T09:00Z
S-702374,ORD-45722,P-CH-2211,Yantian,Hamburg,13,ocean,MV CALEDONIAN GLORY,9968828,101 nm from Hamburg,2026-06-04T21:36Z,DEHAM,HIGH,3.2,CR-HMMU,L-CNYTN-DEHAM,7635.0,15.1,7583.0,FOB,none,premium,2026-06-02T12:00Z,2.4,,2026-06-02T15:36Z
S-702375,ORD-48904,P-CH-2230,Mundra,Felixstowe,2,ocean,MV CALEDONIAN TRADER,9391481,approaching Felixstowe,2026-05-30T09:36Z,GBFXT,MEDIUM,0.9,CR-MAEU,L-INMUN-GBFXT,10218.0,35.2,3193.0,DAP,none,standard,2026-05-28T12:00Z,1.9,delayed,2026-05-29T03:36Z
S-702376,ORD-44953,P-PW-1850,Ningbo,Rotterdam,1,ocean,MV PACIFIC TRADER,9459983,36 nm from Rotterdam,2026-06-16T21:36Z,NLRTM,LOW,0.4,CR-MAEU,L-CNNGB-NLRTM,15593.0,34.4,130.0,DDU,none,premium,2026-06-17T12:00Z,-0.6,,2026-06-16T02:36Z
S-702377,ORD-49517,P-PW-1850,Valencia,Veracruz,26,ocean,MV PACIFIC BREEZE,9413964,off Valencia,2026-06-04T21:36Z,MXVER,MEDIUM,1.3,CR-KNES,L-ESVLC-MXVER,8065.0,27.8,805.0,FOB,none,standard,2026-06-04T12:00Z,0.4,,2026-06-03T02:36Z
S-702378,ORD-45705,P-PK-4501,Mundra,Felixstowe,10,ocean,MV PACIFIC SPIRIT,9215710,approaching Felixstowe,2026-06-10T09:36Z,GBFXT,MEDIUM,0.9,CR-EGLV,L-INMUN-GBFXT,19538.0,23.2,87060.0,EXW,3,standard,2026-06-06T12:00Z,3.9,,2026-06-08T00:36Z
S-702379,ORD-49268,P-PK-4500,Salalah,Rotterdam,27,ocean,MV PACIFIC VICTORY,9753818,178 nm from Rotterdam,2026-06-04T14:24Z,NLRTM,LOW,0.4,CR-EGLV,L-OMSLL-NLRTM,15037.0,22.7,9057.0,FOB,none,standard,2026-06-03T12:00Z,1.1,,2026-06-04T08:24Z
S-702380,ORD-46386,P-EL-9003,Qingdao,Le Havre,11,ocean,MV PACIFIC GLORY,9811405,off Qingdao,2026-06-05T00:00Z,FRLEH,MEDIUM,1.0,CR-EGLV,L-CNQIN-FRLEH,21273.0,45.4,3012.0,DDP,3,economy,2026-06-04T12:00Z,0.5,,2026-06-02T08:00Z
S-702381,ORD-45777,P-MC-7200,Shanghai,Los Angeles,10,ocean,MV TROPIC EXPRESS,9143559,in transit,2026-06-02T16:48Z,USLAX,HIGH,2.6,CR-MSCU,L-CNSHA-USLAX,2640.0,16.2,26568.0,CIF,none,standard,2026-06-03T12:00Z,-0.8,,2026-05-31T12:48Z
S-702382,ORD-49669,P-EL-9102,Yantian,Hamburg,18,ocean,MV ATLANTIC TRADER,9559027,in transit,2026-06-26T02:24Z,DEHAM,HIGH,3.2,CR-DSVS,L-CNYTN-DEHAM,22545.0,42.0,1198.0,CIF,none,standard,2026-06-26T12:00Z,-0.4,port_congestion,2026-06-25T20:24Z
S-702383,ORD-45421,P-EL-9102,Jebel Ali (Dubai),Rotterdam,25,ocean,MV PACIFIC GUARDIAN,9916807,Rotterdam approach,2026-05-25T00:00Z,NLRTM,LOW,0.4,CR-ONEY,L-AEDXB-NLRTM,8260.0,25.3,3152.0,FOB,none,premium,2026-05-25T12:00Z,-0.5,,2026-05-22T01:00Z
S-702384,ORD-49649,P-SW-3001,Rotterdam,New York/New Jersey,21,ocean,MV TROPIC TRADER,9214363,off Rotterdam,2026-05-30T19:12Z,USNYC,MEDIUM,1.6,CR-ZIMU,L-NLRTM-USNYC,19578.0,26.1,250000,DDP,none,standard,2026-05-24T12:00Z,6.3,vessel_change,2026-05-29T11:12Z
S-702385,ORD-47937,P-PW-1850,Antwerp,New York/New Jersey,34,ocean,MV TROPIC GLORY,9525894,New York/New Jersey approach,2026-05-31T21:36Z,USNYC,MEDIUM,1.6,CR-DSVS,L-BEANR-USNYC,20139.0,23.9,2117.0,EXW,none,standard,2026-05-23T12:00Z,8.4,delayed,2026-05-29T20:36Z
S-702386,ORD-47693,P-MC-7102,Yantian,Callao (Lima),6,ocean,MV ATLANTIC GLORY,9433748,off Yantian,2026-06-21T00:00Z,PEMRI,LOW,0.9,CR-EGLV,L-CNYTN-PEMRI,3291.0,29.0,18067.0,CIF,3,premium,2026-06-19T12:00Z,1.5,,2026-06-18T17:00Z
S-702387,ORD-44941,P-PW-1802,Tianjin,Łódź Rail Terminal,26,rail,DB SCH-2232,N/A,56 nm from Łódź Rail Terminal,2026-05-21T02:24Z,PLLDZ,LOW,0.2,CR-DBSC,L-CNTAO-PLLDZ,21022.0,6.8,2449.0,DAP,none,standard,2026-05-21T12:00Z,-0.4,,2026-05-18T18:24Z
S-702388,ORD-46674,P-EL-9101,Hamburg,Santos,27,ocean,MV IBERIAN EXPRESS,9313888,approaching Santos,2026-06-15T00:00Z,BRSSZ,MEDIUM,1.7,CR-EGLV,L-DEHAM-BRSSZ,14576.0,50.7,224.0,DDP,3,economy,2026-06-12T12:00Z,2.5,vessel_change,2026-06-13T04:00Z
S-702389,ORD-47649,P-EL-9001,Ningbo,Rotterdam,3,ocean,MV IBERIAN PIONEER,9176474,off Ningbo,2026-06-06T12:00Z,NLRTM,LOW,0.4,CR-MSCU,L-CNNGB-NLRTM,3235.0,22.9,6660.0,DDP,3,standard,2026-06-04T12:00Z,2.0,,2026-06-03T19:00Z
S-702390,ORD-47203,P-EL-9003,Yantian,Frankfurt am Main Airport,30,air,DH-CARGO-219,N/A,off Yantian,2026-05-23T12:00Z,DEFRA,LOW,0.1,CR-DHLA,L-CNYTN-DEFRA,16742.0,16.5,19733.0,DDU,none,standard,2026-05-21T12:00Z,2.0,,2026-05-20T14:00Z
S-702391,ORD-46962,P-MC-7200,Tianjin,Hamburg,1,ocean,MV NORDIC GLORY,9833020,in transit,2026-06-02T14:24Z,DEHAM,HIGH,3.2,CR-MSCU,L-CNTAO-DEHAM,11715.0,19.4,6734.0,DAP,3,standard,2026-05-31T12:00Z,2.1,,2026-06-01T08:24Z
S-702392,ORD-47769,P-CH-2210,Antwerp,New York/New Jersey,3,ocean,MV CALEDONIAN CRYSTAL,9938383,133 nm from New York/New Jersey,2026-05-23T02:24Z,USNYC,MEDIUM,1.6,CR-HMMU,L-BEANR-USNYC,9941.0,47.1,3415.0,CIF,none,standard,2026-05-20T12:00Z,2.6,,2026-05-21T01:24Z
S-702393,ORD-47337,P-SN-5001,Tokyo,Vancouver,7,ocean,MV CALEDONIAN BREEZE,9967870,Vancouver approach,2026-06-03T16:48Z,CASOG,LOW,0.6,CR-MSCU,L-JPTYO-CASOG,6016.0,3.7,5355.0,FOB,3,economy,2026-06-01T12:00Z,2.2,,2026-06-03T09:48Z
S-702394,ORD-46981,P-MC-7100,Yantian,Hamburg,23,ocean,MV IBERIAN GUARDIAN,9751915,Hamburg approach,2026-06-12T12:00Z,DEHAM,HIGH,3.2,CR-HMMU,L-CNYTN-DEHAM,15732.0,54.4,1332.0,EXW,9,premium,2026-06-10T12:00Z,2.0,vessel_change,2026-06-10T01:00Z
S-702395,ORD-48378,P-SN-5001,New York/New Jersey,London Heathrow Airport,6,air,CX-CARGO-773,N/A,93 nm from London Heathrow Airport,2026-05-21T16:48Z,LHRGB,LOW,0.1,CR-CXCA,L-USNYC-LHRGB,14282.0,21.8,16655.0,FOB,none,premium,2026-05-20T12:00Z,1.2,,2026-05-19T11:48Z
S-702396,ORD-45115,P-CH-2230,Yokohama,Los Angeles,6,ocean,MV CALEDONIAN GLORY,9803545,14 nm from Los Angeles,2026-05-23T21:36Z,USLAX,HIGH,2.6,CR-PILU,L-JPYOK-USLAX,8243.0,33.3,5689.0,CIF,none,standard,2026-05-25T12:00Z,-1.6,,2026-05-22T17:36Z
S-702397,ORD-45546,P-EL-9102,Hamburg,Genoa,19,road,XPO LO-1183,N/A,approaching Genoa,2026-05-19T12:00Z,ITGOA,MEDIUM,1.2,CR-XPOT,L-DEHAM-ITGOA,11796.0,23.7,6912.0,DDP,none,premium,2026-05-21T12:00Z,-2.0,,2026-05-16T19:00Z
S-702398,ORD-45497,P-MC-7100,Jebel Ali (Dubai),Frankfurt am Main Airport,12,air,UP-CARGO-777,N/A,Frankfurt am Main Airport approach,2026-05-22T00:00Z,DEFRA,LOW,0.1,CR-UPSA,L-AEDXB-DEFRA,1632.0,34.7,1165.0,DDP,none,standard,2026-05-21T12:00Z,0.5,,2026-05-21T10:00Z
S-702399,ORD-44368,P-SN-5001,Tokyo,Vancouver,9,ocean,MV ATLANTIC PIONEER,9134654,approaching Vancouver,2026-05-27T21:36Z,CASOG,LOW,0.6,CR-ZIMU,L-JPTYO-CASOG,2558.0,43.9,3657.0,DDU,9,economy,2026-05-28T12:00Z,-0.6,,2026-05-27T00:36Z
S-702400,ORD-45441,P-PK-4500,Valencia,Veracruz,24,ocean,MV IBERIAN SPIRIT,9674430,approaching Veracruz,2026-05-29T16:48Z,MXVER,MEDIUM,1.3,CR-WHLU,L-ESVLC-MXVER,7078.0,45.7,1119.0,EXW,none,standard,2026-05-27T12:00Z,2.2,,2026-05-28T23:48Z
S-702401,ORD-46842,P-EL-9001,Tianjin,Łódź Rail Terminal,9,rail,DB SCH-8227,N/A,131 nm from Łódź Rail Terminal,2026-06-01T21:36Z,PLLDZ,LOW,0.2,CR-DBSC,L-CNTAO-PLLDZ,18399.0,41.2,1092.0,DDP,none,standard,2026-05-31T12:00Z,1.4,,2026-06-01T15:36Z
S-702402,ORD-44784,P-MC-7102,New York/New Jersey,London Heathrow Airport,36,air,EK-CARGO-296,N/A,in transit,2026-05-23T21:36Z,LHRGB,LOW,0.1,CR-EKCA,L-USNYC-LHRGB,17874.0,27.2,5454.0,DDU,none,premium,2026-05-21T12:00Z,2.4,,2026-05-20T23:36Z
S-702403,ORD-45644,P-EL-9002,Yantian,Callao (Lima),32,ocean,MV ASIAN VICTORY,9687619,off Yantian,2026-06-19T19:12Z,PEMRI,LOW,0.9,CR-HLCU,L-CNYTN-PEMRI,21645.0,27.9,3637.0,CIF,none,standard,2026-06-20T12:00Z,-0.7,,2026-06-17T13:12Z
S-702404,ORD-46786,P-MC-7101,Hamburg,Genoa,9,road,DACHSE-4966,N/A,Genoa approach,2026-05-27T09:36Z,ITGOA,MEDIUM,1.2,CR-DACH,L-DEHAM-ITGOA,20155.0,4.2,34492.0,EXW,none,premium,2026-05-25T12:00Z,1.9,,2026-05-26T17:36Z
S-702405,ORD-46197,P-MC-7200,Busan,New York/New Jersey,27,ocean,MV NORDIC TRADER,9621307,in transit,2026-06-04T19:12Z,USNYC,MEDIUM,1.6,CR-MSCU,L-KRPUS-USNYC,20532.0,26.6,3627.0,FOB,none,economy,2026-06-03T12:00Z,1.3,,2026-06-03T17:12Z
S-702406,ORD-49524,P-PK-4501,Tianjin,Łódź Rail Terminal,28,rail,DB SCH-1488,N/A,39 nm from Łódź Rail Terminal,2026-06-01T00:00Z,PLLDZ,LOW,0.2,CR-DBSC,L-CNTAO-PLLDZ,22026.0,28.3,2193.0,DAP,none,premium,2026-05-28T12:00Z,3.5,,2026-05-29T04:00Z
S-702407,ORD-47782,P-CH-2210,Ningbo,Rotterdam,33,ocean,MV PACIFIC STAR,9280234,Rotterdam approach,2026-06-11T16:48Z,NLRTM,LOW,0.4,CR-DSVS,L-CNNGB-NLRTM,25835.0,28.6,189.0,DDU,8,premium,2026-06-09T12:00Z,2.2,,2026-06-10T11:48Z
S-702408,ORD-46001,P-CH-2210,Hong Kong,Frankfurt am Main Airport,24,air,QT-CARGO-944,N/A,39 nm from Frankfurt am Main Airport,2026-05-22T12:00Z,DEFRA,LOW,0.1,CR-QTRA,L-HKHKG-DEFRA,3909.0,3.3,574.0,DDU,none,economy,2026-05-24T12:00Z,-2.0,delayed,2026-05-22T00:00Z
S-702409,ORD-45368,P-CH-2230,Salalah,Rotterdam,11,ocean,MV PACIFIC CRYSTAL,9459298,off Salalah,2026-06-06T19:12Z,NLRTM,LOW,0.4,CR-HLCU,L-OMSLL-NLRTM,18079.0,9.9,816.0,DDP,none,economy,2026-06-06T12:00Z,0.3,,2026-06-04T18:12Z
S-702410,ORD-45735,P-EL-9101,Hamburg,Genoa,7,road,XPO LO-2952,N/A,160 nm from Genoa,2026-05-25T19:12Z,ITGOA,MEDIUM,1.2,CR-XPOT,L-DEHAM-ITGOA,8886.0,57.1,2594.0,FOB,none,premium,2026-05-25T12:00Z,0.3,,2026-05-25T14:12Z
S-702411,ORD-45578,P-EL-9002,Shanghai,Los Angeles,22,ocean,MV ASIAN BREEZE,9805102,76 nm from Los Angeles,2026-06-05T16:48Z,USLAX,HIGH,2.6,CR-COSU,L-CNSHA-USLAX,21563.0,21.0,7172.0,DAP,8,premium,2026-06-04T12:00Z,1.2,,2026-06-03T15:48Z
S-702412,ORD-46420,P-MC-7100,Hamburg,Santos,4,ocean,MV CALEDONIAN GLORY,9786928,approaching Santos,2026-06-02T09:36Z,BRSSZ,MEDIUM,1.7,CR-MSCU,L-DEHAM-BRSSZ,25011.0,57.3,833.0,DDU,none,economy,2026-06-02T12:00Z,-0.1,,2026-05-31T11:36Z
S-702413,ORD-49997,P-EL-9101,Tianjin,Łódź Rail Terminal,26,rail,DB SCH-7062,N/A,off Tianjin,2026-05-22T21:36Z,PLLDZ,LOW,0.2,CR-DBSC,L-CNTAO-PLLDZ,18695.0,19.2,10205.0,EXW,none,premium,2026-05-21T12:00Z,1.4,,2026-05-21T23:36Z
S-702414,ORD-47755,P-MC-7101,Qingdao,Le Havre,10,ocean,MV ARCTIC GUARDIAN,9992303,in transit,2026-05-21T14:24Z,FRLEH,MEDIUM,1.0,CR-PILU,L-CNQIN-FRLEH,10205.0,32.9,82.0,EXW,8,premium,2026-05-21T12:00Z,0.1,,2026-05-18T15:24Z
S-702415,ORD-48967,P-PW-1850,Chicago O'Hare Airport,Hong Kong,20,air,FD-CARGO-629,N/A,off Chicago O'Hare Airport,2026-05-24T19:12Z,HKHKG,LOW,0.8,CR-FDXA,L-USORD-HKHKG,5876.0,19.6,1499.0,FOB,none,standard,2026-05-22T12:00Z,2.3,,2026-05-22T15:12Z
S-702416,ORD-48215,P-CH-2230,Frankfurt am Main Airport,Shanghai,28,air,UP-CARGO-235,N/A,approaching Shanghai,2026-05-26T02:24Z,CNSHA,MEDIUM,1.3,CR-UPSA,L-DEFRA-CNSHA,22249.0,47.1,3397.0,CIF,none,standard,2026-05-24T12:00Z,1.6,,2026-05-23T02:24Z
S-702417,ORD-46139,P-PW-1801,Genoa,Charleston,14,ocean,MV ATLANTIC CRYSTAL,9414572,197 nm from Charleston,2026-05-21T21:36Z,USCHS,LOW,0.7,CR-WHLU,L-ITGOA-USCHS,12934.0,37.1,1758.0,FOB,none,standard,2026-05-21T12:00Z,0.4,,2026-05-19T11:36Z
S-702418,ORD-46539,P-EL-9101,Singapore,Felixstowe,7,ocean,MV IBERIAN GLORY,9332507,off Singapore,2026-06-20T07:12Z,GBFXT,MEDIUM,0.9,CR-PILU,L-SGSIN-GBFXT,21150.0,52.0,67267.0,CIF,8,standard,2026-06-21T12:00Z,-1.2,,2026-06-18T21:12Z
S-702419,ORD-49239,P-MC-7102,Yantian,Callao (Lima),6,ocean,MV CALEDONIAN BREEZE,9550460,off Yantian,2026-05-30T02:24Z,PEMRI,LOW,0.9,CR-CMDU,L-CNYTN-PEMRI,18359.0,55.4,7177.0,DAP,9,standard,2026-05-29T12:00Z,0.6,,2026-05-28T12:24Z
S-702420,ORD-46870,P-PK-4501,Frankfurt am Main Airport,Shanghai,29,air,AF-CARGO-813,N/A,Shanghai approach,2026-05-22T16:48Z,CNSHA,MEDIUM,1.3,CR-AFKA,L-DEFRA-CNSHA,10624.0,6.4,675.0,CIF,none,standard,2026-05-21T12:00Z,1.2,,2026-05-19T20:48Z
S-702421,ORD-48885,P-MC-7101,Hamburg,Santos,5,ocean,MV NIPPON PIONEER,9935987,in transit,2026-06-11T14:24Z,BRSSZ,MEDIUM,1.7,CR-PILU,L-DEHAM-BRSSZ,6468.0,49.9,69738.0,DDU,none,standard,2026-06-11T12:00Z,0.1,,2026-06-09T04:24Z
S-702422,ORD-49428,P-PW-1802,New York/New Jersey,London Heathrow Airport,9,air,UP-CARGO-204,N/A,approaching London Heathrow Airport,2026-05-20T14:24Z,LHRGB,LOW,0.1,CR-UPSA,L-USNYC-LHRGB,5801.0,50.7,2093.0,DDU,none,standard,2026-05-20T12:00Z,0.1,,2026-05-19T16:24Z
S-702423,ORD-46308,P-SW-3002,Los Angeles,Sydney Kingsford Smith Airport,35,air,QT-CARGO-139,N/A,Sydney Kingsford Smith Airport approach,2026-05-23T04:48Z,AUSYD,LOW,0.1,CR-QTRA,L-USLAX-AUSYD,16719.0,3.7,1265.0,CIF,9,premium,2026-05-23T12:00Z,-0.3,,2026-05-22T11:48Z
S-702424,ORD-47424,P-MC-7102,Hamburg,Santos,22,ocean,MV PACIFIC BREEZE,9628583,off Hamburg,2026-06-07T00:00Z,BRSSZ,MEDIUM,1.7,CR-HLCU,L-DEHAM-BRSSZ,24484.0,40.9,42.0,FOB,8,premium,2026-06-07T12:00Z,-0.5,,2026-06-06T06:00Z
S-702425,ORD-44186,P-CH-2211,Qingdao,Le Havre,26,ocean,MV TROPIC EXPRESS,9405920,approaching Le Havre,2026-06-14T19:12Z,FRLEH,MEDIUM,1.0,CR-HMMU,L-CNQIN-FRLEH,10768.0,35.2,5211.0,CIF,none,economy,2026-06-13T12:00Z,1.3,,2026-06-13T23:12Z
S-702426,ORD-44973,P-PK-4500,Shanghai,Düsseldorf Rail Terminal,30,rail,DB SCH-9761,N/A,approaching Düsseldorf Rail Terminal,2026-06-03T16:48Z,DEDUS,LOW,0.2,CR-DBSC,L-CNSHA-DEDUS,24371.0,46.6,274.0,CIF,none,standard,2026-06-04T12:00Z,-0.8,,2026-06-03T02:48Z
S-702427,ORD-49671,P-CH-2210,Hong Kong,Frankfurt am Main Airport,15,air,UP-CARGO-945,N/A,off Hong Kong,2026-05-24T00:00Z,DEFRA,LOW,0.1,CR-UPSA,L-HKHKG-DEFRA,10859.0,4.0,902.0,CIF,none,economy,2026-05-24T12:00Z,-0.5,,2026-05-23T19:00Z
S-702428,ORD-47618,P-PW-1850,Hong Kong,Frankfurt am Main Airport,7,air,CX-CARGO-259,N/A,in transit,2026-05-20T07:12Z,DEFRA,LOW,0.1,CR-CXCA,L-HKHKG-DEFRA,12090.0,37.0,5558.0,FOB,9,economy,2026-05-20T12:00Z,-0.2,,2026-05-19T22:12Z
S-702429,ORD-46690,P-EL-9003,Chicago O'Hare Airport,Hong Kong,15,air,FD-CARGO-858,N/A,off Chicago O'Hare Airport,2026-05-27T04:48Z,HKHKG,LOW,0.8,CR-FDXA,L-USORD-HKHKG,16865.0,11.4,2110.0,DAP,none,premium,2026-05-23T12:00Z,3.7,,2026-05-26T01:48Z
S-702430,ORD-46115,P-PW-1801,Busan,Los Angeles,6,ocean,MV PACIFIC EXPRESS,9163116,approaching Los Angeles,2026-06-04T02:24Z,USLAX,HIGH,2.6,CR-WHLU,L-KRPUS-USLAX,17034.0,8.8,166271.0,DAP,none,standard,2026-05-31T12:00Z,3.6,,2026-06-02T15:24Z
S-702431,ORD-44331,P-MC-7100,Busan,New York/New Jersey,13,ocean,MV ATLANTIC SPIRIT,9756946,New York/New Jersey approach,2026-06-22T12:00Z,USNYC,MEDIUM,1.6,CR-HLCU,L-KRPUS-USNYC,20548.0,19.4,67.0,EXW,none,standard,2026-06-21T12:00Z,1.0,,2026-06-21T17:00Z
S-702432,ORD-44349,P-EL-9101,Hong Kong,Oakland,20,ocean,MV TROPIC GUARDIAN,9609798,in transit,2026-05-28T19:12Z,USOAK,MEDIUM,1.4,CR-ONEY,L-HKHKG-USOAK,16002.0,2.1,557.0,DDP,9,standard,2026-05-27T12:00Z,1.3,,2026-05-27T20:12Z
S-702433,ORD-49944,P-PK-4500,Shanghai,Hamburg,4,ocean,MV ATLANTIC STAR,9503888,in transit,2026-06-02T21:36Z,DEHAM,HIGH,3.2,CR-HMMU,L-CNSHA-DEHAM,6751.0,24.1,14334.0,FOB,8,premium,2026-06-01T12:00Z,1.4,,2026-06-02T18:36Z
S-702434,ORD-44082,P-CH-2211,Busan,New York/New Jersey,9,ocean,MV BALTIC GUARDIAN,9321293,50 nm from New York/New Jersey,2026-06-13T14:24Z,USNYC,MEDIUM,1.6,CR-WHLU,L-KRPUS-USNYC,7736.0,40.1,17204.0,FOB,none,economy,2026-06-12T12:00Z,1.1,,2026-06-11T09:24Z
S-702435,ORD-49300,P-SN-5001,Mundra,Felixstowe,35,ocean,MV CALEDONIAN STAR,9276979,in transit,2026-05-22T12:00Z,GBFXT,MEDIUM,0.9,CR-HLCU,L-INMUN-GBFXT,3036.0,1.0,1351.0,DDP,9,standard,2026-05-22T12:00Z,-0.0,,2026-05-20T02:00Z
S-702436,ORD-47881,P-CH-2210,Hamburg,Genoa,25,road,DACHSE-4072,N/A,off Hamburg,2026-05-23T19:12Z,ITGOA,MEDIUM,1.2,CR-DACH,L-DEHAM-ITGOA,13350.0,13.5,1475.0,DAP,none,standard,2026-05-24T12:00Z,-0.7,,2026-05-23T17:12Z
S-702437,ORD-49358,P-PW-1801,Hong Kong,Rotterdam,6,ocean,MV ATLANTIC PIONEER,9333764,in transit,2026-05-30T00:00Z,NLRTM,LOW,0.4,CR-DSVS,L-HKHKG-NLRTM,11734.0,8.2,10577.0,CIF,none,standard,2026-05-28T12:00Z,1.5,,2026-05-28T06:00Z
S-702438,ORD-49106,P-PW-1850,Mundra,Felixstowe,34,ocean,MV ARCTIC PIONEER,9500556,45 nm from Felixstowe,2026-06-06T12:00Z,GBFXT,MEDIUM,0.9,CR-PILU,L-INMUN-GBFXT,1864.0,47.5,254.0,EXW,9,premium,2026-06-08T12:00Z,-2.0,,2026-06-04T08:00Z
S-702439,ORD-46526,P-EL-9001,Singapore,Rotterdam,15,ocean,MV PACIFIC TRADER,9263476,107 nm from Rotterdam,2026-06-17T09:36Z,NLRTM,LOW,0.4,CR-CMDU,L-SGSIN-NLRTM,8864.0,51.7,9118.0,EXW,none,standard,2026-06-17T12:00Z,-0.1,port_congestion,2026-06-15T22:36Z
S-702440,ORD-46139,P-PW-1801,Hamburg,Santos,23,ocean,MV NIPPON CRYSTAL,9199338,approaching Santos,2026-06-07T12:00Z,BRSSZ,MEDIUM,1.7,CR-YMLU,L-DEHAM-BRSSZ,13456.0,19.0,2096.0,FOB,9,economy,2026-06-08T12:00Z,-1.0,,2026-06-05T23:00Z
S-702441,ORD-47272,P-MC-7101,Singapore,Rotterdam,15,ocean,MV NIPPON SPIRIT,9831597,33 nm from Rotterdam,2026-05-26T09:36Z,NLRTM,LOW,0.4,CR-MAEU,L-SGSIN-NLRTM,12672.0,6.6,411.0,DDU,none,premium,2026-05-26T12:00Z,-0.1,,2026-05-25T19:36Z
S-702442,ORD-46125,P-PW-1802,Chicago O'Hare Airport,Hong Kong,6,air,FD-CARGO-222,N/A,Hong Kong approach,2026-05-26T00:00Z,HKHKG,LOW,0.8,CR-FDXA,L-USORD-HKHKG,17208.0,45.9,6813.0,CIF,none,premium,2026-05-23T12:00Z,2.5,,2026-05-25T07:00Z
S-702443,ORD-48472,P-CH-2211,Qingdao,Le Havre,35,ocean,MV BALTIC STAR,9454520,approaching Le Havre,2026-06-26T12:00Z,FRLEH,MEDIUM,1.0,CR-HLCU,L-CNQIN-FRLEH,11393.0,42.6,4497.0,DDU,3,standard,2026-06-26T12:00Z,0.0,,2026-06-26T04:00Z
S-702444,ORD-48958,P-EL-9101,Chicago O'Hare Airport,Hong Kong,27,air,LH-CARGO-517,N/A,Hong Kong approach,2026-05-28T04:48Z,HKHKG,LOW,0.8,CR-LHCA,L-USORD-HKHKG,23317.0,4.0,21401.0,DDP,none,premium,2026-05-20T12:00Z,7.7,vessel_change,2026-05-26T21:48Z
S-702445,ORD-45992,P-EL-9002,Ningbo,Rotterdam,26,ocean,MV BALTIC SPIRIT,9410091,156 nm from Rotterdam,2026-06-18T14:24Z,NLRTM,LOW,0.4,CR-WHLU,L-CNNGB-NLRTM,17797.0,49.1,496.0,FOB,none,economy,2026-06-14T12:00Z,4.1,vessel_change,2026-06-16T20:24Z
S-702446,ORD-46747,P-EL-9002,Singapore,Frankfurt am Main Airport,18,air,AF-CARGO-926,N/A,in transit,2026-05-23T14:24Z,DEFRA,LOW,0.1,CR-AFKA,L-SGSIN-DEFRA,8992.0,38.7,1623.0,CIF,3,standard,2026-05-23T12:00Z,0.1,,2026-05-22T07:24Z
S-702447,ORD-44413,P-PW-1801,Shanghai,Rotterdam,28,ocean,MV NIPPON STAR,9717929,Rotterdam approach,2026-06-19T21:36Z,NLRTM,LOW,0.4,CR-WHLU,L-CNSHA-NLRTM,15736.0,32.4,4974.0,DDP,none,standard,2026-06-17T12:00Z,2.4,,2026-06-18T04:36Z
S-702448,ORD-48212,P-EL-9001,Tianjin,Hamburg,6,ocean,MV ASIAN SPIRIT,9212047,in transit,2026-06-17T02:24Z,DEHAM,HIGH,3.2,CR-PILU,L-CNTAO-DEHAM,8538.0,5.1,410.0,FOB,none,premium,2026-06-16T12:00Z,0.6,,2026-06-17T01:24Z
S-702449,ORD-49828,P-CH-2230,Ningbo,Rotterdam,6,ocean,MV PACIFIC GUARDIAN,9683508,approaching Rotterdam,2026-06-18T04:48Z,NLRTM,LOW,0.4,CR-ZIMU,L-CNNGB-NLRTM,2016.0,12.0,302.0,DAP,none,standard,2026-06-17T12:00Z,0.7,,2026-06-17T15:48Z
S-702450,ORD-45572,P-PW-1802,New York/New Jersey,London Heathrow Airport,10,air,LH-CARGO-572,N/A,off New York/New Jersey,2026-05-21T04:48Z,LHRGB,LOW,0.1,CR-LHCA,L-USNYC-LHRGB,22874.0,57.7,1070.0,DDP,none,economy,2026-05-20T12:00Z,0.7,,2026-05-18T17:48Z
S-702451,ORD-44153,P-CH-2211,Antwerp,New York/New Jersey,16,ocean,MV TROPIC GLORY,9199000,in transit,2026-05-31T21:36Z,USNYC,MEDIUM,1.6,CR-HLCU,L-BEANR-USNYC,14625.0,21.9,7715.0,DDP,none,standard,2026-06-01T12:00Z,-0.6,,2026-05-31T06:36Z
S-702452,ORD-49756,P-PW-1802,Los Angeles,Sydney Kingsford Smith Airport,22,air,CX-CARGO-192,N/A,approaching Sydney Kingsford Smith Airport,2026-05-23T21:36Z,AUSYD,LOW,0.1,CR-CXCA,L-USLAX-AUSYD,2999.0,20.5,250000,DAP,none,standard,2026-05-23T12:00Z,0.4,delayed,2026-05-22T14:36Z
S-702453,ORD-48069,P-PK-4500,Hong Kong,Rotterdam,19,ocean,MV TROPIC VICTORY,9897254,Rotterdam approach,2026-06-21T16:48Z,NLRTM,LOW,0.4,CR-COSU,L-HKHKG-NLRTM,7504.0,51.3,2457.0,DAP,none,premium,2026-06-21T12:00Z,0.2,,2026-06-19T09:48Z
S-702454,ORD-44928,P-MC-7102,Hong Kong,Rotterdam,7,ocean,MV ARCTIC PIONEER,9263480,off Hong Kong,2026-06-16T21:36Z,NLRTM,LOW,0.4,CR-EGLV,L-HKHKG-NLRTM,2341.0,31.3,2441.0,FOB,none,premium,2026-06-18T12:00Z,-1.6,customs_hold,2026-06-15T18:36Z
S-702455,ORD-49646,P-SN-5001,Hong Kong,Oakland,34,ocean,MV BALTIC EXPRESS,9232550,off Hong Kong,2026-06-01T14:24Z,USOAK,MEDIUM,1.4,CR-DSVS,L-HKHKG-USOAK,4626.0,1.5,305.0,FOB,3,premium,2026-05-31T12:00Z,1.1,,2026-05-30T21:24Z
S-702456,ORD-46462,P-MC-7101,Singapore,Felixstowe,34,ocean,MV NORDIC GUARDIAN,9651520,73 nm from Felixstowe,2026-06-10T21:36Z,GBFXT,MEDIUM,0.9,CR-ZIMU,L-SGSIN-GBFXT,13445.0,34.7,2670.0,DDP,8,standard,2026-06-10T12:00Z,0.4,,2026-06-08T23:36Z
S-702457,ORD-47125,P-MC-7100,Yantian,Callao (Lima),19,ocean,MV TROPIC GUARDIAN,9722862,148 nm from Callao (Lima),2026-06-21T12:00Z,PEMRI,LOW,0.9,CR-WHLU,L-CNYTN-PEMRI,18752.0,45.1,29.0,CIF,none,economy,2026-06-20T12:00Z,1.0,,2026-06-20T16:00Z
S-702458,ORD-44122,P-CH-2210,Tianjin,Łódź Rail Terminal,16,rail,DB SCH-4596,N/A,Łódź Rail Terminal approach,2026-05-28T19:12Z,PLLDZ,LOW,0.2,CR-DBSC,L-CNTAO-PLLDZ,22395.0,45.6,141.0,DAP,none,standard,2026-05-29T12:00Z,-0.7,,2026-05-27T08:12Z
S-702459,ORD-48208,P-PK-4500,Qingdao,Le Havre,3,ocean,MV ARCTIC GUARDIAN,9964316,20 nm from Le Havre,2026-06-05T00:00Z,FRLEH,MEDIUM,1.0,CR-HLCU,L-CNQIN-FRLEH,7598.0,48.5,16987.0,DDU,3,premium,2026-06-05T12:00Z,-0.5,delayed,2026-06-04T09:00Z
S-702460,ORD-46990,P-MC-7200,Yantian,Hamburg,14,ocean,MV ATLANTIC PIONEER,9979850,109 nm from Hamburg,2026-06-19T14:24Z,DEHAM,HIGH,3.2,CR-MAEU,L-CNYTN-DEHAM,4035.0,54.9,1359.0,DAP,9,standard,2026-06-18T12:00Z,1.1,damage,2026-06-17T18:24Z
S-702461,ORD-44575,P-EL-9003,Valencia,Veracruz,6,ocean,MV PACIFIC GLORY,9286267,approaching Veracruz,2026-06-10T00:00Z,MXVER,MEDIUM,1.3,CR-ZIMU,L-ESVLC-MXVER,11415.0,59.3,709.0,FOB,none,premium,2026-06-07T12:00Z,2.5,vessel_change,2026-06-07T22:00Z
S-702462,ORD-44967,P-SW-3001,Genoa,Charleston,29,ocean,MV ASIAN GUARDIAN,9243538,off Genoa,2026-05-22T21:36Z,USCHS,LOW,0.7,CR-DSVS,L-ITGOA-USCHS,7737.0,10.4,2477.0,DAP,8,premium,2026-05-22T12:00Z,0.4,,2026-05-21T23:36Z
S-702463,ORD-44140,P-SN-5001,Yantian,Callao (Lima),33,ocean,MV ARCTIC GLORY,9537084,in transit,2026-05-23T07:12Z,PEMRI,LOW,0.9,CR-HMMU,L-CNYTN-PEMRI,10569.0,27.1,7170.0,CIF,3,premium,2026-05-21T12:00Z,1.8,,2026-05-21T10:12Z
S-702464,ORD-44528,P-PW-1850,Tianjin,Łódź Rail Terminal,33,rail,DB SCH-7597,N/A,off Tianjin,2026-05-27T19:12Z,PLLDZ,LOW,0.2,CR-DBSC,L-CNTAO-PLLDZ,6993.0,55.6,1132.0,DDP,9,standard,2026-05-28T12:00Z,-0.7,,2026-05-27T09:12Z
S-702465,ORD-47518,P-MC-7101,Hong Kong,Frankfurt am Main Airport,24,air,FD-CARGO-851,N/A,in transit,2026-05-23T12:00Z,DEFRA,LOW,0.1,CR-FDXA,L-HKHKG-DEFRA,3205.0,18.5,546.0,DDU,none,premium,2026-05-22T12:00Z,1.0,,2026-05-21T02:00Z
S-702466,ORD-46220,P-MC-7100,Hamburg,Durban,2,ocean,MV TROPIC CRYSTAL,9457919,in transit,2026-05-31T07:12Z,ZADUR,MEDIUM,1.5,CR-ZIMU,L-DEHAM-ZADUR,12504.0,21.5,23802.0,FOB,none,standard,2026-05-29T12:00Z,1.8,,2026-05-28T11:12Z
S-702467,ORD-46873,P-SW-3001,Rotterdam,New York/New Jersey,14,ocean,MV TROPIC EXPRESS,9676884,off Rotterdam,2026-05-21T07:12Z,USNYC,MEDIUM,1.6,CR-WHLU,L-NLRTM-USNYC,13611.0,28.3,103715.0,DDU,8,economy,2026-05-22T12:00Z,-1.2,,2026-05-20T21:12Z
S-702468,ORD-49923,P-MC-7100,Busan,Los Angeles,33,ocean,MV NIPPON SPIRIT,9622355,116 nm from Los Angeles,2026-06-02T02:24Z,USLAX,HIGH,2.6,CR-PILU,L-KRPUS-USLAX,7095.0,50.0,52889.0,DAP,none,standard,2026-05-31T12:00Z,1.6,vessel_change,2026-05-30T18:24Z
S-702469,ORD-47110,P-EL-9102,New York/New Jersey,London Heathrow Airport,11,air,UP-CARGO-848,N/A,in transit,2026-05-20T19:12Z,LHRGB,LOW,0.1,CR-UPSA,L-USNYC-LHRGB,11036.0,17.1,4587.0,DDP,8,premium,2026-05-20T12:00Z,0.3,,2026-05-20T09:12Z
S-702470,ORD-45882,P-PW-1801,Rotterdam,New York/New Jersey,31,ocean,MV TROPIC TRADER,9563465,New York/New Jersey approach,2026-05-26T16:48Z,USNYC,MEDIUM,1.6,CR-ONEY,L-NLRTM-USNYC,22220.0,38.7,250000,DDU,none,economy,2026-05-24T12:00Z,2.2,delayed,2026-05-26T03:48Z
S-702471,ORD-49775,P-PW-1850,Busan,New York/New Jersey,7,ocean,MV ASIAN SPIRIT,9162597,approaching New York/New Jersey,2026-06-12T09:36Z,USNYC,MEDIUM,1.6,CR-DSVS,L-KRPUS-USNYC,7002.0,1.2,8774.0,DDP,none,standard,2026-06-12T12:00Z,-0.1,,2026-06-10T08:36Z
S-702472,ORD-45895,P-MC-7101,Genoa,Charleston,4,ocean,MV NIPPON CRYSTAL,9863200,192 nm from Charleston,2026-06-01T19:12Z,USCHS,LOW,0.7,CR-MSCU,L-ITGOA-USCHS,13469.0,14.4,2123.0,DAP,none,standard,2026-05-30T12:00Z,2.3,,2026-05-30T08:12Z
S-702473,ORD-49474,P-PK-4501,Nhava Sheva,Rotterdam,33,ocean,MV BALTIC EXPRESS,9187728,59 nm from Rotterdam,2026-05-25T04:48Z,NLRTM,LOW,0.4,CR-DSVS,L-INNSA-NLRTM,11379.0,6.6,247.0,DAP,none,premium,2026-05-24T12:00Z,0.7,,2026-05-23T23:48Z
S-702474,ORD-44753,P-MC-7101,Frankfurt am Main Airport,Shanghai,21,air,UP-CARGO-496,N/A,173 nm from Shanghai,2026-05-25T04:48Z,CNSHA,MEDIUM,1.3,CR-UPSA,L-DEFRA-CNSHA,2140.0,2.0,1934.0,DAP,none,premium,2026-05-24T12:00Z,0.7,,2026-05-24T17:48Z
S-702475,ORD-49311,P-EL-9102,Hamburg,Genoa,36,road,XPO LO-5882,N/A,161 nm from Genoa,2026-05-25T12:00Z,ITGOA,MEDIUM,1.2,CR-XPOT,L-DEHAM-ITGOA,15991.0,44.3,7192.0,CIF,none,economy,2026-05-22T12:00Z,3.0,,2026-05-24T08:00Z
S-702476,ORD-47772,P-EL-9002,Nhava Sheva,Rotterdam,9,ocean,MV NIPPON TRADER,9170506,approaching Rotterdam,2026-05-29T12:00Z,NLRTM,LOW,0.4,CR-WHLU,L-INNSA-NLRTM,15844.0,23.7,786.0,FOB,none,premium,2026-05-29T12:00Z,-0.0,,2026-05-27T20:00Z
S-702477,ORD-48376,P-PK-4501,Nhava Sheva,Rotterdam,14,ocean,MV ASIAN PIONEER,9219306,8 nm from Rotterdam,2026-05-26T19:12Z,NLRTM,LOW,0.4,CR-MAEU,L-INNSA-NLRTM,10284.0,40.6,23111.0,CIF,none,standard,2026-05-26T12:00Z,0.3,damage,2026-05-25T15:12Z
S-702478,ORD-47138,P-EL-9003,Mundra,Felixstowe,4,ocean,MV NORDIC EXPRESS,9592320,in transit,2026-05-22T09:36Z,GBFXT,MEDIUM,0.9,CR-DSVS,L-INMUN-GBFXT,602.0,5.1,11681.0,DDU,8,premium,2026-05-23T12:00Z,-1.1,,2026-05-20T03:36Z
S-702479,ORD-46384,P-MC-7100,Tokyo,Vancouver,14,ocean,MV ATLANTIC GUARDIAN,9247188,in transit,2026-05-29T21:36Z,CASOG,LOW,0.6,CR-EGLV,L-JPTYO-CASOG,15448.0,33.2,1302.0,FOB,none,standard,2026-05-28T12:00Z,1.4,,2026-05-28T08:36Z
S-702480,ORD-47690,P-PW-1850,Hamburg,Durban,15,ocean,MV ARCTIC PIONEER,9259696,in transit,2026-06-03T09:36Z,ZADUR,MEDIUM,1.5,CR-DSVS,L-DEHAM-ZADUR,105.0,13.4,11889.0,EXW,9,economy,2026-06-03T12:00Z,-0.1,,2026-06-03T08:36Z
S-702481,ORD-47873,P-CH-2211,Hamburg,Santos,3,ocean,MV TROPIC STAR,9704004,18 nm from Santos,2026-05-20T12:00Z,BRSSZ,MEDIUM,1.7,CR-HMMU,L-DEHAM-BRSSZ,23337.0,43.0,7292.0,EXW,3,premium,2026-05-21T12:00Z,-1.0,,2026-05-19T07:00Z
S-702482,ORD-46005,P-SW-3001,Hamburg,Santos,36,ocean,MV NIPPON PIONEER,9834662,Santos approach,2026-06-10T07:12Z,BRSSZ,MEDIUM,1.7,CR-HMMU,L-DEHAM-BRSSZ,6323.0,43.1,371.0,DAP,none,standard,2026-06-09T12:00Z,0.8,,2026-06-08T07:12Z
S-702483,ORD-47669,P-PK-4501,Antwerp,New York/New Jersey,17,ocean,MV ATLANTIC GLORY,9340775,New York/New Jersey approach,2026-05-23T07:12Z,USNYC,MEDIUM,1.6,CR-WHLU,L-BEANR-USNYC,13642.0,29.0,5440.0,DDP,none,standard,2026-05-22T12:00Z,0.8,,2026-05-21T12:12Z
S-702484,ORD-46646,P-PW-1802,Valencia,Veracruz,32,ocean,MV IBERIAN GLORY,9603436,Veracruz approach,2026-05-21T04:48Z,MXVER,MEDIUM,1.3,CR-CMDU,L-ESVLC-MXVER,15045.0,57.0,6803.0,CIF,3,premium,2026-05-20T12:00Z,0.7,,2026-05-20T23:48Z
S-702485,ORD-48519,P-MC-7102,Busan,Los Angeles,21,ocean,MV ATLANTIC BREEZE,9824177,Los Angeles approach,2026-05-23T12:00Z,USLAX,HIGH,2.6,CR-KNES,L-KRPUS-USLAX,2166.0,46.6,3791.0,EXW,3,economy,2026-05-20T12:00Z,3.0,,2026-05-22T21:00Z
S-702486,ORD-47858,P-SW-3001,Valencia,Veracruz,1,ocean,MV TROPIC BREEZE,9601388,off Valencia,2026-06-05T02:24Z,MXVER,MEDIUM,1.3,CR-DSVS,L-ESVLC-MXVER,5118.0,12.8,806.0,DAP,none,economy,2026-06-02T12:00Z,2.6,,2026-06-02T04:24Z
S-702487,ORD-46313,P-MC-7200,Valencia,Veracruz,21,ocean,MV ASIAN STAR,9125632,approaching Veracruz,2026-05-31T14:24Z,MXVER,MEDIUM,1.3,CR-KNES,L-ESVLC-MXVER,8852.0,14.8,8696.0,FOB,none,standard,2026-05-30T12:00Z,1.1,,2026-05-31T10:24Z
S-702488,ORD-48224,P-CH-2230,Busan,New York/New Jersey,24,ocean,MV ARCTIC SPIRIT,9975342,off Busan,2026-05-22T14:24Z,USNYC,MEDIUM,1.6,CR-YMLU,L-KRPUS-USNYC,10988.0,37.3,182.0,EXW,none,standard,2026-05-22T12:00Z,0.1,delayed,2026-05-19T22:24Z
S-702489,ORD-48909,P-PK-4500,Yantian,Los Angeles,31,ocean,MV ATLANTIC SPIRIT,9125559,approaching Los Angeles,2026-06-02T14:24Z,USLAX,HIGH,2.6,CR-PILU,L-CNYTN-USLAX,20090.0,37.4,3900.0,DDU,none,standard,2026-06-01T12:00Z,1.1,,2026-05-31T21:24Z
S-702490,ORD-48705,P-EL-9102,Yantian,Callao (Lima),34,ocean,MV BALTIC GLORY,9856130,approaching Callao (Lima),2026-05-24T16:48Z,PEMRI,LOW,0.9,CR-COSU,L-CNYTN-PEMRI,9616.0,47.3,3660.0,FOB,none,premium,2026-05-24T12:00Z,0.2,,2026-05-24T09:48Z
S-702491,ORD-46771,P-PW-1802,Yantian,Callao (Lima),12,ocean,MV ARCTIC GLORY,9900330,Callao (Lima) approach,2026-06-15T14:24Z,PEMRI,LOW,0.9,CR-MSCU,L-CNYTN-PEMRI,5210.0,0.6,1595.0,FOB,none,standard,2026-06-16T12:00Z,-0.9,,2026-06-14T07:24Z
S-702492,ORD-47292,P-PW-1802,Rotterdam,Santos,29,ocean,MV CALEDONIAN GUARDIAN,9212905,off Rotterdam,2026-05-21T07:12Z,BRSSZ,MEDIUM,1.7,CR-CMDU,L-NLRTM-BRSSZ,12631.0,36.6,8994.0,DDP,9,standard,2026-05-20T12:00Z,0.8,,2026-05-20T10:12Z
S-702493,ORD-47621,P-SW-3001,Hamburg,Genoa,15,road,DACHSE-6126,N/A,approaching Genoa,2026-05-25T09:36Z,ITGOA,MEDIUM,1.2,CR-DACH,L-DEHAM-ITGOA,17655.0,41.2,660.0,DDU,none,premium,2026-05-22T12:00Z,2.9,,2026-05-22T09:36Z
S-702494,ORD-48550,P-EL-9003,Tokyo,Vancouver,5,ocean,MV IBERIAN BREEZE,9802895,approaching Vancouver,2026-06-05T00:00Z,CASOG,LOW,0.6,CR-YMLU,L-JPTYO-CASOG,13937.0,54.9,20236.0,EXW,none,standard,2026-05-29T12:00Z,6.5,vessel_change,2026-06-04T17:00Z
S-702495,ORD-44049,P-MC-7100,Singapore,Felixstowe,8,ocean,MV CALEDONIAN GUARDIAN,9260713,in transit,2026-05-31T21:36Z,GBFXT,MEDIUM,0.9,CR-MSCU,L-SGSIN-GBFXT,5910.0,21.5,40079.0,DDU,9,premium,2026-05-31T12:00Z,0.4,,2026-05-29T19:36Z
S-702496,ORD-46532,P-EL-9101,Tokyo,Vancouver,32,ocean,MV NIPPON CRYSTAL,9645075,off Tokyo,2026-05-28T14:24Z,CASOG,LOW,0.6,CR-WHLU,L-JPTYO-CASOG,16148.0,12.4,1027.0,FOB,3,standard,2026-05-27T12:00Z,1.1,,2026-05-26T09:24Z
S-702497,ORD-45033,P-MC-7200,New York/New Jersey,London Heathrow Airport,15,air,FD-CARGO-573,N/A,141 nm from London Heathrow Airport,2026-05-21T14:24Z,LHRGB,LOW,0.1,CR-FDXA,L-USNYC-LHRGB,24048.0,15.5,354.0,CIF,none,standard,2026-05-20T12:00Z,1.1,,2026-05-19T17:24Z
S-702498,ORD-45288,P-EL-9102,Tianjin,Hamburg,26,ocean,MV BALTIC GUARDIAN,9906583,approaching Hamburg,2026-06-09T00:00Z,DEHAM,HIGH,3.2,CR-DSVS,L-CNTAO-DEHAM,15239.0,0.7,1961.0,DAP,none,standard,2026-06-09T12:00Z,-0.5,,2026-06-07T16:00Z
S-702499,ORD-44889,P-SW-3001,Jebel Ali (Dubai),Rotterdam,18,ocean,MV BALTIC EXPRESS,9933849,approaching Rotterdam,2026-06-03T21:36Z,NLRTM,LOW,0.4,CR-EGLV,L-AEDXB-NLRTM,14796.0,23.2,1419.0,EXW,3,standard,2026-06-04T12:00Z,-0.6,,2026-06-01T01:36Z
S-702500,ORD-45994,P-CH-2211,New York/New Jersey,London Heathrow Airport,30,air,CX-CARGO-205,N/A,59 nm from London Heathrow Airport,2026-05-24T02:24Z,LHRGB,LOW,0.1,CR-CXCA,L-USNYC-LHRGB,7736.0,13.3,3667.0,DDP,none,economy,2026-05-23T12:00Z,0.6,,2026-05-21T10:24Z
S-702501,ORD-47625,P-MC-7200,Qingdao,Le Havre,34,ocean,MV TROPIC PIONEER,9302912,off Qingdao,2026-06-18T02:24Z,FRLEH,MEDIUM,1.0,CR-HMMU,L-CNQIN-FRLEH,25456.0,43.6,23960.0,DDP,8,standard,2026-06-18T12:00Z,-0.4,,2026-06-17T12:24Z
S-702502,ORD-45631,P-MC-7100,Antwerp,New York/New Jersey,16,ocean,MV CALEDONIAN STAR,9821894,off Antwerp,2026-06-01T19:12Z,USNYC,MEDIUM,1.6,CR-MAEU,L-BEANR-USNYC,7956.0,57.7,3248.0,EXW,none,economy,2026-06-01T12:00Z,0.3,,2026-05-31T06:12Z
S-702503,ORD-47907,P-MC-7101,Nhava Sheva,Rotterdam,32,ocean,MV ARCTIC GLORY,9975844,186 nm from Rotterdam,2026-05-25T00:00Z,NLRTM,LOW,0.4,CR-CMDU,L-INNSA-NLRTM,21910.0,1.0,546.0,EXW,none,premium,2026-05-24T12:00Z,0.5,delayed,2026-05-24T08:00Z
S-702504,ORD-44812,P-SN-5001,Jebel Ali (Dubai),Frankfurt am Main Airport,35,air,FD-CARGO-848,N/A,Frankfurt am Main Airport approach,2026-05-23T16:48Z,DEFRA,LOW,0.1,CR-FDXA,L-AEDXB-DEFRA,3827.0,24.7,17079.0,EXW,none,premium,2026-05-20T12:00Z,3.2,,2026-05-20T18:48Z
S-702505,ORD-46981,P-PK-4500,Jebel Ali (Dubai),Frankfurt am Main Airport,24,air,LH-CARGO-906,N/A,approaching Frankfurt am Main Airport,2026-05-25T09:36Z,DEFRA,LOW,0.1,CR-LHCA,L-AEDXB-DEFRA,13023.0,36.0,1721.0,DDP,3,premium,2026-05-23T12:00Z,1.9,customs_hold,2026-05-23T19:36Z
S-702506,ORD-49493,P-PK-4501,Hong Kong,Oakland,27,ocean,MV NIPPON PIONEER,9917238,Oakland approach,2026-06-02T09:36Z,USOAK,MEDIUM,1.4,CR-MSCU,L-HKHKG-USOAK,13017.0,52.1,192.0,CIF,none,standard,2026-05-31T12:00Z,1.9,delayed,2026-06-01T16:36Z
S-702507,ORD-45129,P-EL-9101,Mundra,Felixstowe,12,ocean,MV PACIFIC PIONEER,9392763,in transit,2026-06-01T00:00Z,GBFXT,MEDIUM,0.9,CR-MSCU,L-INMUN-GBFXT,19733.0,0.4,10166.0,FOB,9,standard,2026-05-29T12:00Z,2.5,,2026-05-31T07:00Z
S-702508,ORD-46909,P-SW-3002,Jebel Ali (Dubai),Rotterdam,32,ocean,MV BALTIC SPIRIT,9671073,off Jebel Ali (Dubai),2026-06-03T12:00Z,NLRTM,LOW,0.4,CR-HMMU,L-AEDXB-NLRTM,12127.0,2.7,450.0,CIF,none,standard,2026-06-02T12:00Z,1.0,,2026-05-31T20:00Z
S-702509,ORD-49767,P-MC-7100,Busan,New York/New Jersey,23,ocean,MV ARCTIC TRADER,9625405,New York/New Jersey approach,2026-06-23T02:24Z,USNYC,MEDIUM,1.6,CR-DSVS,L-KRPUS-USNYC,12103.0,2.4,276.0,DDU,none,economy,2026-06-20T12:00Z,2.6,,2026-06-21T01:24Z
S-702510,ORD-44962,P-PW-1802,Singapore,Felixstowe,33,ocean,MV TROPIC VICTORY,9505118,in transit,2026-05-27T12:00Z,GBFXT,MEDIUM,0.9,CR-KNES,L-SGSIN-GBFXT,549.0,37.0,2227.0,DAP,none,standard,2026-05-25T12:00Z,2.0,,2026-05-26T04:00Z
S-702511,ORD-48469,P-EL-9001,Genoa,Charleston,26,ocean,MV ATLANTIC PIONEER,9304783,in transit,2026-06-07T02:24Z,USCHS,LOW,0.7,CR-MSCU,L-ITGOA-USCHS,16384.0,7.0,1680.0,DDU,none,economy,2026-06-06T12:00Z,0.6,,2026-06-05T11:24Z
S-702512,ORD-44315,P-PW-1801,Yokohama,Los Angeles,13,ocean,MV NIPPON GLORY,9535814,approaching Los Angeles,2026-05-27T02:24Z,USLAX,HIGH,2.6,CR-MAEU,L-JPYOK-USLAX,25842.0,23.4,6543.0,CIF,8,standard,2026-05-26T12:00Z,0.6,,2026-05-25T09:24Z
S-702513,ORD-45874,P-EL-9102,Los Angeles,Sydney Kingsford Smith Airport,25,air,UP-CARGO-816,N/A,in transit,2026-05-21T19:12Z,AUSYD,LOW,0.1,CR-UPSA,L-USLAX-AUSYD,19509.0,33.0,4153.0,DAP,none,economy,2026-05-21T12:00Z,0.3,,2026-05-21T14:12Z
S-702514,ORD-45693,P-MC-7101,Busan,New York/New Jersey,5,ocean,MV IBERIAN PIONEER,9973716,approaching New York/New Jersey,2026-06-18T09:36Z,USNYC,MEDIUM,1.6,CR-CMDU,L-KRPUS-USNYC,8299.0,4.9,3660.0,EXW,none,premium,2026-06-18T12:00Z,-0.1,,2026-06-15T21:36Z
S-702515,ORD-46435,P-PW-1850,Mundra,Felixstowe,29,ocean,MV NIPPON GUARDIAN,9894468,30 nm from Felixstowe,2026-06-10T07:12Z,GBFXT,MEDIUM,0.9,CR-ZIMU,L-INMUN-GBFXT,11436.0,50.2,4346.0,DDU,none,economy,2026-06-10T12:00Z,-0.2,,2026-06-09T15:12Z
S-702516,ORD-44961,P-SW-3001,Jebel Ali (Dubai),Rotterdam,14,ocean,MV NIPPON VICTORY,9855556,approaching Rotterdam,2026-06-09T16:48Z,NLRTM,LOW,0.4,CR-CMDU,L-AEDXB-NLRTM,17701.0,18.4,3087.0,FOB,none,standard,2026-06-08T12:00Z,1.2,,2026-06-08T19:48Z
S-702517,ORD-46247,P-MC-7101,Valencia,Veracruz,30,ocean,MV IBERIAN GLORY,9952815,approaching Veracruz,2026-05-29T09:36Z,MXVER,MEDIUM,1.3,CR-EGLV,L-ESVLC-MXVER,14306.0,23.0,2473.0,CIF,9,standard,2026-05-29T12:00Z,-0.1,,2026-05-27T00:36Z
S-702518,ORD-44695,P-EL-9002,Hong Kong,Rotterdam,17,ocean,MV IBERIAN GUARDIAN,9230652,Rotterdam approach,2026-05-27T21:36Z,NLRTM,LOW,0.4,CR-YMLU,L-HKHKG-NLRTM,22539.0,24.0,43050.0,FOB,none,standard,2026-05-28T12:00Z,-0.6,,2026-05-27T01:36Z
S-702519,ORD-47576,P-PK-4500,Rotterdam,Santos,19,ocean,MV ATLANTIC EXPRESS,9577039,Santos approach,2026-05-21T21:36Z,BRSSZ,MEDIUM,1.7,CR-WHLU,L-NLRTM-BRSSZ,20949.0,23.4,424.0,CIF,none,economy,2026-05-22T12:00Z,-0.6,,2026-05-20T08:36Z
S-702520,ORD-48131,P-PW-1850,Shanghai,Los Angeles,20,ocean,MV ASIAN BREEZE,9639291,Los Angeles approach,2026-05-27T07:12Z,USLAX,HIGH,2.6,CR-ONEY,L-CNSHA-USLAX,5706.0,44.8,64420.0,EXW,none,economy,2026-05-25T12:00Z,1.8,,2026-05-26T05:12Z
S-702521,ORD-47648,P-EL-9003,Shanghai,New York/New Jersey,20,ocean,MV ARCTIC PIONEER,9168348,New York/New Jersey approach,2026-06-03T19:12Z,USNYC,MEDIUM,1.6,CR-ONEY,L-CNSHA-USNYC,5209.0,55.8,11441.0,DDU,9,standard,2026-06-03T12:00Z,0.3,,2026-06-02T00:12Z
S-702522,ORD-44532,P-MC-7101,Rotterdam,New York/New Jersey,18,ocean,MV NIPPON STAR,9951599,in transit,2026-05-23T19:12Z,USNYC,MEDIUM,1.6,CR-PILU,L-NLRTM-USNYC,3823.0,20.3,1564.0,DDU,3,standard,2026-05-22T12:00Z,1.3,,2026-05-22T01:12Z
S-702523,ORD-47779,P-CH-2211,Hamburg,Genoa,8,road,XPO LO-9132,N/A,Genoa approach,2026-05-25T21:36Z,ITGOA,MEDIUM,1.2,CR-XPOT,L-DEHAM-ITGOA,3480.0,11.2,460.0,DAP,3,standard,2026-05-23T12:00Z,2.4,,2026-05-25T03:36Z
S-702524,ORD-47444,P-MC-7101,Frankfurt am Main Airport,Shanghai,2,air,DH-CARGO-215,N/A,in transit,2026-05-22T21:36Z,CNSHA,MEDIUM,1.3,CR-DHLA,L-DEFRA-CNSHA,18568.0,33.9,457.0,CIF,none,premium,2026-05-24T12:00Z,-1.6,customs_hold,2026-05-22T07:36Z
S-702525,ORD-47440,P-PW-1850,Jebel Ali (Dubai),Frankfurt am Main Airport,35,air,EK-CARGO-474,N/A,111 nm from Frankfurt am Main Airport,2026-05-25T09:36Z,DEFRA,LOW,0.1,CR-EKCA,L-AEDXB-DEFRA,9866.0,25.8,902.0,DDU,none,standard,2026-05-23T12:00Z,1.9,,2026-05-24T20:36Z
S-702526,ORD-45358,P-EL-9101,Singapore,Rotterdam,24,ocean,MV ARCTIC VICTORY,9607855,Rotterdam approach,2026-06-12T19:12Z,NLRTM,LOW,0.4,CR-YMLU,L-SGSIN-NLRTM,12913.0,37.5,339.0,CIF,none,standard,2026-06-12T12:00Z,0.3,,2026-06-12T03:12Z
S-702527,ORD-46731,P-MC-7101,New York/New Jersey,London Heathrow Airport,6,air,DH-CARGO-247,N/A,51 nm from London Heathrow Airport,2026-05-24T09:36Z,LHRGB,LOW,0.1,CR-DHLA,L-USNYC-LHRGB,24696.0,27.9,30526.0,CIF,3,economy,2026-05-22T12:00Z,1.9,,2026-05-24T01:36Z
S-702528,ORD-44728,P-SW-3002,Mundra,Felixstowe,31,ocean,MV BALTIC STAR,9212826,approaching Felixstowe,2026-05-30T09:36Z,GBFXT,MEDIUM,0.9,CR-MSCU,L-INMUN-GBFXT,14132.0,42.5,12332.0,DDP,none,economy,2026-05-25T12:00Z,4.9,port_congestion,2026-05-28T15:36Z
S-702529,ORD-44387,P-EL-9003,Ningbo,Rotterdam,15,ocean,MV BALTIC EXPRESS,9603396,49 nm from Rotterdam,2026-05-23T09:36Z,NLRTM,LOW,0.4,CR-ZIMU,L-CNNGB-NLRTM,9132.0,57.6,730.0,EXW,none,standard,2026-05-21T12:00Z,1.9,,2026-05-22T02:36Z
S-702530,ORD-45797,P-MC-7200,Singapore,Felixstowe,6,ocean,MV IBERIAN PIONEER,9759573,off Singapore,2026-05-22T09:36Z,GBFXT,MEDIUM,0.9,CR-ZIMU,L-SGSIN-GBFXT,21425.0,21.7,5252.0,EXW,3,premium,2026-05-21T12:00Z,0.9,,2026-05-20T13:36Z
S-702531,ORD-48104,P-EL-9001,Salalah,Rotterdam,23,ocean,MV BALTIC VICTORY,9720719,Rotterdam approach,2026-05-25T16:48Z,NLRTM,LOW,0.4,CR-CMDU,L-OMSLL-NLRTM,3513.0,49.4,627.0,DDU,none,standard,2026-05-26T12:00Z,-0.8,,2026-05-23T18:48Z
S-702532,ORD-45919,P-PW-1801,Los Angeles,Sydney Kingsford Smith Airport,10,air,DH-CARGO-347,N/A,in transit,2026-05-22T02:24Z,AUSYD,LOW,0.1,CR-DHLA,L-USLAX-AUSYD,11122.0,27.5,67557.0,CIF,3,premium,2026-05-20T12:00Z,1.6,,2026-05-21T17:24Z
S-702533,ORD-48366,P-SW-3001,Tianjin,Łódź Rail Terminal,10,rail,DB SCH-7955,N/A,approaching Łódź Rail Terminal,2026-06-02T00:00Z,PLLDZ,LOW,0.2,CR-DBSC,L-CNTAO-PLLDZ,1147.0,29.7,534.0,DAP,3,premium,2026-06-02T12:00Z,-0.5,,2026-06-01T05:00Z
S-702534,ORD-46600,P-MC-7101,Jebel Ali (Dubai),Rotterdam,11,ocean,MV NORDIC EXPRESS,9177537,approaching Rotterdam,2026-05-30T16:48Z,NLRTM,LOW,0.4,CR-EGLV,L-AEDXB-NLRTM,3062.0,12.0,8244.0,FOB,none,standard,2026-05-30T12:00Z,0.2,,2026-05-29T01:48Z
S-702535,ORD-45647,P-SW-3002,Yantian,Hamburg,36,ocean,MV IBERIAN EXPRESS,9440037,in transit,2026-05-30T07:12Z,DEHAM,HIGH,3.2,CR-EGLV,L-CNYTN-DEHAM,9980.0,43.7,652.0,CIF,none,premium,2026-05-28T12:00Z,1.8,,2026-05-29T06:12Z
S-702536,ORD-47437,P-CH-2211,Tianjin,Łódź Rail Terminal,26,rail,DB SCH-2388,N/A,approaching Łódź Rail Terminal,2026-05-23T02:24Z,PLLDZ,LOW,0.2,CR-DBSC,L-CNTAO-PLLDZ,3801.0,27.2,329.0,DAP,none,standard,2026-05-23T12:00Z,-0.4,,2026-05-21T14:24Z
S-702537,ORD-45066,P-PW-1802,New York/New Jersey,London Heathrow Airport,10,air,EK-CARGO-495,N/A,approaching London Heathrow Airport,2026-05-23T00:00Z,LHRGB,LOW,0.1,CR-EKCA,L-USNYC-LHRGB,14477.0,31.2,72.0,CIF,none,standard,2026-05-22T12:00Z,0.5,,2026-05-20T04:00Z
S-702538,ORD-49730,P-MC-7101,Rotterdam,Santos,29,ocean,MV NORDIC VICTORY,9396170,51 nm from Santos,2026-05-27T14:24Z,BRSSZ,MEDIUM,1.7,CR-MSCU,L-NLRTM-BRSSZ,13791.0,46.0,332.0,DAP,none,premium,2026-05-27T12:00Z,0.1,damage,2026-05-27T07:24Z
S-702539,ORD-46578,P-PW-1802,Valencia,Veracruz,33,ocean,MV IBERIAN EXPRESS,9910370,in transit,2026-06-07T09:36Z,MXVER,MEDIUM,1.3,CR-HLCU,L-ESVLC-MXVER,9815.0,28.5,7509.0,CIF,none,premium,2026-06-07T12:00Z,-0.1,,2026-06-04T15:36Z
S-702540,ORD-49290,P-SN-5001,Ningbo,Rotterdam,12,ocean,MV NORDIC STAR,9394815,approaching Rotterdam,2026-05-23T09:36Z,NLRTM,LOW,0.4,CR-ZIMU,L-CNNGB-NLRTM,17544.0,4.1,404.0,CIF,none,premium,2026-05-21T12:00Z,1.9,,2026-05-20T16:36Z
S-702541,ORD-47756,P-PW-1801,Shanghai,Los Angeles,14,ocean,MV TROPIC PIONEER,9288814,133 nm from Los Angeles,2026-05-30T12:00Z,USLAX,HIGH,2.6,CR-COSU,L-CNSHA-USLAX,5393.0,15.9,1181.0,DDP,none,standard,2026-05-30T12:00Z,0.0,,2026-05-28T23:00Z
S-702542,ORD-47018,P-EL-9101,Frankfurt am Main Airport,Shanghai,36,air,UP-CARGO-702,N/A,Shanghai approach,2026-05-24T02:24Z,CNSHA,MEDIUM,1.3,CR-UPSA,L-DEFRA-CNSHA,7600.0,47.6,3994.0,DAP,3,standard,2026-05-24T12:00Z,-0.4,,2026-05-22T07:24Z
S-702543,ORD-46743,P-SW-3002,Nhava Sheva,Rotterdam,23,ocean,MV ARCTIC SPIRIT,9939245,199 nm from Rotterdam,2026-05-22T14:24Z,NLRTM,LOW,0.4,CR-MSCU,L-INNSA-NLRTM,5744.0,51.2,13973.0,DDP,3,economy,2026-05-20T12:00Z,2.1,damage,2026-05-21T20:24Z
S-702544,ORD-45330,P-CH-2211,Rotterdam,New York/New Jersey,34,ocean,MV ATLANTIC GLORY,9717105,approaching New York/New Jersey,2026-06-02T04:48Z,USNYC,MEDIUM,1.6,CR-HMMU,L-NLRTM-USNYC,25438.0,50.4,13987.0,EXW,none,standard,2026-06-02T12:00Z,-0.3,,2026-06-01T13:48Z
S-702545,ORD-46565,P-PK-4500,Hamburg,Durban,3,ocean,MV ATLANTIC GUARDIAN,9993659,Durban approach,2026-05-30T21:36Z,ZADUR,MEDIUM,1.5,CR-KNES,L-DEHAM-ZADUR,15627.0,26.0,504.0,DAP,none,premium,2026-05-30T12:00Z,0.4,,2026-05-30T00:36Z
S-702546,ORD-48701,P-EL-9101,Genoa,Charleston,18,ocean,MV NIPPON VICTORY,9408907,off Genoa,2026-06-01T12:00Z,USCHS,LOW,0.7,CR-HLCU,L-ITGOA-USCHS,118.0,36.4,28318.0,DAP,none,premium,2026-05-30T12:00Z,2.0,,2026-05-29T20:00Z
S-702547,ORD-48089,P-CH-2210,Shanghai,Los Angeles,7,ocean,MV PACIFIC GUARDIAN,9246305,in transit,2026-05-21T04:48Z,USLAX,HIGH,2.6,CR-YMLU,L-CNSHA-USLAX,2632.0,41.9,441.0,DDU,none,standard,2026-05-22T12:00Z,-1.3,,2026-05-18T07:48Z
S-702548,ORD-44001,P-MC-7102,Genoa,Charleston,3,ocean,MV NORDIC STAR,9515952,Charleston approach,2026-05-21T14:24Z,USCHS,LOW,0.7,CR-YMLU,L-ITGOA-USCHS,16759.0,23.7,1100.0,EXW,none,standard,2026-05-20T12:00Z,1.1,customs_hold,2026-05-18T23:24Z
S-702549,ORD-48817,P-EL-9001,Hamburg,Genoa,6,road,DACHSE-5342,N/A,in transit,2026-05-24T04:48Z,ITGOA,MEDIUM,1.2,CR-DACH,L-DEHAM-ITGOA,10370.0,36.5,2148.0,EXW,none,standard,2026-05-20T12:00Z,3.7,,2026-05-21T10:48Z
S-702550,ORD-46792,P-CH-2211,Tianjin,Hamburg,36,ocean,MV CALEDONIAN TRADER,9534426,in transit,2026-07-01T16:48Z,DEHAM,HIGH,3.2,CR-ONEY,L-CNTAO-DEHAM,3770.0,7.0,10976.0,FOB,none,standard,2026-06-29T12:00Z,2.2,,2026-06-29T07:48Z
S-702551,ORD-49332,P-PK-4500,Shanghai,Düsseldorf Rail Terminal,15,rail,DB SCH-3376,N/A,approaching Düsseldorf Rail Terminal,2026-05-27T21:36Z,DEDUS,LOW,0.2,CR-DBSC,L-CNSHA-DEDUS,694.0,44.3,2467.0,DDP,none,economy,2026-05-26T12:00Z,1.4,,2026-05-27T14:36Z
S-702552,ORD-46553,P-EL-9002,Busan,Los Angeles,9,ocean,MV IBERIAN GUARDIAN,9647579,off Busan,2026-05-24T21:36Z,USLAX,HIGH,2.6,CR-ONEY,L-KRPUS-USLAX,6261.0,52.7,139780.0,EXW,9,standard,2026-05-22T12:00Z,2.4,,2026-05-23T19:36Z
S-702553,ORD-46281,P-PW-1802,Hamburg,Genoa,10,road,XPO LO-5138,N/A,Genoa approach,2026-05-23T04:48Z,ITGOA,MEDIUM,1.2,CR-XPOT,L-DEHAM-ITGOA,4544.0,12.1,128.0,DDP,none,premium,2026-05-20T12:00Z,2.7,,2026-05-20T08:48Z
S-702554,ORD-46098,P-EL-9102,Shanghai,New York/New Jersey,17,ocean,MV PACIFIC PIONEER,9633026,in transit,2026-05-29T00:00Z,USNYC,MEDIUM,1.6,CR-COSU,L-CNSHA-USNYC,22034.0,19.9,2108.0,EXW,none,standard,2026-05-27T12:00Z,1.5,,2026-05-28T17:00Z
S-702555,ORD-46658,P-EL-9102,Hong Kong,Rotterdam,28,ocean,MV IBERIAN GLORY,9885203,approaching Rotterdam,2026-06-08T04:48Z,NLRTM,LOW,0.4,CR-ZIMU,L-HKHKG-NLRTM,11408.0,22.1,43620.0,CIF,none,premium,2026-06-07T12:00Z,0.7,,2026-06-06T23:48Z
S-702556,ORD-48451,P-CH-2211,Tokyo,Vancouver,29,ocean,MV IBERIAN EXPRESS,9923477,in transit,2026-05-28T16:48Z,CASOG,LOW,0.6,CR-MAEU,L-JPTYO-CASOG,1272.0,54.4,2824.0,FOB,none,premium,2026-05-26T12:00Z,2.2,,2026-05-26T05:48Z
S-702557,ORD-49028,P-SW-3002,Shanghai,Rotterdam,30,ocean,MV TROPIC GLORY,9743303,approaching Rotterdam,2026-06-05T16:48Z,NLRTM,LOW,0.4,CR-MAEU,L-CNSHA-NLRTM,7224.0,12.8,2873.0,DAP,none,standard,2026-06-04T12:00Z,1.2,port_congestion,2026-06-03T19:48Z
S-702558,ORD-46373,P-EL-9001,Singapore,Felixstowe,12,ocean,MV PACIFIC BREEZE,9113708,in transit,2026-06-08T16:48Z,GBFXT,MEDIUM,0.9,CR-HMMU,L-SGSIN-GBFXT,795.0,54.1,573.0,EXW,none,standard,2026-06-07T12:00Z,1.2,,2026-06-05T22:48Z
S-702559,ORD-44534,P-CH-2211,Shanghai,Rotterdam,21,ocean,MV PACIFIC GUARDIAN,9255075,off Shanghai,2026-05-26T21:36Z,NLRTM,LOW,0.4,CR-YMLU,L-CNSHA-NLRTM,12559.0,40.1,3387.0,EXW,none,premium,2026-05-26T12:00Z,0.4,,2026-05-24T17:36Z
S-702560,ORD-49462,P-SW-3002,Qingdao,Le Havre,8,ocean,MV NORDIC CRYSTAL,9630155,180 nm from Le Havre,2026-06-15T12:00Z,FRLEH,MEDIUM,1.0,CR-ZIMU,L-CNQIN-FRLEH,6942.0,54.0,125.0,DAP,none,economy,2026-06-17T12:00Z,-2.0,,2026-06-14T07:00Z
S-702561,ORD-46112,P-EL-9003,Hong Kong,Oakland,2,ocean,MV NORDIC EXPRESS,9769412,in transit,2026-05-26T12:00Z,USOAK,MEDIUM,1.4,CR-ONEY,L-HKHKG-USOAK,24755.0,41.3,93439.0,FOB,none,standard,2026-05-26T12:00Z,-0.0,,2026-05-23T17:00Z
S-702562,ORD-46578,P-MC-7200,Hamburg,Genoa,36,road,XPO LO-1041,N/A,in transit,2026-05-23T16:48Z,ITGOA,MEDIUM,1.2,CR-XPOT,L-DEHAM-ITGOA,23769.0,40.1,37580.0,EXW,none,premium,2026-05-20T12:00Z,3.2,,2026-05-23T02:48Z
S-702563,ORD-46021,P-MC-7101,Tianjin,Łódź Rail Terminal,11,rail,DB SCH-1667,N/A,off Tianjin,2026-06-01T19:12Z,PLLDZ,LOW,0.2,CR-DBSC,L-CNTAO-PLLDZ,15077.0,58.3,12458.0,FOB,3,premium,2026-05-31T12:00Z,1.3,,2026-05-30T01:12Z
S-702564,ORD-47263,P-SN-5001,Shanghai,Hamburg,10,ocean,MV CALEDONIAN SPIRIT,9472082,approaching Hamburg,2026-06-09T02:24Z,DEHAM,HIGH,3.2,CR-KNES,L-CNSHA-DEHAM,8066.0,43.4,1731.0,CIF,none,economy,2026-06-08T12:00Z,0.6,,2026-06-07T00:24Z
S-702565,ORD-47076,P-EL-9102,Yantian,Los Angeles,12,ocean,MV PACIFIC GLORY,9322378,Los Angeles approach,2026-05-23T19:12Z,USLAX,HIGH,2.6,CR-WHLU,L-CNYTN-USLAX,20794.0,55.3,24738.0,DAP,none,premium,2026-05-23T12:00Z,0.3,,2026-05-21T22:12Z
S-702566,ORD-46204,P-CH-2210,Yantian,Callao (Lima),1,ocean,MV ASIAN TRADER,9868124,Callao (Lima) approach,2026-06-04T12:00Z,PEMRI,LOW,0.9,CR-MAEU,L-CNYTN-PEMRI,24168.0,11.9,4071.0,EXW,8,economy,2026-06-06T12:00Z,-2.0,,2026-06-04T10:00Z
S-702567,ORD-44228,P-SN-5001,Hong Kong,Rotterdam,8,ocean,MV BALTIC EXPRESS,9454887,approaching Rotterdam,2026-06-04T09:36Z,NLRTM,LOW,0.4,CR-WHLU,L-HKHKG-NLRTM,5459.0,7.7,10883.0,CIF,none,standard,2026-06-02T12:00Z,1.9,,2026-06-03T19:36Z
S-702568,ORD-45547,P-MC-7101,Hong Kong,Rotterdam,2,ocean,MV PACIFIC GLORY,9296859,approaching Rotterdam,2026-05-28T16:48Z,NLRTM,LOW,0.4,CR-YMLU,L-HKHKG-NLRTM,15327.0,1.3,5048.0,DAP,none,premium,2026-05-28T12:00Z,0.2,,2026-05-28T12:48Z
S-702569,ORD-49566,P-PW-1850,Rotterdam,New York/New Jersey,3,ocean,MV PACIFIC EXPRESS,9517349,approaching New York/New Jersey,2026-06-05T09:36Z,USNYC,MEDIUM,1.6,CR-HMMU,L-NLRTM-USNYC,17522.0,8.4,1380.0,DDU,none,premium,2026-05-31T12:00Z,4.9,damage,2026-06-03T13:36Z
S-702570,ORD-49129,P-EL-9001,Singapore,Frankfurt am Main Airport,25,air,CX-CARGO-804,N/A,approaching Frankfurt am Main Airport,2026-05-23T02:24Z,DEFRA,LOW,0.1,CR-CXCA,L-SGSIN-DEFRA,20268.0,49.5,7182.0,CIF,3,premium,2026-05-24T12:00Z,-1.4,,2026-05-22T11:24Z
S-702571,ORD-49548,P-EL-9001,Frankfurt am Main Airport,Shanghai,17,air,UP-CARGO-396,N/A,in transit,2026-05-22T07:12Z,CNSHA,MEDIUM,1.3,CR-UPSA,L-DEFRA-CNSHA,18951.0,56.4,6138.0,EXW,none,standard,2026-05-21T12:00Z,0.8,customs_hold,2026-05-21T09:12Z
S-702572,ORD-47824,P-CH-2211,Hong Kong,Oakland,3,ocean,MV IBERIAN CRYSTAL,9700359,approaching Oakland,2026-05-23T12:00Z,USOAK,MEDIUM,1.4,CR-MAEU,L-HKHKG-USOAK,21789.0,3.8,3663.0,DDU,none,standard,2026-05-23T12:00Z,-0.0,,2026-05-21T01:00Z
S-702573,ORD-45186,P-EL-9101,Antwerp,New York/New Jersey,32,ocean,MV IBERIAN PIONEER,9871460,New York/New Jersey approach,2026-06-05T21:36Z,USNYC,MEDIUM,1.6,CR-WHLU,L-BEANR-USNYC,7017.0,46.3,8612.0,CIF,3,premium,2026-06-01T12:00Z,4.4,customs_hold,2026-06-03T18:36Z
S-702574,ORD-48857,P-EL-9002,Shanghai,Rotterdam,15,ocean,MV CALEDONIAN PIONEER,9101528,in transit,2026-06-01T14:24Z,NLRTM,LOW,0.4,CR-KNES,L-CNSHA-NLRTM,20157.0,16.6,4772.0,DDU,none,economy,2026-06-02T12:00Z,-0.9,,2026-06-01T04:24Z
S-702575,ORD-49924,P-SW-3002,Singapore,Felixstowe,28,ocean,MV TROPIC STAR,9156736,173 nm from Felixstowe,2026-06-02T16:48Z,GBFXT,MEDIUM,0.9,CR-YMLU,L-SGSIN-GBFXT,14934.0,25.3,9628.0,EXW,none,economy,2026-06-02T12:00Z,0.2,,2026-06-01T05:48Z
S-702576,ORD-45390,P-EL-9001,Shanghai,Los Angeles,34,ocean,MV BALTIC VICTORY,9717745,off Shanghai,2026-05-22T12:00Z,USLAX,HIGH,2.6,CR-EGLV,L-CNSHA-USLAX,8094.0,36.7,288.0,EXW,3,premium,2026-05-21T12:00Z,1.0,,2026-05-20T14:00Z
S-702577,ORD-45199,P-CH-2230,Shanghai,New York/New Jersey,27,ocean,MV NIPPON STAR,9415533,off Shanghai,2026-06-11T00:00Z,USNYC,MEDIUM,1.6,CR-MSCU,L-CNSHA-USNYC,25866.0,38.6,9665.0,DDU,none,premium,2026-06-10T12:00Z,0.5,,2026-06-09T06:00Z
S-702578,ORD-46057,P-SW-3001,Hamburg,Genoa,17,road,XPO LO-3697,N/A,Genoa approach,2026-05-25T02:24Z,ITGOA,MEDIUM,1.2,CR-XPOT,L-DEHAM-ITGOA,2252.0,2.2,512.0,DAP,none,standard,2026-05-22T12:00Z,2.6,,2026-05-24T22:24Z
S-702579,ORD-48676,P-CH-2230,Singapore,Felixstowe,36,ocean,MV NIPPON BREEZE,9613271,Felixstowe approach,2026-06-06T21:36Z,GBFXT,MEDIUM,0.9,CR-CMDU,L-SGSIN-GBFXT,23518.0,9.8,1218.0,EXW,none,economy,2026-06-03T12:00Z,3.4,,2026-06-05T22:36Z
S-702580,ORD-46604,P-EL-9003,Shanghai,Düsseldorf Rail Terminal,36,rail,DB SCH-2263,N/A,off Shanghai,2026-06-10T16:48Z,DEDUS,LOW,0.2,CR-DBSC,L-CNSHA-DEDUS,13272.0,42.1,14055.0,DAP,none,standard,2026-06-08T12:00Z,2.2,,2026-06-09T21:48Z
S-702581,ORD-48362,P-SW-3002,Tokyo,Vancouver,10,ocean,MV PACIFIC PIONEER,9441888,off Tokyo,2026-05-26T21:36Z,CASOG,LOW,0.6,CR-COSU,L-JPTYO-CASOG,11914.0,13.2,18551.0,DAP,none,standard,2026-05-26T12:00Z,0.4,,2026-05-26T10:36Z
S-702582,ORD-48649,P-CH-2211,Singapore,Rotterdam,27,ocean,MV NIPPON STAR,9387269,Rotterdam approach,2026-06-18T00:00Z,NLRTM,LOW,0.4,CR-WHLU,L-SGSIN-NLRTM,11827.0,26.6,5326.0,EXW,none,standard,2026-06-17T12:00Z,0.5,,2026-06-16T02:00Z
S-702583,ORD-48598,P-PK-4500,Yantian,Frankfurt am Main Airport,1,air,UP-CARGO-777,N/A,Frankfurt am Main Airport approach,2026-05-23T14:24Z,DEFRA,LOW,0.1,CR-UPSA,L-CNYTN-DEFRA,19617.0,9.4,6126.0,EXW,3,premium,2026-05-23T12:00Z,0.1,,2026-05-21T18:24Z
S-702584,ORD-47158,P-PK-4501,Shanghai,Hamburg,10,ocean,MV ATLANTIC GLORY,9156597,Hamburg approach,2026-06-25T04:48Z,DEHAM,HIGH,3.2,CR-KNES,L-CNSHA-DEHAM,10398.0,35.6,276.0,FOB,none,premium,2026-06-24T12:00Z,0.7,delayed,2026-06-24T05:48Z
S-702585,ORD-44423,P-MC-7200,Hamburg,Genoa,27,road,XPO LO-3871,N/A,Genoa approach,2026-05-20T12:00Z,ITGOA,MEDIUM,1.2,CR-XPOT,L-DEHAM-ITGOA,7866.0,2.8,302.0,DDP,none,standard,2026-05-22T12:00Z,-2.0,,2026-05-17T20:00Z
S-702586,ORD-48279,P-MC-7102,Singapore,Felixstowe,7,ocean,MV ASIAN PIONEER,9113313,Felixstowe approach,2026-06-10T00:00Z,GBFXT,MEDIUM,0.9,CR-KNES,L-SGSIN-GBFXT,1823.0,21.5,852.0,EXW,none,standard,2026-06-09T12:00Z,0.5,,2026-06-09T02:00Z
S-702587,ORD-47780,P-EL-9002,Shanghai,New York/New Jersey,24,ocean,MV NIPPON VICTORY,9710069,off Shanghai,2026-06-08T02:24Z,USNYC,MEDIUM,1.6,CR-COSU,L-CNSHA-USNYC,6268.0,22.4,8110.0,DAP,none,standard,2026-06-07T12:00Z,0.6,customs_hold,2026-06-06T02:24Z
S-702588,ORD-45438,P-EL-9102,Salalah,Rotterdam,12,ocean,MV BALTIC PIONEER,9138126,in transit,2026-06-02T00:00Z,NLRTM,LOW,0.4,CR-EGLV,L-OMSLL-NLRTM,13172.0,6.4,4312.0,EXW,8,premium,2026-06-01T12:00Z,0.5,,2026-06-01T09:00Z
S-702589,ORD-48345,P-PW-1850,Jebel Ali (Dubai),Frankfurt am Main Airport,36,air,DH-CARGO-261,N/A,approaching Frankfurt am Main Airport,2026-05-25T09:36Z,DEFRA,LOW,0.1,CR-DHLA,L-AEDXB-DEFRA,20738.0,35.5,4993.0,DAP,none,standard,2026-05-23T12:00Z,1.9,,2026-05-22T15:36Z
S-702590,ORD-49254,P-PK-4500,Shanghai,New York/New Jersey,25,ocean,MV NORDIC GUARDIAN,9552599,New York/New Jersey approach,2026-06-17T00:00Z,USNYC,MEDIUM,1.6,CR-MSCU,L-CNSHA-USNYC,4124.0,23.9,85.0,DDU,none,standard,2026-06-16T12:00Z,0.5,vessel_change,2026-06-15T00:00Z
S-702591,ORD-44956,P-EL-9003,Shanghai,Los Angeles,35,ocean,MV ATLANTIC GLORY,9948365,in transit,2026-05-30T16:48Z,USLAX,HIGH,2.6,CR-MAEU,L-CNSHA-USLAX,19283.0,9.0,965.0,CIF,none,standard,2026-05-28T12:00Z,2.2,,2026-05-29T13:48Z
S-702592,ORD-45844,P-SW-3001,Shanghai,Hamburg,35,ocean,MV TROPIC GUARDIAN,9532356,Hamburg approach,2026-06-18T21:36Z,DEHAM,HIGH,3.2,CR-KNES,L-CNSHA-DEHAM,8146.0,15.9,28843.0,DAP,none,premium,2026-06-19T12:00Z,-0.6,,2026-06-17T02:36Z
S-702593,ORD-47673,P-PW-1850,Tianjin,Hamburg,29,ocean,MV ATLANTIC BREEZE,9787542,off Tianjin,2026-05-23T14:24Z,DEHAM,HIGH,3.2,CR-MSCU,L-CNTAO-DEHAM,12293.0,48.0,899.0,EXW,3,standard,2026-05-25T12:00Z,-1.9,delayed,2026-05-21T04:24Z
S-702594,ORD-48838,P-SW-3001,Hong Kong,Frankfurt am Main Airport,27,air,FD-CARGO-540,N/A,Frankfurt am Main Airport approach,2026-05-21T12:00Z,DEFRA,LOW,0.1,CR-FDXA,L-HKHKG-DEFRA,307.0,18.9,4062.0,DDP,none,economy,2026-05-21T12:00Z,0.0,,2026-05-19T19:00Z
S-702595,ORD-49481,P-EL-9001,Rotterdam,Santos,15,ocean,MV BALTIC VICTORY,9939639,approaching Santos,2026-06-03T12:00Z,BRSSZ,MEDIUM,1.7,CR-HMMU,L-NLRTM-BRSSZ,14444.0,52.0,7753.0,DAP,none,economy,2026-06-01T12:00Z,2.0,,2026-06-02T23:00Z
S-702596,ORD-46212,P-CH-2230,Los Angeles,Sydney Kingsford Smith Airport,5,air,QT-CARGO-365,N/A,off Los Angeles,2026-05-21T21:36Z,AUSYD,LOW,0.1,CR-QTRA,L-USLAX-AUSYD,546.0,15.1,1245.0,DDP,none,premium,2026-05-21T12:00Z,0.4,,2026-05-18T22:36Z
S-702597,ORD-47730,P-SW-3001,Yantian,Los Angeles,13,ocean,MV NIPPON STAR,9166947,off Yantian,2026-05-30T04:48Z,USLAX,HIGH,2.6,CR-CMDU,L-CNYTN-USLAX,21084.0,35.5,559.0,DDU,none,premium,2026-05-28T12:00Z,1.7,,2026-05-29T18:48Z
S-702598,ORD-48239,P-SW-3001,Rotterdam,Santos,14,ocean,MV IBERIAN PIONEER,9335012,in transit,2026-06-12T02:24Z,BRSSZ,MEDIUM,1.7,CR-PILU,L-NLRTM-BRSSZ,3535.0,54.9,8342.0,DDU,none,standard,2026-06-12T12:00Z,-0.4,,2026-06-11T10:24Z
S-702599,ORD-44575,P-PK-4500,Yantian,Callao (Lima),8,ocean,MV IBERIAN STAR,9944764,approaching Callao (Lima),2026-06-06T02:24Z,PEMRI,LOW,0.9,CR-YMLU,L-CNYTN-PEMRI,18276.0,26.6,4217.0,DAP,none,standard,2026-06-04T12:00Z,1.6,,2026-06-03T04:24Z
S-702600,ORD-49935,P-PK-4500,Hong Kong,Frankfurt am Main Airport,32,air,CX-CARGO-494,N/A,Frankfurt am Main Airport approach,2026-05-20T19:12Z,DEFRA,LOW,0.1,CR-CXCA,L-HKHKG-DEFRA,9841.0,51.1,3411.0,DAP,none,premium,2026-05-20T12:00Z,0.3,,2026-05-19T14:12Z
S-702601,ORD-48381,P-EL-9003,Nhava Sheva,Rotterdam,29,ocean,MV PACIFIC GLORY,9617478,off Nhava Sheva,2026-05-26T12:00Z,NLRTM,LOW,0.4,CR-HMMU,L-INNSA-NLRTM,8922.0,33.8,5912.0,CIF,none,economy,2026-05-27T12:00Z,-1.0,,2026-05-26T01:00Z
S-702602,ORD-45993,P-CH-2210,Busan,New York/New Jersey,4,ocean,MV ATLANTIC TRADER,9650395,New York/New Jersey approach,2026-06-15T21:36Z,USNYC,MEDIUM,1.6,CR-ONEY,L-KRPUS-USNYC,10238.0,49.4,24141.0,DAP,none,standard,2026-06-16T12:00Z,-0.6,damage,2026-06-14T18:36Z
S-702603,ORD-47009,P-EL-9001,Singapore,Rotterdam,25,ocean,MV BALTIC SPIRIT,9991338,off Singapore,2026-05-31T04:48Z,NLRTM,LOW,0.4,CR-HMMU,L-SGSIN-NLRTM,759.0,36.7,139.0,CIF,none,economy,2026-05-30T12:00Z,0.7,,2026-05-29T19:48Z
S-702604,ORD-49731,P-EL-9003,Hong Kong,Rotterdam,32,ocean,MV ATLANTIC PIONEER,9882430,off Hong Kong,2026-06-07T21:36Z,NLRTM,LOW,0.4,CR-ZIMU,L-HKHKG-NLRTM,2451.0,55.5,9937.0,DDU,none,premium,2026-06-07T12:00Z,0.4,port_congestion,2026-06-04T23:36Z
S-702605,ORD-46466,P-EL-9001,Antwerp,New York/New Jersey,36,ocean,MV BALTIC EXPRESS,9990068,New York/New Jersey approach,2026-05-23T04:48Z,USNYC,MEDIUM,1.6,CR-HLCU,L-BEANR-USNYC,8264.0,30.7,859.0,FOB,none,standard,2026-05-21T12:00Z,1.7,,2026-05-20T16:48Z
S-702606,ORD-49354,P-MC-7100,Mundra,Felixstowe,20,ocean,MV ASIAN GUARDIAN,9469066,Felixstowe approach,2026-05-31T16:48Z,GBFXT,MEDIUM,0.9,CR-HMMU,L-INMUN-GBFXT,22233.0,3.7,5691.0,DAP,none,premium,2026-05-27T12:00Z,4.2,delayed,2026-05-30T08:48Z
S-702607,ORD-44766,P-EL-9102,Valencia,Veracruz,10,ocean,MV TROPIC PIONEER,9205894,Veracruz approach,2026-05-30T21:36Z,MXVER,MEDIUM,1.3,CR-MAEU,L-ESVLC-MXVER,21089.0,20.6,1013.0,CIF,none,standard,2026-05-29T12:00Z,1.4,,2026-05-30T17:36Z
S-702608,ORD-44723,P-PW-1802,Mundra,Felixstowe,21,ocean,MV ATLANTIC CRYSTAL,9868958,Felixstowe approach,2026-06-07T16:48Z,GBFXT,MEDIUM,0.9,CR-ONEY,L-INMUN-GBFXT,16562.0,33.7,2164.0,DDU,none,standard,2026-06-07T12:00Z,0.2,,2026-06-07T09:48Z
S-702609,ORD-46334,P-EL-9002,Rotterdam,New York/New Jersey,5,ocean,MV IBERIAN GLORY,9435893,171 nm from New York/New Jersey,2026-06-06T07:12Z,USNYC,MEDIUM,1.6,CR-ONEY,L-NLRTM-USNYC,23277.0,59.7,16556.0,DDP,none,premium,2026-05-31T12:00Z,5.8,damage,2026-06-03T08:12Z
S-702610,ORD-47561,P-MC-7102,Tianjin,Hamburg,22,ocean,MV ATLANTIC PIONEER,9514544,approaching Hamburg,2026-06-02T07:12Z,DEHAM,HIGH,3.2,CR-ZIMU,L-CNTAO-DEHAM,1287.0,49.6,6524.0,DAP,none,premium,2026-05-31T12:00Z,1.8,,2026-05-31T04:12Z
S-702611,ORD-47426,P-EL-9101,Hamburg,Genoa,35,road,XPO LO-4058,N/A,172 nm from Genoa,2026-05-28T14:24Z,ITGOA,MEDIUM,1.2,CR-XPOT,L-DEHAM-ITGOA,301.0,11.3,4112.0,CIF,none,economy,2026-05-25T12:00Z,3.1,,2026-05-27T11:24Z
S-702612,ORD-45394,P-CH-2211,Mundra,Felixstowe,35,ocean,MV CALEDONIAN SPIRIT,9633945,approaching Felixstowe,2026-06-07T00:00Z,GBFXT,MEDIUM,0.9,CR-DSVS,L-INMUN-GBFXT,4499.0,44.0,1470.0,DDU,none,standard,2026-06-04T12:00Z,2.5,port_congestion,2026-06-06T05:00Z
S-702613,ORD-47882,P-SW-3001,Yantian,Hamburg,6,ocean,MV BALTIC BREEZE,9547320,off Yantian,2026-06-24T09:36Z,DEHAM,HIGH,3.2,CR-WHLU,L-CNYTN-DEHAM,11933.0,31.3,797.0,EXW,none,premium,2026-06-24T12:00Z,-0.1,,2026-06-24T03:36Z
S-702614,ORD-47132,P-EL-9002,Hamburg,Genoa,9,road,XPO LO-3304,N/A,approaching Genoa,2026-05-22T12:00Z,ITGOA,MEDIUM,1.2,CR-XPOT,L-DEHAM-ITGOA,3856.0,47.9,17867.0,EXW,none,standard,2026-05-24T12:00Z,-2.0,,2026-05-20T13:00Z
S-702615,ORD-44733,P-PK-4500,Mundra,Felixstowe,22,ocean,MV NORDIC GLORY,9235328,167 nm from Felixstowe,2026-06-12T04:48Z,GBFXT,MEDIUM,0.9,CR-PILU,L-INMUN-GBFXT,16852.0,37.3,2522.0,EXW,none,premium,2026-06-04T12:00Z,7.7,customs_hold,2026-06-10T22:48Z
S-702616,ORD-44122,P-CH-2230,Busan,New York/New Jersey,13,ocean,MV ARCTIC SPIRIT,9873843,off Busan,2026-06-04T14:24Z,USNYC,MEDIUM,1.6,CR-HMMU,L-KRPUS-USNYC,684.0,3.3,2944.0,FOB,none,premium,2026-06-05T12:00Z,-0.9,,2026-06-01T16:24Z
S-702617,ORD-44624,P-EL-9101,Hong Kong,Frankfurt am Main Airport,14,air,AF-CARGO-696,N/A,in transit,2026-05-26T00:00Z,DEFRA,LOW,0.1,CR-AFKA,L-HKHKG-DEFRA,2979.0,11.2,2278.0,DDP,none,premium,2026-05-24T12:00Z,1.5,,2026-05-25T08:00Z
S-702618,ORD-45859,P-PW-1801,Tianjin,Łódź Rail Terminal,10,rail,DB SCH-1506,N/A,off Tianjin,2026-05-31T16:48Z,PLLDZ,LOW,0.2,CR-DBSC,L-CNTAO-PLLDZ,5904.0,56.1,194.0,DDU,8,standard,2026-05-29T12:00Z,2.2,,2026-05-30T04:48Z
S-702619,ORD-46393,P-EL-9003,Tianjin,Hamburg,3,ocean,MV ASIAN TRADER,9866019,approaching Hamburg,2026-06-22T04:48Z,DEHAM,HIGH,3.2,CR-KNES,L-CNTAO-DEHAM,25952.0,41.6,1175.0,EXW,none,premium,2026-06-21T12:00Z,0.7,,2026-06-20T21:48Z
S-702620,ORD-45199,P-EL-9003,Hamburg,Durban,20,ocean,MV TROPIC TRADER,9857178,89 nm from Durban,2026-06-10T16:48Z,ZADUR,MEDIUM,1.5,CR-ONEY,L-DEHAM-ZADUR,21417.0,53.8,6406.0,EXW,none,premium,2026-06-09T12:00Z,1.2,,2026-06-09T10:48Z
S-702621,ORD-45912,P-MC-7200,Tianjin,Hamburg,31,ocean,MV ATLANTIC STAR,9618948,Hamburg approach,2026-05-28T14:24Z,DEHAM,HIGH,3.2,CR-EGLV,L-CNTAO-DEHAM,22378.0,18.0,5666.0,CIF,8,premium,2026-05-26T12:00Z,2.1,,2026-05-25T18:24Z
S-702622,ORD-44913,P-EL-9101,Hamburg,Genoa,19,road,DACHSE-3035,N/A,162 nm from Genoa,2026-05-21T14:24Z,ITGOA,MEDIUM,1.2,CR-DACH,L-DEHAM-ITGOA,8401.0,28.9,10201.0,CIF,8,standard,2026-05-21T12:00Z,0.1,,2026-05-18T23:24Z
S-702623,ORD-48369,P-PK-4500,Hamburg,Santos,24,ocean,MV ATLANTIC STAR,9504857,Santos approach,2026-06-04T14:24Z,BRSSZ,MEDIUM,1.7,CR-ONEY,L-DEHAM-BRSSZ,1935.0,7.1,1587.0,DDP,none,standard,2026-06-05T12:00Z,-0.9,,2026-06-03T23:24Z
S-702624,ORD-47563,P-PK-4501,Shanghai,New York/New Jersey,16,ocean,MV TROPIC STAR,9996077,44 nm from New York/New Jersey,2026-05-31T16:48Z,USNYC,MEDIUM,1.6,CR-PILU,L-CNSHA-USNYC,16030.0,33.5,1381.0,DDP,3,premium,2026-05-30T12:00Z,1.2,,2026-05-29T20:48Z
S-702625,ORD-46820,P-EL-9002,Yantian,Los Angeles,15,ocean,MV ARCTIC SPIRIT,9523381,176 nm from Los Angeles,2026-06-10T02:24Z,USLAX,HIGH,2.6,CR-HMMU,L-CNYTN-USLAX,14945.0,39.2,1456.0,CIF,none,economy,2026-06-07T12:00Z,2.6,,2026-06-08T04:24Z
S-702626,ORD-47864,P-SW-3001,Hamburg,Durban,25,ocean,MV BALTIC EXPRESS,9479268,39 nm from Durban,2026-06-13T04:48Z,ZADUR,MEDIUM,1.5,CR-PILU,L-DEHAM-ZADUR,15040.0,18.9,4821.0,CIF,none,standard,2026-06-12T12:00Z,0.7,,2026-06-10T17:48Z
S-702627,ORD-47854,P-CH-2210,Hamburg,Genoa,16,road,DACHSE-3773,N/A,off Hamburg,2026-05-27T12:00Z,ITGOA,MEDIUM,1.2,CR-DACH,L-DEHAM-ITGOA,21327.0,25.5,14002.0,FOB,9,premium,2026-05-25T12:00Z,2.0,,2026-05-24T23:00Z
S-702628,ORD-48235,P-PK-4501,Hong Kong,Rotterdam,12,ocean,MV TROPIC CRYSTAL,9637461,approaching Rotterdam,2026-06-14T16:48Z,NLRTM,LOW,0.4,CR-ONEY,L-HKHKG-NLRTM,204.0,1.4,38696.0,EXW,none,economy,2026-06-15T12:00Z,-0.8,,2026-06-14T04:48Z
S-702629,ORD-44930,P-MC-7100,Antwerp,New York/New Jersey,22,ocean,MV NORDIC CRYSTAL,9547078,off Antwerp,2026-05-23T19:12Z,USNYC,MEDIUM,1.6,CR-HMMU,L-BEANR-USNYC,4369.0,35.8,266.0,CIF,8,standard,2026-05-20T12:00Z,3.3,,2026-05-23T03:12Z
S-702630,ORD-44003,P-EL-9003,Tianjin,Hamburg,19,ocean,MV ARCTIC BREEZE,9565173,92 nm from Hamburg,2026-06-20T07:12Z,DEHAM,HIGH,3.2,CR-CMDU,L-CNTAO-DEHAM,1015.0,47.8,846.0,DDP,none,standard,2026-06-20T12:00Z,-0.2,,2026-06-19T14:12Z
S-702631,ORD-45741,P-PW-1801,Rotterdam,Santos,12,ocean,MV CALEDONIAN TRADER,9433123,off Rotterdam,2026-05-23T12:00Z,BRSSZ,MEDIUM,1.7,CR-MAEU,L-NLRTM-BRSSZ,14271.0,44.3,1499.0,EXW,none,standard,2026-05-23T12:00Z,-0.0,,2026-05-22T16:00Z
S-702632,ORD-44506,P-CH-2210,Hamburg,Santos,11,ocean,MV ARCTIC SPIRIT,9372952,Santos approach,2026-05-21T19:12Z,BRSSZ,MEDIUM,1.7,CR-ONEY,L-DEHAM-BRSSZ,17325.0,4.7,8461.0,DAP,none,standard,2026-05-22T12:00Z,-0.7,,2026-05-20T23:12Z
S-702633,ORD-45825,P-EL-9101,Shanghai,Düsseldorf Rail Terminal,9,rail,DB SCH-5743,N/A,Düsseldorf Rail Terminal approach,2026-05-27T07:12Z,DEDUS,LOW,0.2,CR-DBSC,L-CNSHA-DEDUS,12027.0,29.0,2189.0,EXW,none,premium,2026-05-28T12:00Z,-1.2,customs_hold,2026-05-24T21:12Z
S-702634,ORD-49019,P-EL-9001,Rotterdam,Santos,34,ocean,MV ASIAN TRADER,9158657,off Rotterdam,2026-05-30T04:48Z,BRSSZ,MEDIUM,1.7,CR-ONEY,L-NLRTM-BRSSZ,6875.0,14.6,160.0,FOB,none,standard,2026-05-28T12:00Z,1.7,,2026-05-28T23:48Z
S-702635,ORD-45291,P-CH-2230,Busan,Los Angeles,10,ocean,MV NORDIC EXPRESS,9114171,approaching Los Angeles,2026-06-13T07:12Z,USLAX,HIGH,2.6,CR-DSVS,L-KRPUS-USLAX,12156.0,19.1,250000,FOB,none,premium,2026-06-08T12:00Z,4.8,damage,2026-06-13T04:12Z
S-702636,ORD-48643,P-EL-9101,Qingdao,Le Havre,3,ocean,MV PACIFIC SPIRIT,9690150,in transit,2026-06-13T19:12Z,FRLEH,MEDIUM,1.0,CR-HLCU,L-CNQIN-FRLEH,13280.0,10.3,4650.0,FOB,none,standard,2026-06-13T12:00Z,0.3,,2026-06-12T19:12Z
S-702637,ORD-49550,P-EL-9001,Los Angeles,Sydney Kingsford Smith Airport,25,air,LH-CARGO-785,N/A,Sydney Kingsford Smith Airport approach,2026-05-23T12:00Z,AUSYD,LOW,0.1,CR-LHCA,L-USLAX-AUSYD,25323.0,29.9,3642.0,CIF,3,standard,2026-05-22T12:00Z,1.0,vessel_change,2026-05-21T17:00Z
S-702638,ORD-48905,P-PK-4500,Yantian,Los Angeles,10,ocean,MV BALTIC STAR,9691007,off Yantian,2026-05-25T16:48Z,USLAX,HIGH,2.6,CR-MSCU,L-CNYTN-USLAX,17775.0,14.0,21859.0,DDP,none,economy,2026-05-25T12:00Z,0.2,,2026-05-24T13:48Z
S-702639,ORD-48338,P-SN-5001,Yantian,Los Angeles,33,ocean,MV ARCTIC VICTORY,9952359,approaching Los Angeles,2026-05-25T14:24Z,USLAX,HIGH,2.6,CR-EGLV,L-CNYTN-USLAX,13830.0,47.4,1410.0,EXW,8,standard,2026-05-24T12:00Z,1.1,,2026-05-24T17:24Z
S-702640,ORD-45787,P-PW-1802,Ningbo,Rotterdam,12,ocean,MV IBERIAN GLORY,9641770,approaching Rotterdam,2026-06-18T12:00Z,NLRTM,LOW,0.4,CR-HLCU,L-CNNGB-NLRTM,20595.0,47.7,298.0,DDU,3,premium,2026-06-16T12:00Z,2.0,,2026-06-16T03:00Z
S-702641,ORD-49739,P-CH-2230,Yantian,Callao (Lima),15,ocean,MV TROPIC STAR,9911115,11 nm from Callao (Lima),2026-06-15T07:12Z,PEMRI,LOW,0.9,CR-WHLU,L-CNYTN-PEMRI,1790.0,46.4,489.0,CIF,none,standard,2026-06-14T12:00Z,0.8,,2026-06-14T19:12Z
S-702642,ORD-45930,P-PK-4500,Hamburg,Genoa,19,road,DACHSE-3702,N/A,119 nm from Genoa,2026-05-22T00:00Z,ITGOA,MEDIUM,1.2,CR-DACH,L-DEHAM-ITGOA,9299.0,51.5,11725.0,DDP,none,premium,2026-05-21T12:00Z,0.5,,2026-05-20T22:00Z
S-702643,ORD-47177,P-MC-7200,Busan,New York/New Jersey,25,ocean,MV NORDIC SPIRIT,9645713,off Busan,2026-05-24T09:36Z,USNYC,MEDIUM,1.6,CR-HMMU,L-KRPUS-USNYC,19841.0,42.2,431.0,DDP,9,premium,2026-05-22T12:00Z,1.9,,2026-05-22T08:36Z
S-702644,ORD-48883,P-PW-1801,Tokyo,Vancouver,32,ocean,MV ASIAN CRYSTAL,9271140,approaching Vancouver,2026-05-24T07:12Z,CASOG,LOW,0.6,CR-MAEU,L-JPTYO-CASOG,2555.0,15.8,5981.0,DDP,none,standard,2026-05-23T12:00Z,0.8,,2026-05-22T16:12Z
S-702645,ORD-48206,P-CH-2230,Shanghai,Düsseldorf Rail Terminal,34,rail,DB SCH-8387,N/A,approaching Düsseldorf Rail Terminal,2026-06-05T19:12Z,DEDUS,LOW,0.2,CR-DBSC,L-CNSHA-DEDUS,25259.0,12.7,108.0,EXW,3,standard,2026-06-07T12:00Z,-1.7,,2026-06-05T12:12Z
S-702646,ORD-45500,P-CH-2210,Hong Kong,Rotterdam,33,ocean,MV BALTIC CRYSTAL,9479113,Rotterdam approach,2026-05-23T07:12Z,NLRTM,LOW,0.4,CR-MSCU,L-HKHKG-NLRTM,25224.0,27.9,2399.0,FOB,8,standard,2026-05-23T12:00Z,-0.2,,2026-05-21T07:12Z
S-702647,ORD-49776,P-EL-9002,Shanghai,Rotterdam,17,ocean,MV TROPIC GLORY,9441895,off Shanghai,2026-05-31T14:24Z,NLRTM,LOW,0.4,CR-ONEY,L-CNSHA-NLRTM,23517.0,29.1,25346.0,DDU,none,standard,2026-05-31T12:00Z,0.1,,2026-05-31T06:24Z
S-702648,ORD-44097,P-PW-1801,Yantian,Frankfurt am Main Airport,25,air,EK-CARGO-335,N/A,in transit,2026-05-22T19:12Z,DEFRA,LOW,0.1,CR-EKCA,L-CNYTN-DEFRA,25381.0,51.1,1142.0,DAP,none,premium,2026-05-24T12:00Z,-1.7,,2026-05-21T14:12Z
S-702649,ORD-49505,P-SN-5001,Singapore,Rotterdam,32,ocean,MV TROPIC TRADER,9404957,approaching Rotterdam,2026-05-22T12:00Z,NLRTM,LOW,0.4,CR-MAEU,L-SGSIN-NLRTM,8755.0,22.3,27463.0,CIF,none,standard,2026-05-21T12:00Z,1.0,port_congestion,2026-05-20T05:00Z
S-702650,ORD-47971,P-PW-1802,Hong Kong,Rotterdam,19,ocean,MV IBERIAN SPIRIT,9452882,in transit,2026-06-20T16:48Z,NLRTM,LOW,0.4,CR-ONEY,L-HKHKG-NLRTM,25395.0,25.2,326.0,EXW,none,economy,2026-06-21T12:00Z,-0.8,,2026-06-17T20:48Z
S-702651,ORD-47771,P-PK-4501,Busan,Los Angeles,8,ocean,MV ATLANTIC STAR,9982573,off Busan,2026-06-09T02:24Z,USLAX,HIGH,2.6,CR-KNES,L-KRPUS-USLAX,7658.0,29.8,8637.0,CIF,3,premium,2026-06-06T12:00Z,2.6,,2026-06-07T16:24Z
S-702652,ORD-48915,P-EL-9102,Ningbo,Rotterdam,26,ocean,MV ASIAN GLORY,9125113,approaching Rotterdam,2026-06-22T16:48Z,NLRTM,LOW,0.4,CR-MSCU,L-CNNGB-NLRTM,23705.0,10.7,25774.0,DDU,none,premium,2026-06-22T12:00Z,0.2,,2026-06-20T17:48Z
S-702653,ORD-44834,P-PW-1802,Yantian,Hamburg,32,ocean,MV BALTIC PIONEER,9372005,Hamburg approach,2026-06-23T19:12Z,DEHAM,HIGH,3.2,CR-MSCU,L-CNYTN-DEHAM,8316.0,46.1,213.0,DDU,none,premium,2026-06-23T12:00Z,0.3,,2026-06-22T16:12Z
S-702654,ORD-44829,P-SW-3001,Singapore,Rotterdam,4,ocean,MV IBERIAN EXPRESS,9129430,87 nm from Rotterdam,2026-06-06T14:24Z,NLRTM,LOW,0.4,CR-EGLV,L-SGSIN-NLRTM,9503.0,14.5,1012.0,EXW,9,economy,2026-06-06T12:00Z,0.1,,2026-06-05T07:24Z
S-702655,ORD-45645,P-EL-9002,Singapore,Frankfurt am Main Airport,5,air,UP-CARGO-519,N/A,79 nm from Frankfurt am Main Airport,2026-05-25T02:24Z,DEFRA,LOW,0.1,CR-UPSA,L-SGSIN-DEFRA,18844.0,31.7,2661.0,EXW,none,standard,2026-05-24T12:00Z,0.6,,2026-05-25T01:24Z
S-702656,ORD-49600,P-SW-3002,Busan,New York/New Jersey,3,ocean,MV CALEDONIAN VICTORY,9830317,New York/New Jersey approach,2026-06-01T00:00Z,USNYC,MEDIUM,1.6,CR-PILU,L-KRPUS-USNYC,6649.0,55.7,707.0,DDU,none,standard,2026-05-30T12:00Z,1.5,,2026-05-31T17:00Z
S-702657,ORD-45575,P-MC-7102,Frankfurt am Main Airport,Shanghai,28,air,DH-CARGO-939,N/A,171 nm from Shanghai,2026-05-23T02:24Z,CNSHA,MEDIUM,1.3,CR-DHLA,L-DEFRA-CNSHA,23056.0,19.6,21726.0,CIF,none,standard,2026-05-24T12:00Z,-1.4,,2026-05-21T23:24Z
S-702658,ORD-47666,P-PW-1802,Shanghai,Hamburg,16,ocean,MV BALTIC GLORY,9929402,Hamburg approach,2026-06-16T02:24Z,DEHAM,HIGH,3.2,CR-YMLU,L-CNSHA-DEHAM,22784.0,53.2,7307.0,EXW,3,standard,2026-06-15T12:00Z,0.6,,2026-06-14T06:24Z
S-702659,ORD-46648,P-EL-9001,Shanghai,Rotterdam,12,ocean,MV ARCTIC TRADER,9945240,in transit,2026-06-08T00:00Z,NLRTM,LOW,0.4,CR-ZIMU,L-CNSHA-NLRTM,13134.0,28.3,361.0,DDP,3,premium,2026-06-07T12:00Z,0.5,,2026-06-07T14:00Z
S-702660,ORD-44157,P-SW-3001,Singapore,Felixstowe,5,ocean,MV ATLANTIC BREEZE,9915115,off Singapore,2026-06-08T21:36Z,GBFXT,MEDIUM,0.9,CR-YMLU,L-SGSIN-GBFXT,24954.0,29.2,1488.0,EXW,none,economy,2026-06-07T12:00Z,1.4,,2026-06-08T07:36Z
S-702661,ORD-48124,P-PK-4500,Nhava Sheva,Rotterdam,14,ocean,MV NORDIC BREEZE,9474596,off Nhava Sheva,2026-05-28T02:24Z,NLRTM,LOW,0.4,CR-MSCU,L-INNSA-NLRTM,14041.0,5.6,4464.0,DDP,8,economy,2026-05-27T12:00Z,0.6,delayed,2026-05-27T21:24Z
S-702662,ORD-44627,P-MC-7200,Jebel Ali (Dubai),Rotterdam,2,ocean,MV NIPPON TRADER,9136599,Rotterdam approach,2026-06-02T16:48Z,NLRTM,LOW,0.4,CR-ZIMU,L-AEDXB-NLRTM,6185.0,26.6,1622.0,DDP,none,standard,2026-06-02T12:00Z,0.2,,2026-06-02T08:48Z
S-702663,ORD-46844,P-MC-7101,Rotterdam,New York/New Jersey,24,ocean,MV PACIFIC GLORY,9100539,in transit,2026-06-01T14:24Z,USNYC,MEDIUM,1.6,CR-CMDU,L-NLRTM-USNYC,11549.0,54.4,832.0,CIF,3,standard,2026-06-01T12:00Z,0.1,,2026-05-30T02:24Z
S-702664,ORD-45986,P-MC-7102,Hamburg,Genoa,22,road,XPO LO-3858,N/A,in transit,2026-05-22T19:12Z,ITGOA,MEDIUM,1.2,CR-XPOT,L-DEHAM-ITGOA,24993.0,31.1,533.0,EXW,none,standard,2026-05-20T12:00Z,2.3,,2026-05-21T11:12Z
S-702665,ORD-46212,P-SW-3002,Hong Kong,Frankfurt am Main Airport,12,air,DH-CARGO-241,N/A,Frankfurt am Main Airport approach,2026-05-19T02:24Z,DEFRA,LOW,0.1,CR-DHLA,L-HKHKG-DEFRA,20583.0,22.5,4280.0,EXW,none,standard,2026-05-20T12:00Z,-1.4,damage,2026-05-18T03:24Z
S-702666,ORD-49532,P-SW-3002,Yantian,Los Angeles,22,ocean,MV ATLANTIC GLORY,9999509,approaching Los Angeles,2026-06-08T02:24Z,USLAX,HIGH,2.6,CR-WHLU,L-CNYTN-USLAX,11659.0,18.1,213.0,DDP,none,standard,2026-06-08T12:00Z,-0.4,port_congestion,2026-06-07T17:24Z
S-702667,ORD-45532,P-PW-1802,Tokyo,Vancouver,2,ocean,MV TROPIC STAR,9829496,off Tokyo,2026-05-28T12:00Z,CASOG,LOW,0.6,CR-HMMU,L-JPTYO-CASOG,6758.0,48.9,1881.0,CIF,none,economy,2026-05-30T12:00Z,-2.0,,2026-05-28T07:00Z
S-702668,ORD-48265,P-MC-7101,Valencia,Veracruz,5,ocean,MV PACIFIC TRADER,9330499,approaching Veracruz,2026-05-30T21:36Z,MXVER,MEDIUM,1.3,CR-YMLU,L-ESVLC-MXVER,9157.0,57.9,5210.0,CIF,none,premium,2026-05-31T12:00Z,-0.6,,2026-05-29T04:36Z
S-702669,ORD-47731,P-EL-9102,Yantian,Hamburg,19,ocean,MV TROPIC TRADER,9762585,146 nm from Hamburg,2026-06-16T04:48Z,DEHAM,HIGH,3.2,CR-HLCU,L-CNYTN-DEHAM,21877.0,39.5,4663.0,CIF,none,standard,2026-06-13T12:00Z,2.7,,2026-06-13T11:48Z
S-702670,ORD-45604,P-PW-1802,Rotterdam,Santos,7,ocean,MV ASIAN SPIRIT,9804173,in transit,2026-06-12T09:36Z,BRSSZ,MEDIUM,1.7,CR-MAEU,L-NLRTM-BRSSZ,4942.0,8.3,22904.0,CIF,8,standard,2026-06-11T12:00Z,0.9,,2026-06-12T07:36Z
S-702671,ORD-44460,P-MC-7102,Yokohama,Los Angeles,14,ocean,MV NIPPON BREEZE,9125785,148 nm from Los Angeles,2026-06-03T09:36Z,USLAX,HIGH,2.6,CR-COSU,L-JPYOK-USLAX,15929.0,33.5,2275.0,DDP,none,economy,2026-06-04T12:00Z,-1.1,,2026-06-02T13:36Z
S-702672,ORD-46499,P-PK-4500,Yantian,Los Angeles,22,ocean,MV CALEDONIAN GUARDIAN,9546018,approaching Los Angeles,2026-05-24T16:48Z,USLAX,HIGH,2.6,CR-KNES,L-CNYTN-USLAX,13411.0,14.4,6640.0,EXW,none,standard,2026-05-22T12:00Z,2.2,,2026-05-22T19:48Z
S-702673,ORD-49267,P-SW-3002,Singapore,Felixstowe,13,ocean,MV CALEDONIAN SPIRIT,9461216,194 nm from Felixstowe,2026-06-07T02:24Z,GBFXT,MEDIUM,0.9,CR-HMMU,L-SGSIN-GBFXT,12689.0,12.4,19706.0,FOB,3,economy,2026-06-06T12:00Z,0.6,,2026-06-07T01:24Z
S-702674,ORD-44995,P-PW-1801,Tianjin,Łódź Rail Terminal,29,rail,DB SCH-3510,N/A,off Tianjin,2026-06-09T21:36Z,PLLDZ,LOW,0.2,CR-DBSC,L-CNTAO-PLLDZ,2638.0,19.2,7130.0,DAP,3,premium,2026-06-07T12:00Z,2.4,delayed,2026-06-08T14:36Z
S-702675,ORD-46028,P-PK-4500,Tokyo,Vancouver,24,ocean,MV ATLANTIC STAR,9349076,approaching Vancouver,2026-05-31T12:00Z,CASOG,LOW,0.6,CR-MAEU,L-JPTYO-CASOG,9220.0,4.1,11462.0,EXW,8,premium,2026-06-02T12:00Z,-2.0,,2026-05-30T16:00Z
S-702676,ORD-44580,P-SW-3002,Rotterdam,Santos,7,ocean,MV NIPPON EXPRESS,9101993,122 nm from Santos,2026-05-27T00:00Z,BRSSZ,MEDIUM,1.7,CR-DSVS,L-NLRTM-BRSSZ,1362.0,59.2,2531.0,DDP,3,premium,2026-05-25T12:00Z,1.5,,2026-05-25T18:00Z
S-702677,ORD-45304,P-PW-1850,Antwerp,New York/New Jersey,16,ocean,MV ATLANTIC EXPRESS,9522956,off Antwerp,2026-05-26T00:00Z,USNYC,MEDIUM,1.6,CR-MAEU,L-BEANR-USNYC,12523.0,8.1,17726.0,DDU,none,standard,2026-05-25T12:00Z,0.5,,2026-05-24T17:00Z
S-702678,ORD-47313,P-EL-9101,Ningbo,Rotterdam,34,ocean,MV CALEDONIAN CRYSTAL,9501444,Rotterdam approach,2026-05-21T12:00Z,NLRTM,LOW,0.4,CR-YMLU,L-CNNGB-NLRTM,23592.0,22.2,1422.0,EXW,none,standard,2026-05-23T12:00Z,-2.0,,2026-05-20T00:00Z
S-702679,ORD-49400,P-EL-9101,Yantian,Frankfurt am Main Airport,26,air,LH-CARGO-529,N/A,81 nm from Frankfurt am Main Airport,2026-05-23T12:00Z,DEFRA,LOW,0.1,CR-LHCA,L-CNYTN-DEFRA,6515.0,37.4,2154.0,FOB,none,premium,2026-05-24T12:00Z,-1.0,,2026-05-22T10:00Z
S-702680,ORD-45290,P-CH-2230,Rotterdam,Santos,32,ocean,MV NIPPON VICTORY,9775647,Santos approach,2026-05-31T07:12Z,BRSSZ,MEDIUM,1.7,CR-MSCU,L-NLRTM-BRSSZ,19145.0,58.9,11841.0,DDU,none,standard,2026-05-31T12:00Z,-0.2,,2026-05-29T21:12Z
S-702681,ORD-49573,P-EL-9001,Rotterdam,Santos,29,ocean,MV TROPIC SPIRIT,9619110,28 nm from Santos,2026-05-29T21:36Z,BRSSZ,MEDIUM,1.7,CR-MAEU,L-NLRTM-BRSSZ,15415.0,0.5,1191.0,EXW,none,standard,2026-05-29T12:00Z,0.4,,2026-05-28T16:36Z
S-702682,ORD-46862,P-PW-1802,Busan,New York/New Jersey,19,ocean,MV TROPIC STAR,9479673,approaching New York/New Jersey,2026-06-16T12:00Z,USNYC,MEDIUM,1.6,CR-WHLU,L-KRPUS-USNYC,23126.0,21.8,1297.0,DDU,none,standard,2026-06-16T12:00Z,0.0,,2026-06-15T03:00Z
S-702683,ORD-47922,P-SN-5001,Frankfurt am Main Airport,Shanghai,10,air,AF-CARGO-493,N/A,off Frankfurt am Main Airport,2026-05-25T21:36Z,CNSHA,MEDIUM,1.3,CR-AFKA,L-DEFRA-CNSHA,9782.0,28.9,254.0,CIF,none,standard,2026-05-24T12:00Z,1.4,,2026-05-25T16:36Z
S-702684,ORD-47351,P-MC-7101,Genoa,Charleston,22,ocean,MV ARCTIC STAR,9963619,approaching Charleston,2026-05-21T12:00Z,USCHS,LOW,0.7,CR-WHLU,L-ITGOA-USCHS,15752.0,9.6,45553.0,DDP,3,premium,2026-05-23T12:00Z,-2.0,delayed,2026-05-19T13:00Z
S-702685,ORD-48216,P-PW-1801,Qingdao,Le Havre,25,ocean,MV ATLANTIC TRADER,9844955,75 nm from Le Havre,2026-06-23T04:48Z,FRLEH,MEDIUM,1.0,CR-YMLU,L-CNQIN-FRLEH,19414.0,34.5,2258.0,DDP,none,premium,2026-06-21T12:00Z,1.7,,2026-06-21T14:48Z
S-702686,ORD-48661,P-PK-4500,Rotterdam,New York/New Jersey,14,ocean,MV TROPIC GUARDIAN,9941986,approaching New York/New Jersey,2026-06-02T00:00Z,USNYC,MEDIUM,1.6,CR-ONEY,L-NLRTM-USNYC,12429.0,39.0,171.0,DAP,none,standard,2026-05-30T12:00Z,2.5,,2026-05-30T04:00Z
S-702687,ORD-49794,P-PK-4501,Rotterdam,Santos,33,ocean,MV NIPPON BREEZE,9161298,off Rotterdam,2026-06-05T04:48Z,BRSSZ,MEDIUM,1.7,CR-MSCU,L-NLRTM-BRSSZ,13280.0,7.5,419.0,EXW,none,economy,2026-06-03T12:00Z,1.7,,2026-06-02T19:48Z
S-702688,ORD-45794,P-MC-7100,Rotterdam,Santos,1,ocean,MV ATLANTIC STAR,9504602,173 nm from Santos,2026-05-31T16:48Z,BRSSZ,MEDIUM,1.7,CR-COSU,L-NLRTM-BRSSZ,6310.0,41.4,997.0,DDU,9,premium,2026-05-29T12:00Z,2.2,,2026-05-30T14:48Z
S-702689,ORD-49712,P-PW-1850,Ningbo,Rotterdam,21,ocean,MV ATLANTIC PIONEER,9474003,off Ningbo,2026-06-19T14:24Z,NLRTM,LOW,0.4,CR-COSU,L-CNNGB-NLRTM,6876.0,27.6,17527.0,DDU,none,standard,2026-06-18T12:00Z,1.1,,2026-06-19T06:24Z
S-702690,ORD-48535,P-EL-9002,Los Angeles,Sydney Kingsford Smith Airport,13,air,FD-CARGO-123,N/A,approaching Sydney Kingsford Smith Airport,2026-05-24T14:24Z,AUSYD,LOW,0.1,CR-FDXA,L-USLAX-AUSYD,3237.0,53.7,1157.0,DDP,none,standard,2026-05-22T12:00Z,2.1,,2026-05-22T02:24Z
S-702691,ORD-45031,P-SW-3001,Yantian,Los Angeles,14,ocean,MV NORDIC EXPRESS,9272691,off Yantian,2026-05-30T04:48Z,USLAX,HIGH,2.6,CR-PILU,L-CNYTN-USLAX,10520.0,47.7,5250.0,EXW,none,standard,2026-05-29T12:00Z,0.7,customs_hold,2026-05-28T14:48Z
S-702692,ORD-44879,P-PW-1801,Yantian,Hamburg,31,ocean,MV TROPIC CRYSTAL,9532755,off Yantian,2026-05-21T19:12Z,DEHAM,HIGH,3.2,CR-MAEU,L-CNYTN-DEHAM,1739.0,46.5,2743.0,DAP,none,standard,2026-05-23T12:00Z,-1.7,,2026-05-21T03:12Z
S-702693,ORD-44650,P-SN-5001,Singapore,Felixstowe,18,ocean,MV NIPPON PIONEER,9657820,Felixstowe approach,2026-05-27T09:36Z,GBFXT,MEDIUM,0.9,CR-HLCU,L-SGSIN-GBFXT,23044.0,37.8,6002.0,DDU,none,standard,2026-05-26T12:00Z,0.9,,2026-05-25T05:36Z
S-702694,ORD-47670,P-SN-5001,Shanghai,Rotterdam,22,ocean,MV PACIFIC GLORY,9557073,Rotterdam approach,2026-06-06T19:12Z,NLRTM,LOW,0.4,CR-HLCU,L-CNSHA-NLRTM,19452.0,52.1,271.0,DDP,8,standard,2026-06-05T12:00Z,1.3,,2026-06-06T09:12Z
S-702695,ORD-48354,P-EL-9101,Salalah,Rotterdam,25,ocean,MV ASIAN PIONEER,9259613,Rotterdam approach,2026-05-28T04:48Z,NLRTM,LOW,0.4,CR-KNES,L-OMSLL-NLRTM,13698.0,12.4,7664.0,FOB,none,standard,2026-05-26T12:00Z,1.7,,2026-05-27T19:48Z
S-702696,ORD-47997,P-PW-1801,Jebel Ali (Dubai),Frankfurt am Main Airport,1,air,CX-CARGO-435,N/A,Frankfurt am Main Airport approach,2026-05-23T16:48Z,DEFRA,LOW,0.1,CR-CXCA,L-AEDXB-DEFRA,14373.0,1.5,1346.0,FOB,9,premium,2026-05-22T12:00Z,1.2,,2026-05-23T04:48Z
S-702697,ORD-48709,P-CH-2211,Jebel Ali (Dubai),Frankfurt am Main Airport,9,air,EK-CARGO-103,N/A,approaching Frankfurt am Main Airport,2026-05-23T02:24Z,DEFRA,LOW,0.1,CR-EKCA,L-AEDXB-DEFRA,13420.0,39.9,837.0,EXW,none,standard,2026-05-20T12:00Z,2.6,,2026-05-21T13:24Z
S-702698,ORD-49890,P-CH-2210,Nhava Sheva,Rotterdam,7,ocean,MV NIPPON VICTORY,9761533,Rotterdam approach,2026-05-25T21:36Z,NLRTM,LOW,0.4,CR-HLCU,L-INNSA-NLRTM,3239.0,26.2,27624.0,FOB,3,economy,2026-05-25T12:00Z,0.4,,2026-05-23T06:36Z
S-702699,ORD-47767,P-MC-7100,Hamburg,Genoa,7,road,XPO LO-8321,N/A,approaching Genoa,2026-05-28T14:24Z,ITGOA,MEDIUM,1.2,CR-XPOT,L-DEHAM-ITGOA,9495.0,39.0,38575.0,DAP,8,premium,2026-05-25T12:00Z,3.1,,2026-05-28T03:24Z
S-702700,ORD-48691,P-SW-3001,Hamburg,Santos,23,ocean,MV ATLANTIC VICTORY,9318488,24 nm from Santos,2026-05-31T21:36Z,BRSSZ,MEDIUM,1.7,CR-COSU,L-DEHAM-BRSSZ,15842.0,39.0,528.0,DAP,none,standard,2026-05-31T12:00Z,0.4,,2026-05-29T10:36Z
S-702701,ORD-45026,P-CH-2230,Hamburg,Durban,4,ocean,MV PACIFIC GUARDIAN,9243088,Durban approach,2026-05-23T07:12Z,ZADUR,MEDIUM,1.5,CR-YMLU,L-DEHAM-ZADUR,23974.0,35.9,5583.0,DDU,none,premium,2026-05-21T12:00Z,1.8,,2026-05-23T02:12Z
S-702702,ORD-49610,P-EL-9001,Shanghai,Los Angeles,9,ocean,MV NORDIC CRYSTAL,9910367,Los Angeles approach,2026-05-31T12:00Z,USLAX,HIGH,2.6,CR-CMDU,L-CNSHA-USLAX,2985.0,14.2,7543.0,EXW,none,standard,2026-06-02T12:00Z,-2.0,,2026-05-30T21:00Z
S-702703,ORD-47620,P-EL-9002,Hong Kong,Rotterdam,4,ocean,MV PACIFIC GLORY,9108567,off Hong Kong,2026-06-03T16:48Z,NLRTM,LOW,0.4,CR-HLCU,L-HKHKG-NLRTM,9067.0,31.1,743.0,CIF,3,standard,2026-06-03T12:00Z,0.2,,2026-05-31T20:48Z
S-702704,ORD-47438,P-PW-1850,Hamburg,Durban,9,ocean,MV PACIFIC BREEZE,9120932,approaching Durban,2026-06-01T09:36Z,ZADUR,MEDIUM,1.5,CR-ONEY,L-DEHAM-ZADUR,20764.0,52.0,278.0,DAP,none,economy,2026-06-01T12:00Z,-0.1,port_congestion,2026-05-31T11:36Z
S-702705,ORD-44466,P-MC-7200,Hamburg,Genoa,36,road,XPO LO-1998,N/A,approaching Genoa,2026-05-27T02:24Z,ITGOA,MEDIUM,1.2,CR-XPOT,L-DEHAM-ITGOA,9755.0,32.1,337.0,FOB,none,standard,2026-05-25T12:00Z,1.6,,2026-05-24T21:24Z
S-702706,ORD-48379,P-CH-2210,Los Angeles,Sydney Kingsford Smith Airport,33,air,EK-CARGO-735,N/A,off Los Angeles,2026-05-25T02:24Z,AUSYD,LOW,0.1,CR-EKCA,L-USLAX-AUSYD,13741.0,47.1,14319.0,CIF,none,standard,2026-05-23T12:00Z,1.6,,2026-05-22T15:24Z
S-702707,ORD-46592,P-PK-4500,Tianjin,Hamburg,12,ocean,MV IBERIAN CRYSTAL,9815185,108 nm from Hamburg,2026-05-26T16:48Z,DEHAM,HIGH,3.2,CR-MAEU,L-CNTAO-DEHAM,17968.0,44.7,85684.0,DAP,9,premium,2026-05-23T12:00Z,3.2,,2026-05-24T12:48Z
S-702708,ORD-46923,P-PW-1801,Shanghai,Hamburg,21,ocean,MV BALTIC PIONEER,9895519,56 nm from Hamburg,2026-05-22T04:48Z,DEHAM,HIGH,3.2,CR-CMDU,L-CNSHA-DEHAM,3281.0,41.2,2122.0,EXW,none,standard,2026-05-22T12:00Z,-0.3,damage,2026-05-21T05:48Z
S-702709,ORD-44479,P-PK-4501,Shanghai,Rotterdam,14,ocean,MV BALTIC GLORY,9438111,off Shanghai,2026-05-24T09:36Z,NLRTM,LOW,0.4,CR-MAEU,L-CNSHA-NLRTM,24764.0,42.1,2702.0,FOB,none,standard,2026-05-22T12:00Z,1.9,,2026-05-22T21:36Z
S-702710,ORD-48254,P-MC-7102,Singapore,Rotterdam,16,ocean,MV IBERIAN VICTORY,9115599,in transit,2026-06-02T21:36Z,NLRTM,LOW,0.4,CR-CMDU,L-SGSIN-NLRTM,6893.0,14.9,6627.0,DAP,none,standard,2026-06-03T12:00Z,-0.6,,2026-06-01T21:36Z
S-702711,ORD-46334,P-SW-3002,Yantian,Frankfurt am Main Airport,36,air,QT-CARGO-281,N/A,Frankfurt am Main Airport approach,2026-05-25T19:12Z,DEFRA,LOW,0.1,CR-QTRA,L-CNYTN-DEFRA,12810.0,40.6,526.0,CIF,none,premium,2026-05-24T12:00Z,1.3,,2026-05-25T18:12Z
S-702712,ORD-46192,P-EL-9102,Hong Kong,Rotterdam,13,ocean,MV NORDIC VICTORY,9750799,approaching Rotterdam,2026-05-30T02:24Z,NLRTM,LOW,0.4,CR-ONEY,L-HKHKG-NLRTM,8854.0,5.8,32055.0,DAP,none,standard,2026-05-30T12:00Z,-0.4,,2026-05-27T02:24Z
S-702713,ORD-46263,P-PK-4500,Hong Kong,Oakland,22,ocean,MV CALEDONIAN TRADER,9143964,off Hong Kong,2026-05-26T00:00Z,USOAK,MEDIUM,1.4,CR-MAEU,L-HKHKG-USOAK,17190.0,34.6,2213.0,CIF,none,premium,2026-05-25T12:00Z,0.5,customs_hold,2026-05-23T17:00Z
S-702714,ORD-49618,P-EL-9101,Genoa,Charleston,20,ocean,MV IBERIAN EXPRESS,9220796,in transit,2026-05-28T12:00Z,USCHS,LOW,0.7,CR-PILU,L-ITGOA-USCHS,14735.0,36.1,250000,EXW,none,standard,2026-05-26T12:00Z,2.0,damage,2026-05-27T09:00Z
S-702715,ORD-49667,P-EL-9101,Qingdao,Le Havre,17,ocean,MV ASIAN EXPRESS,9951919,Le Havre approach,2026-05-25T02:24Z,FRLEH,MEDIUM,1.0,CR-PILU,L-CNQIN-FRLEH,13805.0,56.6,2615.0,CIF,3,standard,2026-05-24T12:00Z,0.6,vessel_change,2026-05-23T04:24Z
S-702716,ORD-44898,P-PK-4501,Hamburg,Durban,7,ocean,MV TROPIC VICTORY,9266587,87 nm from Durban,2026-05-22T09:36Z,ZADUR,MEDIUM,1.5,CR-MSCU,L-DEHAM-ZADUR,16445.0,6.9,1045.0,DAP,none,economy,2026-05-23T12:00Z,-1.1,,2026-05-21T21:36Z
S-702717,ORD-46154,P-SW-3002,Antwerp,New York/New Jersey,10,ocean,MV NORDIC GUARDIAN,9104926,176 nm from New York/New Jersey,2026-05-31T00:00Z,USNYC,MEDIUM,1.6,CR-MAEU,L-BEANR-USNYC,21643.0,44.7,15196.0,CIF,none,premium,2026-05-27T12:00Z,3.5,,2026-05-29T06:00Z
S-702718,ORD-44408,P-CH-2230,Frankfurt am Main Airport,Shanghai,26,air,UP-CARGO-110,N/A,Shanghai approach,2026-05-21T09:36Z,CNSHA,MEDIUM,1.3,CR-UPSA,L-DEFRA-CNSHA,24059.0,12.8,413.0,FOB,none,premium,2026-05-22T12:00Z,-1.1,,2026-05-20T01:36Z
S-702719,ORD-48524,P-PW-1850,Jebel Ali (Dubai),Rotterdam,9,ocean,MV CALEDONIAN TRADER,9182254,approaching Rotterdam,2026-06-05T00:00Z,NLRTM,LOW,0.4,CR-MSCU,L-AEDXB-NLRTM,18689.0,5.2,562.0,EXW,none,standard,2026-06-05T12:00Z,-0.5,,2026-06-04T08:00Z
S-702720,ORD-47849,P-MC-7101,Yantian,Frankfurt am Main Airport,13,air,QT-CARGO-404,N/A,off Yantian,2026-05-24T14:24Z,DEFRA,LOW,0.1,CR-QTRA,L-CNYTN-DEFRA,12743.0,21.6,19339.0,CIF,none,standard,2026-05-24T12:00Z,0.1,vessel_change,2026-05-22T22:24Z
S-702721,ORD-48887,P-EL-9101,New York/New Jersey,London Heathrow Airport,33,air,AF-CARGO-223,N/A,33 nm from London Heathrow Airport,2026-05-23T14:24Z,LHRGB,LOW,0.1,CR-AFKA,L-USNYC-LHRGB,7799.0,20.6,64553.0,DDU,none,standard,2026-05-22T12:00Z,1.1,,2026-05-23T05:24Z
S-702722,ORD-45793,P-SW-3002,Hong Kong,Rotterdam,4,ocean,MV IBERIAN GLORY,9469224,in transit,2026-06-04T12:00Z,NLRTM,LOW,0.4,CR-DSVS,L-HKHKG-NLRTM,11880.0,14.0,3780.0,FOB,none,standard,2026-06-06T12:00Z,-2.0,,2026-06-02T00:00Z
S-702723,ORD-46093,P-PW-1802,Salalah,Rotterdam,1,ocean,MV TROPIC VICTORY,9429968,Rotterdam approach,2026-06-06T12:00Z,NLRTM,LOW,0.4,CR-YMLU,L-OMSLL-NLRTM,7204.0,19.4,25494.0,CIF,none,premium,2026-06-07T12:00Z,-1.0,,2026-06-03T20:00Z
S-702724,ORD-47325,P-CH-2230,Shanghai,Los Angeles,5,ocean,MV IBERIAN VICTORY,9109907,approaching Los Angeles,2026-06-07T04:48Z,USLAX,HIGH,2.6,CR-MAEU,L-CNSHA-USLAX,9136.0,42.1,50057.0,DDP,9,standard,2026-06-06T12:00Z,0.7,,2026-06-05T15:48Z
S-702725,ORD-46098,P-SW-3001,Yantian,Los Angeles,36,ocean,MV TROPIC CRYSTAL,9671716,Los Angeles approach,2026-05-20T07:12Z,USLAX,HIGH,2.6,CR-CMDU,L-CNYTN-USLAX,21673.0,9.2,6461.0,DAP,8,economy,2026-05-20T12:00Z,-0.2,,2026-05-19T05:12Z
S-702726,ORD-49807,P-PK-4501,Busan,Los Angeles,10,ocean,MV NORDIC SPIRIT,9856660,112 nm from Los Angeles,2026-06-02T21:36Z,USLAX,HIGH,2.6,CR-PILU,L-KRPUS-USLAX,18493.0,50.3,8523.0,EXW,9,premium,2026-05-31T12:00Z,2.4,,2026-05-31T10:36Z
S-702727,ORD-47418,P-SN-5001,Hamburg,Santos,14,ocean,MV ARCTIC BREEZE,9411572,off Hamburg,2026-06-12T00:00Z,BRSSZ,MEDIUM,1.7,CR-ZIMU,L-DEHAM-BRSSZ,11646.0,26.7,9248.0,DAP,none,standard,2026-06-12T12:00Z,-0.5,,2026-06-10T01:00Z
S-702728,ORD-45702,P-PK-4501,Shanghai,Los Angeles,22,ocean,MV IBERIAN VICTORY,9240023,off Shanghai,2026-06-09T04:48Z,USLAX,HIGH,2.6,CR-ZIMU,L-CNSHA-USLAX,10782.0,53.1,19620.0,DAP,3,economy,2026-06-07T12:00Z,1.7,,2026-06-07T10:48Z
S-702729,ORD-48463,P-SN-5001,Yokohama,Los Angeles,14,ocean,MV TROPIC TRADER,9177628,in transit,2026-06-02T21:36Z,USLAX,HIGH,2.6,CR-WHLU,L-JPYOK-USLAX,2982.0,23.4,2221.0,DDP,8,standard,2026-05-30T12:00Z,3.4,,2026-06-01T02:36Z
S-702730,ORD-46084,P-MC-7101,Yantian,Frankfurt am Main Airport,23,air,DH-CARGO-363,N/A,approaching Frankfurt am Main Airport,2026-05-24T09:36Z,DEFRA,LOW,0.1,CR-DHLA,L-CNYTN-DEFRA,21859.0,2.2,26954.0,DDP,none,economy,2026-05-24T12:00Z,-0.1,,2026-05-23T05:36Z
S-702731,ORD-46206,P-SW-3001,Singapore,Rotterdam,12,ocean,MV BALTIC SPIRIT,9337912,Rotterdam approach,2026-05-30T09:36Z,NLRTM,LOW,0.4,CR-WHLU,L-SGSIN-NLRTM,14460.0,57.6,11379.0,DDU,none,premium,2026-05-30T12:00Z,-0.1,,2026-05-27T22:36Z
S-702732,ORD-44151,P-SN-5001,Hamburg,Durban,2,ocean,MV ARCTIC SPIRIT,9621198,Durban approach,2026-05-22T14:24Z,ZADUR,MEDIUM,1.5,CR-CMDU,L-DEHAM-ZADUR,128.0,7.7,477.0,DDP,none,standard,2026-05-24T12:00Z,-1.9,damage,2026-05-19T19:24Z
S-702733,ORD-46567,P-PW-1801,Yantian,Callao (Lima),6,ocean,MV TROPIC GUARDIAN,9677942,Callao (Lima) approach,2026-06-08T12:00Z,PEMRI,LOW,0.9,CR-KNES,L-CNYTN-PEMRI,6184.0,50.0,706.0,DDU,none,standard,2026-06-10T12:00Z,-2.0,,2026-06-07T09:00Z
S-702734,ORD-48633,P-PW-1802,Shanghai,Rotterdam,13,ocean,MV PACIFIC SPIRIT,9635884,Rotterdam approach,2026-06-13T07:12Z,NLRTM,LOW,0.4,CR-HLCU,L-CNSHA-NLRTM,7300.0,26.7,419.0,DAP,none,premium,2026-06-12T12:00Z,0.8,,2026-06-11T13:12Z
S-702735,ORD-44283,P-PK-4501,Yantian,Frankfurt am Main Airport,3,air,AF-CARGO-530,N/A,approaching Frankfurt am Main Airport,2026-05-25T19:12Z,DEFRA,LOW,0.1,CR-AFKA,L-CNYTN-DEFRA,21393.0,30.0,4977.0,FOB,none,premium,2026-05-24T12:00Z,1.3,,2026-05-25T11:12Z
S-702736,ORD-46753,P-MC-7200,Shanghai,Düsseldorf Rail Terminal,4,rail,DB SCH-6214,N/A,Düsseldorf Rail Terminal approach,2026-06-09T09:36Z,DEDUS,LOW,0.2,CR-DBSC,L-CNSHA-DEDUS,24794.0,23.7,8930.0,DDP,none,standard,2026-06-07T12:00Z,1.9,,2026-06-07T02:36Z
S-702737,ORD-47013,P-PW-1802,Singapore,Felixstowe,19,ocean,MV NIPPON BREEZE,9953425,off Singapore,2026-06-06T04:48Z,GBFXT,MEDIUM,0.9,CR-EGLV,L-SGSIN-GBFXT,4242.0,25.0,28063.0,DDU,9,economy,2026-06-06T12:00Z,-0.3,vessel_change,2026-06-04T16:48Z
S-702738,ORD-46864,P-EL-9101,Hamburg,Genoa,11,road,XPO LO-1940,N/A,Genoa approach,2026-05-23T02:24Z,ITGOA,MEDIUM,1.2,CR-XPOT,L-DEHAM-ITGOA,17814.0,51.6,3099.0,DDU,none,standard,2026-05-22T12:00Z,0.6,,2026-05-21T21:24Z
S-702739,ORD-48512,P-MC-7100,Yokohama,Los Angeles,29,ocean,MV NIPPON CRYSTAL,9590580,in transit,2026-06-02T12:00Z,USLAX,HIGH,2.6,CR-WHLU,L-JPYOK-USLAX,5009.0,27.2,3078.0,DDP,8,standard,2026-06-04T12:00Z,-2.0,,2026-05-30T19:00Z
S-702740,ORD-48127,P-MC-7100,Rotterdam,New York/New Jersey,10,ocean,MV TROPIC BREEZE,9298859,New York/New Jersey approach,2026-05-25T14:24Z,USNYC,MEDIUM,1.6,CR-HLCU,L-NLRTM-USNYC,16872.0,9.6,27638.0,CIF,8,standard,2026-05-20T12:00Z,5.1,vessel_change,2026-05-24T01:24Z
S-702741,ORD-46112,P-CH-2230,Valencia,Veracruz,1,ocean,MV TROPIC BREEZE,9311327,97 nm from Veracruz,2026-06-08T07:12Z,MXVER,MEDIUM,1.3,CR-KNES,L-ESVLC-MXVER,2493.0,11.1,1736.0,DDU,none,standard,2026-06-07T12:00Z,0.8,,2026-06-08T03:12Z
S-702742,ORD-49043,P-CH-2211,Yantian,Callao (Lima),35,ocean,MV ARCTIC STAR,9940449,approaching Callao (Lima),2026-05-26T14:24Z,PEMRI,LOW,0.9,CR-MSCU,L-CNYTN-PEMRI,22018.0,55.4,647.0,DAP,none,premium,2026-05-25T12:00Z,1.1,customs_hold,2026-05-24T15:24Z
S-702743,ORD-46329,P-SN-5001,Shanghai,Hamburg,25,ocean,MV CALEDONIAN CRYSTAL,9631626,177 nm from Hamburg,2026-06-13T14:24Z,DEHAM,HIGH,3.2,CR-HMMU,L-CNSHA-DEHAM,25243.0,50.1,250000,DDU,3,economy,2026-06-13T12:00Z,0.1,,2026-06-12T05:24Z
S-702744,ORD-47410,P-MC-7100,Singapore,Rotterdam,33,ocean,MV ATLANTIC PIONEER,9838078,off Singapore,2026-06-13T02:24Z,NLRTM,LOW,0.4,CR-HLCU,L-SGSIN-NLRTM,786.0,33.9,3054.0,EXW,none,premium,2026-06-12T12:00Z,0.6,,2026-06-10T14:24Z
S-702745,ORD-48079,P-EL-9002,New York/New Jersey,London Heathrow Airport,28,air,QT-CARGO-987,N/A,London Heathrow Airport approach,2026-05-20T16:48Z,LHRGB,LOW,0.1,CR-QTRA,L-USNYC-LHRGB,16591.0,45.3,12968.0,FOB,8,economy,2026-05-20T12:00Z,0.2,,2026-05-18T02:48Z
S-702746,ORD-44952,P-SW-3002,Tianjin,Hamburg,35,ocean,MV ARCTIC SPIRIT,9895383,approaching Hamburg,2026-06-07T02:24Z,DEHAM,HIGH,3.2,CR-ZIMU,L-CNTAO-DEHAM,12008.0,9.5,131007.0,DDU,none,standard,2026-06-05T12:00Z,1.6,,2026-06-06T03:24Z
S-702747,ORD-46363,P-PW-1850,Busan,Los Angeles,23,ocean,MV ATLANTIC GLORY,9906799,off Busan,2026-06-01T16:48Z,USLAX,HIGH,2.6,CR-DSVS,L-KRPUS-USLAX,11042.0,32.9,743.0,DDU,none,premium,2026-05-27T12:00Z,5.2,damage,2026-05-30T00:48Z
S-702748,ORD-44678,P-SW-3002,Shanghai,Los Angeles,27,ocean,MV TROPIC GUARDIAN,9224347,off Shanghai,2026-06-05T16:48Z,USLAX,HIGH,2.6,CR-DSVS,L-CNSHA-USLAX,24445.0,37.1,4624.0,CIF,3,premium,2026-06-05T12:00Z,0.2,,2026-06-05T02:48Z
S-702749,ORD-49121,P-PK-4500,Hong Kong,Oakland,3,ocean,MV CALEDONIAN GLORY,9930141,approaching Oakland,2026-05-23T00:00Z,USOAK,MEDIUM,1.4,CR-MAEU,L-HKHKG-USOAK,5513.0,49.9,191.0,CIF,9,premium,2026-05-20T12:00Z,2.5,,2026-05-21T11:00Z
S-702750,ORD-45488,P-EL-9002,Hong Kong,Frankfurt am Main Airport,20,air,CX-CARGO-954,N/A,off Hong Kong,2026-05-23T12:00Z,DEFRA,LOW,0.1,CR-CXCA,L-HKHKG-DEFRA,24690.0,13.5,6577.0,DDU,none,economy,2026-05-22T12:00Z,1.0,,2026-05-22T09:00Z
S-702751,ORD-45075,P-EL-9102,Ningbo,Rotterdam,25,ocean,MV NIPPON GLORY,9474356,off Ningbo,2026-05-24T07:12Z,NLRTM,LOW,0.4,CR-ZIMU,L-CNNGB-NLRTM,24921.0,20.8,490.0,DAP,8,standard,2026-05-22T12:00Z,1.8,,2026-05-22T15:12Z
S-702752,ORD-44425,P-SW-3001,Tianjin,Łódź Rail Terminal,22,rail,DB SCH-9173,N/A,in transit,2026-06-01T14:24Z,PLLDZ,LOW,0.2,CR-DBSC,L-CNTAO-PLLDZ,9816.0,12.3,1403.0,DAP,3,economy,2026-06-01T12:00Z,0.1,,2026-05-29T19:24Z
S-702753,ORD-48383,P-EL-9002,Qingdao,Le Havre,27,ocean,MV PACIFIC GUARDIAN,9696159,102 nm from Le Havre,2026-06-16T09:36Z,FRLEH,MEDIUM,1.0,CR-KNES,L-CNQIN-FRLEH,4360.0,53.2,9539.0,FOB,none,standard,2026-06-17T12:00Z,-1.1,customs_hold,2026-06-13T17:36Z
S-702754,ORD-44390,P-PW-1850,Ningbo,Rotterdam,29,ocean,MV ASIAN TRADER,9897726,off Ningbo,2026-05-27T21:36Z,NLRTM,LOW,0.4,CR-HLCU,L-CNNGB-NLRTM,1657.0,52.0,15067.0,DDP,8,standard,2026-05-25T12:00Z,2.4,,2026-05-27T11:36Z
S-702755,ORD-48569,P-EL-9003,Los Angeles,Sydney Kingsford Smith Airport,16,air,LH-CARGO-850,N/A,80 nm from Sydney Kingsford Smith Airport,2026-05-24T09:36Z,AUSYD,LOW,0.1,CR-LHCA,L-USLAX-AUSYD,2441.0,29.4,67410.0,DDP,none,premium,2026-05-21T12:00Z,2.9,,2026-05-22T10:36Z
S-702756,ORD-48597,P-PW-1802,Yantian,Frankfurt am Main Airport,26,air,AF-CARGO-583,N/A,Frankfurt am Main Airport approach,2026-05-25T02:24Z,DEFRA,LOW,0.1,CR-AFKA,L-CNYTN-DEFRA,13742.0,9.2,1786.0,FOB,none,premium,2026-05-24T12:00Z,0.6,vessel_change,2026-05-23T05:24Z
S-702757,ORD-46761,P-PW-1850,Hong Kong,Frankfurt am Main Airport,24,air,CX-CARGO-549,N/A,in transit,2026-05-19T19:12Z,DEFRA,LOW,0.1,CR-CXCA,L-HKHKG-DEFRA,5589.0,51.9,14119.0,DAP,none,premium,2026-05-20T12:00Z,-0.7,,2026-05-17T20:12Z
S-702758,ORD-49031,P-PW-1802,Genoa,Charleston,4,ocean,MV ATLANTIC EXPRESS,9843269,approaching Charleston,2026-05-24T09:36Z,USCHS,LOW,0.7,CR-ZIMU,L-ITGOA-USCHS,2908.0,19.4,11679.0,FOB,none,standard,2026-05-22T12:00Z,1.9,,2026-05-22T14:36Z
S-702759,ORD-48943,P-PW-1801,Chicago O'Hare Airport,Hong Kong,13,air,QT-CARGO-197,N/A,approaching Hong Kong,2026-05-23T00:00Z,HKHKG,LOW,0.8,CR-QTRA,L-USORD-HKHKG,23944.0,4.2,4636.0,FOB,9,premium,2026-05-21T12:00Z,1.5,,2026-05-20T06:00Z
S-702760,ORD-45408,P-MC-7102,Hong Kong,Oakland,35,ocean,MV ASIAN CRYSTAL,9837363,approaching Oakland,2026-05-21T02:24Z,USOAK,MEDIUM,1.4,CR-COSU,L-HKHKG-USOAK,24283.0,27.3,91445.0,EXW,none,premium,2026-05-21T12:00Z,-0.4,,2026-05-19T06:24Z
S-702761,ORD-47871,P-MC-7100,Hong Kong,Rotterdam,25,ocean,MV NORDIC BREEZE,9626317,128 nm from Rotterdam,2026-06-12T12:00Z,NLRTM,LOW,0.4,CR-PILU,L-HKHKG-NLRTM,18640.0,43.9,14264.0,FOB,3,economy,2026-06-09T12:00Z,3.0,,2026-06-10T21:00Z
S-702762,ORD-47719,P-EL-9002,Tianjin,Hamburg,20,ocean,MV IBERIAN STAR,9895406,Hamburg approach,2026-05-26T04:48Z,DEHAM,HIGH,3.2,CR-ZIMU,L-CNTAO-DEHAM,4241.0,54.2,586.0,CIF,none,standard,2026-05-26T12:00Z,-0.3,,2026-05-25T12:48Z
S-702763,ORD-47522,P-CH-2211,Hamburg,Durban,27,ocean,MV PACIFIC GUARDIAN,9627744,Durban approach,2026-05-30T09:36Z,ZADUR,MEDIUM,1.5,CR-HMMU,L-DEHAM-ZADUR,10802.0,30.0,34672.0,DAP,none,economy,2026-05-28T12:00Z,1.9,,2026-05-29T09:36Z
S-702764,ORD-45778,P-CH-2230,Singapore,Rotterdam,17,ocean,MV CALEDONIAN SPIRIT,9182887,120 nm from Rotterdam,2026-06-03T16:48Z,NLRTM,LOW,0.4,CR-HLCU,L-SGSIN-NLRTM,3513.0,4.4,36709.0,CIF,none,economy,2026-06-03T12:00Z,0.2,,2026-06-01T16:48Z
S-702765,ORD-47027,P-PW-1801,Qingdao,Le Havre,30,ocean,MV ASIAN TRADER,9439547,27 nm from Le Havre,2026-06-24T09:36Z,FRLEH,MEDIUM,1.0,CR-EGLV,L-CNQIN-FRLEH,2075.0,42.1,325.0,EXW,none,premium,2026-06-22T12:00Z,1.9,port_congestion,2026-06-22T13:36Z
S-702766,ORD-44990,P-PK-4501,Jebel Ali (Dubai),Rotterdam,14,ocean,MV ARCTIC BREEZE,9185032,off Jebel Ali (Dubai),2026-06-02T02:24Z,NLRTM,LOW,0.4,CR-EGLV,L-AEDXB-NLRTM,12925.0,33.9,7303.0,DDU,none,standard,2026-06-02T12:00Z,-0.4,,2026-05-31T20:24Z
S-702767,ORD-44346,P-SW-3002,Rotterdam,New York/New Jersey,29,ocean,MV TROPIC CRYSTAL,9391847,in transit,2026-05-24T00:00Z,USNYC,MEDIUM,1.6,CR-EGLV,L-NLRTM-USNYC,3912.0,1.5,16329.0,DDU,9,standard,2026-05-22T12:00Z,1.5,,2026-05-23T04:00Z
S-702768,ORD-44772,P-CH-2211,Shanghai,Los Angeles,15,ocean,MV NORDIC STAR,9491889,Los Angeles approach,2026-05-31T09:36Z,USLAX,HIGH,2.6,CR-COSU,L-CNSHA-USLAX,16065.0,1.9,140.0,DDP,none,standard,2026-06-01T12:00Z,-1.1,,2026-05-30T06:36Z
S-702769,ORD-48973,P-EL-9003,Busan,New York/New Jersey,11,ocean,MV ASIAN STAR,9359475,New York/New Jersey approach,2026-05-21T16:48Z,USNYC,MEDIUM,1.6,CR-ONEY,L-KRPUS-USNYC,15788.0,16.4,3965.0,CIF,none,standard,2026-05-20T12:00Z,1.2,,2026-05-21T07:48Z
S-702770,ORD-44539,P-CH-2210,Yokohama,Los Angeles,31,ocean,MV CALEDONIAN GLORY,9242851,in transit,2026-06-05T04:48Z,USLAX,HIGH,2.6,CR-ZIMU,L-JPYOK-USLAX,23796.0,13.6,1125.0,DDU,none,standard,2026-05-28T12:00Z,7.7,port_congestion,2026-06-04T16:48Z
S-702771,ORD-49512,P-CH-2230,Yantian,Frankfurt am Main Airport,10,air,CX-CARGO-379,N/A,off Yantian,2026-05-22T19:12Z,DEFRA,LOW,0.1,CR-CXCA,L-CNYTN-DEFRA,9882.0,41.5,10464.0,EXW,none,premium,2026-05-21T12:00Z,1.3,,2026-05-22T11:12Z
S-702772,ORD-45484,P-EL-9003,Hamburg,Genoa,4,road,DACHSE-1960,N/A,in transit,2026-05-26T21:36Z,ITGOA,MEDIUM,1.2,CR-DACH,L-DEHAM-ITGOA,10583.0,56.5,266.0,EXW,none,premium,2026-05-25T12:00Z,1.4,,2026-05-25T20:36Z
S-702773,ORD-49459,P-EL-9001,Shanghai,Hamburg,33,ocean,MV IBERIAN CRYSTAL,9248645,in transit,2026-06-17T07:12Z,DEHAM,HIGH,3.2,CR-ZIMU,L-CNSHA-DEHAM,5890.0,37.9,12962.0,FOB,none,economy,2026-06-16T12:00Z,0.8,,2026-06-15T15:12Z
S-702774,ORD-48278,P-MC-7102,Yantian,Los Angeles,35,ocean,MV CALEDONIAN GLORY,9786917,Los Angeles approach,2026-05-31T00:00Z,USLAX,HIGH,2.6,CR-MAEU,L-CNYTN-USLAX,24511.0,23.8,327.0,EXW,none,standard,2026-05-28T12:00Z,2.5,,2026-05-29T12:00Z
S-702775,ORD-48180,P-MC-7100,Yantian,Los Angeles,31,ocean,MV ATLANTIC SPIRIT,9339078,108 nm from Los Angeles,2026-06-05T14:24Z,USLAX,HIGH,2.6,CR-ZIMU,L-CNYTN-USLAX,12355.0,15.8,7191.0,CIF,none,standard,2026-06-05T12:00Z,0.1,vessel_change,2026-06-04T20:24Z
S-702776,ORD-48403,P-MC-7102,Los Angeles,Sydney Kingsford Smith Airport,11,air,CX-CARGO-444,N/A,approaching Sydney Kingsford Smith Airport,2026-05-23T19:12Z,AUSYD,LOW,0.1,CR-CXCA,L-USLAX-AUSYD,10658.0,38.2,308.0,FOB,none,economy,2026-05-20T12:00Z,3.3,,2026-05-22T05:12Z
S-702777,ORD-47386,P-EL-9002,Shanghai,New York/New Jersey,23,ocean,MV PACIFIC GUARDIAN,9957048,in transit,2026-06-13T07:12Z,USNYC,MEDIUM,1.6,CR-MSCU,L-CNSHA-USNYC,12780.0,52.8,1585.0,EXW,none,standard,2026-06-12T12:00Z,0.8,,2026-06-11T14:12Z
S-702778,ORD-46114,P-MC-7102,Antwerp,New York/New Jersey,26,ocean,MV PACIFIC EXPRESS,9205125,off Antwerp,2026-06-01T00:00Z,USNYC,MEDIUM,1.6,CR-MSCU,L-BEANR-USNYC,1748.0,22.7,550.0,DDU,8,standard,2026-05-29T12:00Z,2.5,,2026-05-30T03:00Z
S-702779,ORD-49270,P-CH-2211,Antwerp,New York/New Jersey,3,ocean,MV TROPIC EXPRESS,9634532,approaching New York/New Jersey,2026-06-01T07:12Z,USNYC,MEDIUM,1.6,CR-MSCU,L-BEANR-USNYC,16903.0,40.4,1963.0,DDP,none,standard,2026-05-29T12:00Z,2.8,,2026-05-30T16:12Z
S-702780,ORD-49277,P-EL-9101,Qingdao,Le Havre,19,ocean,MV CALEDONIAN SPIRIT,9730391,in transit,2026-06-19T19:12Z,FRLEH,MEDIUM,1.0,CR-MSCU,L-CNQIN-FRLEH,14351.0,29.2,603.0,DAP,9,premium,2026-06-18T12:00Z,1.3,,2026-06-18T12:12Z
S-702781,ORD-46500,P-EL-9003,Shanghai,Los Angeles,18,ocean,MV NIPPON VICTORY,9661424,approaching Los Angeles,2026-06-10T04:48Z,USLAX,HIGH,2.6,CR-HLCU,L-CNSHA-USLAX,14889.0,52.5,1495.0,CIF,none,standard,2026-06-07T12:00Z,2.7,,2026-06-09T11:48Z
S-702782,ORD-45526,P-EL-9102,Chicago O'Hare Airport,Hong Kong,30,air,UP-CARGO-699,N/A,off Chicago O'Hare Airport,2026-05-24T14:24Z,HKHKG,LOW,0.8,CR-UPSA,L-USORD-HKHKG,12157.0,36.6,115089.0,DAP,3,standard,2026-05-23T12:00Z,1.1,,2026-05-23T04:24Z
S-702783,ORD-45667,P-CH-2210,Hamburg,Genoa,11,road,DACHSE-6730,N/A,107 nm from Genoa,2026-05-20T04:48Z,ITGOA,MEDIUM,1.2,CR-DACH,L-DEHAM-ITGOA,25208.0,43.2,2985.0,DDU,none,standard,2026-05-21T12:00Z,-1.3,vessel_change,2026-05-17T18:48Z
S-702784,ORD-45620,P-EL-9102,Shanghai,Los Angeles,36,ocean,MV PACIFIC SPIRIT,9496507,off Shanghai,2026-06-02T02:24Z,USLAX,HIGH,2.6,CR-DSVS,L-CNSHA-USLAX,2218.0,43.1,1006.0,CIF,none,standard,2026-06-02T12:00Z,-0.4,,2026-06-01T23:24Z
S-702785,ORD-47538,P-CH-2230,Los Angeles,Sydney Kingsford Smith Airport,8,air,EK-CARGO-400,N/A,off Los Angeles,2026-05-23T07:12Z,AUSYD,LOW,0.1,CR-EKCA,L-USLAX-AUSYD,12800.0,6.2,1296.0,DDP,none,standard,2026-05-22T12:00Z,0.8,,2026-05-21T18:12Z
S-702786,ORD-46503,P-CH-2210,Hong Kong,Rotterdam,29,ocean,MV TROPIC BREEZE,9297922,Rotterdam approach,2026-05-25T21:36Z,NLRTM,LOW,0.4,CR-EGLV,L-HKHKG-NLRTM,9412.0,40.0,1781.0,CIF,none,premium,2026-05-25T12:00Z,0.4,,2026-05-24T13:36Z
S-702787,ORD-48125,P-SW-3002,Yantian,Los Angeles,24,ocean,MV ASIAN GUARDIAN,9771490,in transit,2026-06-08T04:48Z,USLAX,HIGH,2.6,CR-YMLU,L-CNYTN-USLAX,7598.0,17.1,3238.0,CIF,none,economy,2026-06-07T12:00Z,0.7,damage,2026-06-05T15:48Z
S-702788,ORD-47000,P-PW-1801,Hamburg,Durban,6,ocean,MV ARCTIC TRADER,9279252,135 nm from Durban,2026-05-27T12:00Z,ZADUR,MEDIUM,1.5,CR-KNES,L-DEHAM-ZADUR,13196.0,27.5,2970.0,CIF,none,economy,2026-05-29T12:00Z,-2.0,damage,2026-05-26T17:00Z
S-702789,ORD-44583,P-EL-9102,Genoa,Charleston,10,ocean,MV IBERIAN PIONEER,9926512,off Genoa,2026-06-02T16:48Z,USCHS,LOW,0.7,CR-MSCU,L-ITGOA-USCHS,18920.0,24.0,141.0,FOB,none,standard,2026-06-01T12:00Z,1.2,,2026-06-01T12:48Z
S-702790,ORD-44446,P-PW-1850,Shanghai,Los Angeles,32,ocean,MV ASIAN PIONEER,9607427,off Shanghai,2026-06-07T16:48Z,USLAX,HIGH,2.6,CR-WHLU,L-CNSHA-USLAX,10181.0,16.8,5469.0,DDP,none,standard,2026-06-05T12:00Z,2.2,customs_hold,2026-06-05T01:48Z
S-702791,ORD-46314,P-MC-7200,Yantian,Frankfurt am Main Airport,33,air,FD-CARGO-902,N/A,approaching Frankfurt am Main Airport,2026-05-26T02:24Z,DEFRA,LOW,0.1,CR-FDXA,L-CNYTN-DEFRA,15578.0,53.6,743.0,FOB,none,premium,2026-05-24T12:00Z,1.6,,2026-05-23T20:24Z
S-702792,ORD-46137,P-CH-2211,Shanghai,New York/New Jersey,29,ocean,MV NIPPON GUARDIAN,9951375,New York/New Jersey approach,2026-06-06T12:00Z,USNYC,MEDIUM,1.6,CR-MSCU,L-CNSHA-USNYC,7453.0,45.0,203.0,DAP,9,standard,2026-06-04T12:00Z,2.0,,2026-06-04T14:00Z
S-702793,ORD-46854,P-CH-2230,Shanghai,New York/New Jersey,27,ocean,MV ARCTIC STAR,9902634,25 nm from New York/New Jersey,2026-06-05T09:36Z,USNYC,MEDIUM,1.6,CR-EGLV,L-CNSHA-USNYC,25289.0,45.0,1213.0,EXW,8,standard,2026-06-05T12:00Z,-0.1,port_congestion,2026-06-03T09:36Z
S-702794,ORD-48128,P-PW-1850,Singapore,Frankfurt am Main Airport,25,air,CX-CARGO-943,N/A,Frankfurt am Main Airport approach,2026-05-22T00:00Z,DEFRA,LOW,0.1,CR-CXCA,L-SGSIN-DEFRA,23022.0,42.6,1339.0,EXW,3,standard,2026-05-22T12:00Z,-0.5,,2026-05-19T22:00Z
S-702795,ORD-46363,P-EL-9002,Hamburg,Genoa,28,road,XPO LO-1537,N/A,92 nm from Genoa,2026-05-31T21:36Z,ITGOA,MEDIUM,1.2,CR-XPOT,L-DEHAM-ITGOA,11737.0,43.7,523.0,FOB,9,standard,2026-05-24T12:00Z,7.4,vessel_change,2026-05-30T18:36Z
S-702796,ORD-46944,P-SW-3002,Antwerp,New York/New Jersey,19,ocean,MV CALEDONIAN TRADER,9841120,New York/New Jersey approach,2026-05-21T12:00Z,USNYC,MEDIUM,1.6,CR-PILU,L-BEANR-USNYC,17905.0,19.5,1199.0,CIF,none,standard,2026-05-23T12:00Z,-2.0,,2026-05-19T01:00Z
S-702797,ORD-46456,P-EL-9102,Hamburg,Genoa,6,road,XPO LO-4455,N/A,off Hamburg,2026-05-23T00:00Z,ITGOA,MEDIUM,1.2,CR-XPOT,L-DEHAM-ITGOA,13335.0,18.2,88.0,DDP,none,standard,2026-05-22T12:00Z,0.5,,2026-05-21T05:00Z
S-702798,ORD-45770,P-MC-7101,Antwerp,New York/New Jersey,23,ocean,MV PACIFIC PIONEER,9854358,in transit,2026-05-29T07:12Z,USNYC,MEDIUM,1.6,CR-ONEY,L-BEANR-USNYC,13287.0,9.4,152687.0,EXW,none,premium,2026-05-24T12:00Z,4.8,damage,2026-05-28T09:12Z
S-702799,ORD-49415,P-MC-7200,Shanghai,Rotterdam,15,ocean,MV NIPPON PIONEER,9794197,70 nm from Rotterdam,2026-06-10T12:00Z,NLRTM,LOW,0.4,CR-ZIMU,L-CNSHA-NLRTM,4669.0,10.0,185954.0,CIF,none,standard,2026-06-09T12:00Z,1.0,,2026-06-10T05:00Z
S-702800,ORD-46716,P-PK-4501,Busan,Los Angeles,26,ocean,MV PACIFIC BREEZE,9865657,approaching Los Angeles,2026-06-09T09:36Z,USLAX,HIGH,2.6,CR-CMDU,L-KRPUS-USLAX,4394.0,18.6,262.0,CIF,9,standard,2026-06-07T12:00Z,1.9,,2026-06-06T14:36Z
S-702801,ORD-44214,P-EL-9001,Tianjin,Łódź Rail Terminal,22,rail,DB SCH-2181,N/A,in transit,2026-06-05T07:12Z,PLLDZ,LOW,0.2,CR-DBSC,L-CNTAO-PLLDZ,6647.0,56.8,5723.0,DDU,none,standard,2026-06-03T12:00Z,1.8,,2026-06-02T19:12Z
S-702802,ORD-47973,P-MC-7102,Hamburg,Genoa,23,road,DACHSE-9809,N/A,Genoa approach,2026-06-02T19:12Z,ITGOA,MEDIUM,1.2,CR-DACH,L-DEHAM-ITGOA,9474.0,57.0,741.0,FOB,none,standard,2026-05-25T12:00Z,8.3,delayed,2026-06-02T14:12Z
S-702803,ORD-47839,P-EL-9102,Hong Kong,Rotterdam,34,ocean,MV NORDIC SPIRIT,9333684,approaching Rotterdam,2026-05-30T12:00Z,NLRTM,LOW,0.4,CR-YMLU,L-HKHKG-NLRTM,19326.0,42.9,2004.0,CIF,none,economy,2026-05-29T12:00Z,1.0,,2026-05-29T12:00Z
S-702804,ORD-49308,P-PW-1802,Genoa,Charleston,13,ocean,MV CALEDONIAN VICTORY,9437901,196 nm from Charleston,2026-05-27T04:48Z,USCHS,LOW,0.7,CR-EGLV,L-ITGOA-USCHS,7342.0,2.6,529.0,CIF,none,premium,2026-05-26T12:00Z,0.7,damage,2026-05-25T00:48Z
S-702805,ORD-44923,P-PW-1802,Shanghai,Rotterdam,11,ocean,MV NIPPON SPIRIT,9437213,Rotterdam approach,2026-06-15T21:36Z,NLRTM,LOW,0.4,CR-ZIMU,L-CNSHA-NLRTM,22723.0,57.2,77.0,DDP,none,standard,2026-06-14T12:00Z,1.4,,2026-06-15T17:36Z
S-702806,ORD-45829,P-PK-4501,Valencia,Veracruz,7,ocean,MV ARCTIC GLORY,9941635,off Valencia,2026-05-25T09:36Z,MXVER,MEDIUM,1.3,CR-DSVS,L-ESVLC-MXVER,23881.0,21.1,34648.0,DAP,none,economy,2026-05-23T12:00Z,1.9,,2026-05-23T07:36Z
S-702807,ORD-47088,P-SN-5001,Yantian,Los Angeles,5,ocean,MV BALTIC GLORY,9951802,in transit,2026-05-31T19:12Z,USLAX,HIGH,2.6,CR-ZIMU,L-CNYTN-USLAX,9789.0,26.8,1380.0,DDP,none,economy,2026-05-30T12:00Z,1.3,,2026-05-29T12:12Z
S-702808,ORD-46296,P-MC-7100,Shanghai,New York/New Jersey,22,ocean,MV ARCTIC BREEZE,9607770,New York/New Jersey approach,2026-06-09T19:12Z,USNYC,MEDIUM,1.6,CR-YMLU,L-CNSHA-USNYC,17369.0,19.6,19429.0,DAP,none,economy,2026-06-08T12:00Z,1.3,,2026-06-07T13:12Z
S-702809,ORD-45646,P-EL-9003,Shanghai,New York/New Jersey,31,ocean,MV TROPIC GUARDIAN,9102399,New York/New Jersey approach,2026-05-28T19:12Z,USNYC,MEDIUM,1.6,CR-DSVS,L-CNSHA-USNYC,22889.0,13.4,1839.0,DAP,none,standard,2026-05-28T12:00Z,0.3,,2026-05-28T11:12Z
S-702810,ORD-45691,P-PW-1801,Hamburg,Durban,23,ocean,MV PACIFIC EXPRESS,9502974,157 nm from Durban,2026-06-04T02:24Z,ZADUR,MEDIUM,1.5,CR-HMMU,L-DEHAM-ZADUR,820.0,59.0,165689.0,DAP,8,standard,2026-06-03T12:00Z,0.6,damage,2026-06-03T11:24Z
S-702811,ORD-48785,P-EL-9003,Los Angeles,Sydney Kingsford Smith Airport,18,air,FD-CARGO-660,N/A,in transit,2026-05-22T07:12Z,AUSYD,LOW,0.1,CR-FDXA,L-USLAX-AUSYD,466.0,6.5,381.0,DAP,none,standard,2026-05-21T12:00Z,0.8,,2026-05-19T11:12Z
S-702812,ORD-48918,P-MC-7200,Hong Kong,Oakland,11,ocean,MV NORDIC STAR,9772492,off Hong Kong,2026-05-25T19:12Z,USOAK,MEDIUM,1.4,CR-PILU,L-HKHKG-USOAK,3086.0,14.4,2964.0,DAP,none,standard,2026-05-26T12:00Z,-0.7,,2026-05-24T12:12Z
S-702813,ORD-46865,P-EL-9003,Hamburg,Genoa,7,road,DACHSE-4730,N/A,16 nm from Genoa,2026-05-29T16:48Z,ITGOA,MEDIUM,1.2,CR-DACH,L-DEHAM-ITGOA,5931.0,31.7,3971.0,DAP,none,economy,2026-05-25T12:00Z,4.2,customs_hold,2026-05-28T11:48Z
S-702814,ORD-47867,P-CH-2211,Jebel Ali (Dubai),Rotterdam,8,ocean,MV ASIAN EXPRESS,9763450,approaching Rotterdam,2026-05-24T04:48Z,NLRTM,LOW,0.4,CR-DSVS,L-AEDXB-NLRTM,2622.0,38.5,36478.0,EXW,none,standard,2026-05-22T12:00Z,1.7,,2026-05-22T19:48Z
S-702815,ORD-45152,P-CH-2230,Jebel Ali (Dubai),Rotterdam,2,ocean,MV ARCTIC SPIRIT,9215024,approaching Rotterdam,2026-06-03T12:00Z,NLRTM,LOW,0.4,CR-YMLU,L-AEDXB-NLRTM,14776.0,23.5,1305.0,DAP,none,standard,2026-06-03T12:00Z,-0.0,,2026-06-01T07:00Z
S-702816,ORD-48628,P-MC-7100,Chicago O'Hare Airport,Hong Kong,23,air,LH-CARGO-627,N/A,in transit,2026-05-29T00:00Z,HKHKG,LOW,0.8,CR-LHCA,L-USORD-HKHKG,10939.0,19.4,8641.0,CIF,none,economy,2026-05-23T12:00Z,5.5,delayed,2026-05-28T20:00Z
S-702817,ORD-47787,P-PW-1802,Yantian,Callao (Lima),36,ocean,MV IBERIAN SPIRIT,9929109,off Yantian,2026-06-11T04:48Z,PEMRI,LOW,0.9,CR-ONEY,L-CNYTN-PEMRI,20383.0,53.1,1436.0,DDU,9,standard,2026-06-09T12:00Z,1.7,delayed,2026-06-08T06:48Z
S-702818,ORD-49497,P-CH-2211,Yantian,Hamburg,2,ocean,MV PACIFIC GUARDIAN,9214962,151 nm from Hamburg,2026-05-21T12:00Z,DEHAM,HIGH,3.2,CR-ZIMU,L-CNYTN-DEHAM,4533.0,22.3,8856.0,FOB,none,premium,2026-05-20T12:00Z,1.0,,2026-05-21T09:00Z
S-702819,ORD-49860,P-MC-7200,Singapore,Frankfurt am Main Airport,1,air,FD-CARGO-468,N/A,in transit,2026-05-19T14:24Z,DEFRA,LOW,0.1,CR-FDXA,L-SGSIN-DEFRA,4236.0,55.1,957.0,CIF,9,standard,2026-05-20T12:00Z,-0.9,,2026-05-17T10:24Z
S-702820,ORD-44953,P-CH-2230,Hong Kong,Oakland,26,ocean,MV TROPIC GUARDIAN,9106721,in transit,2026-06-09T02:24Z,USOAK,MEDIUM,1.4,CR-COSU,L-HKHKG-USOAK,3953.0,23.0,1419.0,FOB,none,premium,2026-06-07T12:00Z,1.6,,2026-06-07T07:24Z
S-702821,ORD-47790,P-SW-3002,Hong Kong,Frankfurt am Main Airport,21,air,EK-CARGO-412,N/A,Frankfurt am Main Airport approach,2026-05-20T21:36Z,DEFRA,LOW,0.1,CR-EKCA,L-HKHKG-DEFRA,6771.0,18.3,35883.0,FOB,8,economy,2026-05-22T12:00Z,-1.6,vessel_change,2026-05-18T12:36Z
S-702822,ORD-48547,P-PK-4501,Yantian,Callao (Lima),32,ocean,MV TROPIC TRADER,9549906,Callao (Lima) approach,2026-06-14T00:00Z,PEMRI,LOW,0.9,CR-KNES,L-CNYTN-PEMRI,12770.0,44.8,539.0,DAP,3,premium,2026-06-11T12:00Z,2.5,,2026-06-11T07:00Z
S-702823,ORD-47048,P-CH-2211,Rotterdam,Santos,31,ocean,MV NIPPON GLORY,9589814,20 nm from Santos,2026-06-01T14:24Z,BRSSZ,MEDIUM,1.7,CR-DSVS,L-NLRTM-BRSSZ,16055.0,35.2,725.0,CIF,none,standard,2026-05-30T12:00Z,2.1,,2026-05-31T20:24Z
S-702824,ORD-46808,P-EL-9101,Salalah,Rotterdam,22,ocean,MV NIPPON VICTORY,9773910,off Salalah,2026-05-21T19:12Z,NLRTM,LOW,0.4,CR-COSU,L-OMSLL-NLRTM,18738.0,52.8,7039.0,EXW,3,standard,2026-05-20T12:00Z,1.3,delayed,2026-05-21T11:12Z
S-702825,ORD-44852,P-MC-7100,Salalah,Rotterdam,23,ocean,MV NIPPON STAR,9303686,106 nm from Rotterdam,2026-05-25T09:36Z,NLRTM,LOW,0.4,CR-DSVS,L-OMSLL-NLRTM,24637.0,20.4,1055.0,DDP,8,standard,2026-05-25T12:00Z,-0.1,,2026-05-25T04:36Z
S-702826,ORD-48026,P-PW-1801,Hamburg,Santos,12,ocean,MV ARCTIC TRADER,9274546,approaching Santos,2026-06-02T00:00Z,BRSSZ,MEDIUM,1.7,CR-ZIMU,L-DEHAM-BRSSZ,19315.0,18.7,375.0,FOB,none,premium,2026-05-31T12:00Z,1.5,,2026-06-01T20:00Z
S-702827,ORD-49909,P-EL-9102,New York/New Jersey,London Heathrow Airport,34,air,DH-CARGO-334,N/A,off New York/New Jersey,2026-05-21T00:00Z,LHRGB,LOW,0.1,CR-DHLA,L-USNYC-LHRGB,13892.0,26.4,976.0,DAP,8,standard,2026-05-20T12:00Z,0.5,,2026-05-20T20:00Z
S-702828,ORD-45098,P-MC-7102,Tianjin,Łódź Rail Terminal,19,rail,DB SCH-8020,N/A,approaching Łódź Rail Terminal,2026-05-29T09:36Z,PLLDZ,LOW,0.2,CR-DBSC,L-CNTAO-PLLDZ,17342.0,19.4,101.0,CIF,none,standard,2026-05-29T12:00Z,-0.1,,2026-05-27T00:36Z
S-702829,ORD-44810,P-CH-2211,Yantian,Callao (Lima),12,ocean,MV ASIAN PIONEER,9380172,183 nm from Callao (Lima),2026-06-14T07:12Z,PEMRI,LOW,0.9,CR-ONEY,L-CNYTN-PEMRI,11243.0,21.9,8196.0,DDP,none,premium,2026-06-14T12:00Z,-0.2,,2026-06-11T17:12Z
S-702830,ORD-49152,P-PW-1850,Jebel Ali (Dubai),Rotterdam,15,ocean,MV IBERIAN VICTORY,9779432,off Jebel Ali (Dubai),2026-05-26T16:48Z,NLRTM,LOW,0.4,CR-KNES,L-AEDXB-NLRTM,23437.0,15.4,67.0,CIF,none,standard,2026-05-28T12:00Z,-1.8,vessel_change,2026-05-24T15:48Z
S-702831,ORD-44331,P-EL-9002,Yokohama,Los Angeles,3,ocean,MV BALTIC TRADER,9807472,off Yokohama,2026-06-01T07:12Z,USLAX,HIGH,2.6,CR-KNES,L-JPYOK-USLAX,6675.0,40.0,601.0,CIF,none,economy,2026-05-27T12:00Z,4.8,delayed,2026-05-31T08:12Z
S-702832,ORD-48840,P-EL-9001,Tianjin,Łódź Rail Terminal,28,rail,DB SCH-8066,N/A,approaching Łódź Rail Terminal,2026-05-22T14:24Z,PLLDZ,LOW,0.2,CR-DBSC,L-CNTAO-PLLDZ,9455.0,50.9,8616.0,FOB,none,premium,2026-05-20T12:00Z,2.1,delayed,2026-05-22T12:24Z
S-702833,ORD-44259,P-SW-3002,Shanghai,Rotterdam,9,ocean,MV CALEDONIAN GUARDIAN,9454234,in transit,2026-05-25T14:24Z,NLRTM,LOW,0.4,CR-EGLV,L-CNSHA-NLRTM,15184.0,7.3,7798.0,DDP,none,economy,2026-05-26T12:00Z,-0.9,vessel_change,2026-05-23T09:24Z
S-702834,ORD-45429,P-SW-3001,Los Angeles,Sydney Kingsford Smith Airport,29,air,AF-CARGO-803,N/A,approaching Sydney Kingsford Smith Airport,2026-05-21T02:24Z,AUSYD,LOW,0.1,CR-AFKA,L-USLAX-AUSYD,7237.0,36.8,2447.0,DAP,none,standard,2026-05-21T12:00Z,-0.4,,2026-05-18T10:24Z
S-702835,ORD-46207,P-PW-1802,Hong Kong,Frankfurt am Main Airport,3,air,DH-CARGO-700,N/A,in transit,2026-05-21T07:12Z,DEFRA,LOW,0.1,CR-DHLA,L-HKHKG-DEFRA,9871.0,34.6,12747.0,DDP,none,economy,2026-05-21T12:00Z,-0.2,,2026-05-20T11:12Z
S-702836,ORD-45588,P-CH-2210,Hong Kong,Frankfurt am Main Airport,18,air,QT-CARGO-385,N/A,65 nm from Frankfurt am Main Airport,2026-05-25T14:24Z,DEFRA,LOW,0.1,CR-QTRA,L-HKHKG-DEFRA,20319.0,59.4,4820.0,DDP,9,standard,2026-05-23T12:00Z,2.1,,2026-05-23T17:24Z
S-702837,ORD-46541,P-CH-2210,Qingdao,Le Havre,24,ocean,MV CALEDONIAN BREEZE,9957111,18 nm from Le Havre,2026-06-05T12:00Z,FRLEH,MEDIUM,1.0,CR-EGLV,L-CNQIN-FRLEH,24841.0,54.6,2997.0,CIF,none,standard,2026-06-05T12:00Z,-0.0,,2026-06-02T23:00Z
S-702838,ORD-49505,P-EL-9002,Salalah,Rotterdam,12,ocean,MV ASIAN GLORY,9545823,Rotterdam approach,2026-06-05T21:36Z,NLRTM,LOW,0.4,CR-ZIMU,L-OMSLL-NLRTM,25339.0,2.2,5239.0,DAP,9,premium,2026-06-06T12:00Z,-0.6,,2026-06-03T02:36Z
S-702839,ORD-46204,P-SN-5001,Shanghai,New York/New Jersey,10,ocean,MV TROPIC GUARDIAN,9400405,approaching New York/New Jersey,2026-06-01T19:12Z,USNYC,MEDIUM,1.6,CR-MSCU,L-CNSHA-USNYC,14750.0,29.1,525.0,EXW,none,standard,2026-05-30T12:00Z,2.3,,2026-05-31T17:12Z
S-702840,ORD-46409,P-MC-7101,Hong Kong,Oakland,32,ocean,MV ASIAN GLORY,9508801,approaching Oakland,2026-05-29T07:12Z,USOAK,MEDIUM,1.4,CR-MAEU,L-HKHKG-USOAK,7087.0,18.4,5367.0,FOB,none,standard,2026-05-30T12:00Z,-1.2,,2026-05-26T21:12Z
S-702841,ORD-44845,P-EL-9102,Qingdao,Le Havre,36,ocean,MV CALEDONIAN GUARDIAN,9476740,approaching Le Havre,2026-06-15T07:12Z,FRLEH,MEDIUM,1.0,CR-DSVS,L-CNQIN-FRLEH,1493.0,21.1,45519.0,DDP,9,economy,2026-06-14T12:00Z,0.8,,2026-06-13T00:12Z
S-702842,ORD-46849,P-PW-1850,Shanghai,Düsseldorf Rail Terminal,28,rail,DB SCH-5162,N/A,in transit,2026-05-27T04:48Z,DEDUS,LOW,0.2,CR-DBSC,L-CNSHA-DEDUS,12343.0,47.2,3228.0,EXW,none,premium,2026-05-26T12:00Z,0.7,,2026-05-24T16:48Z
S-702843,ORD-48675,P-SN-5001,Nhava Sheva,Rotterdam,24,ocean,MV ATLANTIC VICTORY,9358543,off Nhava Sheva,2026-05-27T09:36Z,NLRTM,LOW,0.4,CR-EGLV,L-INNSA-NLRTM,15885.0,49.5,3559.0,EXW,none,standard,2026-05-26T12:00Z,0.9,,2026-05-25T00:36Z
S-702844,ORD-47305,P-MC-7102,Busan,Los Angeles,6,ocean,MV TROPIC EXPRESS,9461002,Los Angeles approach,2026-05-22T09:36Z,USLAX,HIGH,2.6,CR-HLCU,L-KRPUS-USLAX,5657.0,9.2,8322.0,DDP,3,standard,2026-05-21T12:00Z,0.9,,2026-05-21T22:36Z
S-702845,ORD-47375,P-CH-2210,Chicago O'Hare Airport,Hong Kong,4,air,LH-CARGO-581,N/A,off Chicago O'Hare Airport,2026-05-28T04:48Z,HKHKG,LOW,0.8,CR-LHCA,L-USORD-HKHKG,2417.0,44.5,32442.0,FOB,8,premium,2026-05-24T12:00Z,3.7,,2026-05-27T02:48Z
S-702846,ORD-46266,P-SW-3002,Yantian,Hamburg,33,ocean,MV NORDIC PIONEER,9547048,in transit,2026-06-19T16:48Z,DEHAM,HIGH,3.2,CR-HMMU,L-CNYTN-DEHAM,190.0,14.3,4090.0,FOB,none,standard,2026-06-19T12:00Z,0.2,customs_hold,2026-06-19T04:48Z
S-702847,ORD-49538,P-CH-2230,Shanghai,New York/New Jersey,2,ocean,MV CALEDONIAN CRYSTAL,9493953,New York/New Jersey approach,2026-05-28T02:24Z,USNYC,MEDIUM,1.6,CR-EGLV,L-CNSHA-USNYC,10770.0,2.7,492.0,DDP,none,premium,2026-05-26T12:00Z,1.6,customs_hold,2026-05-25T23:24Z
S-702848,ORD-46124,P-MC-7102,Yokohama,Los Angeles,15,ocean,MV ATLANTIC STAR,9630541,131 nm from Los Angeles,2026-06-07T07:12Z,USLAX,HIGH,2.6,CR-PILU,L-JPYOK-USLAX,3555.0,57.4,5316.0,DAP,none,premium,2026-05-31T12:00Z,6.8,port_congestion,2026-06-06T15:12Z
S-702849,ORD-45415,P-EL-9001,Singapore,Rotterdam,16,ocean,MV ARCTIC GLORY,9129665,approaching Rotterdam,2026-05-27T07:12Z,NLRTM,LOW,0.4,CR-ONEY,L-SGSIN-NLRTM,2008.0,41.8,4020.0,EXW,none,standard,2026-05-26T12:00Z,0.8,,2026-05-25T08:12Z
S-702850,ORD-47568,P-CH-2210,Hamburg,Durban,1,ocean,MV TROPIC GUARDIAN,9976990,Durban approach,2026-06-03T00:00Z,ZADUR,MEDIUM,1.5,CR-MAEU,L-DEHAM-ZADUR,23135.0,55.3,142104.0,CIF,none,standard,2026-06-03T12:00Z,-0.5,,2026-06-01T13:00Z
S-702851,ORD-45796,P-EL-9002,Hamburg,Durban,14,ocean,MV ASIAN STAR,9109912,approaching Durban,2026-05-25T02:24Z,ZADUR,MEDIUM,1.5,CR-MAEU,L-DEHAM-ZADUR,25480.0,33.4,2621.0,EXW,none,premium,2026-05-23T12:00Z,1.6,,2026-05-24T23:24Z
S-702852,ORD-45324,P-CH-2210,Mundra,Felixstowe,33,ocean,MV BALTIC GLORY,9135763,off Mundra,2026-06-02T16:48Z,GBFXT,MEDIUM,0.9,CR-ZIMU,L-INMUN-GBFXT,20699.0,54.4,53.0,DDP,none,premium,2026-06-01T12:00Z,1.2,vessel_change,2026-06-02T08:48Z
S-702853,ORD-48225,P-PK-4501,Antwerp,New York/New Jersey,13,ocean,MV CALEDONIAN EXPRESS,9176803,New York/New Jersey approach,2026-06-02T04:48Z,USNYC,MEDIUM,1.6,CR-KNES,L-BEANR-USNYC,23039.0,41.2,44341.0,CIF,9,standard,2026-05-29T12:00Z,3.7,,2026-06-01T03:48Z
S-702854,ORD-45615,P-EL-9003,Hong Kong,Rotterdam,22,ocean,MV TROPIC VICTORY,9165047,Rotterdam approach,2026-05-28T12:00Z,NLRTM,LOW,0.4,CR-WHLU,L-HKHKG-NLRTM,5176.0,3.2,3605.0,DDP,none,standard,2026-05-30T12:00Z,-2.0,,2026-05-26T02:00Z
S-702855,ORD-49049,P-MC-7200,Hong Kong,Frankfurt am Main Airport,14,air,DH-CARGO-866,N/A,approaching Frankfurt am Main Airport,2026-05-21T21:36Z,DEFRA,LOW,0.1,CR-DHLA,L-HKHKG-DEFRA,21060.0,29.7,2816.0,FOB,none,standard,2026-05-21T12:00Z,0.4,,2026-05-20T07:36Z
S-702856,ORD-44567,P-EL-9101,Yokohama,Los Angeles,29,ocean,MV NIPPON BREEZE,9250514,in transit,2026-05-24T00:00Z,USLAX,HIGH,2.6,CR-HMMU,L-JPYOK-USLAX,21837.0,10.4,989.0,EXW,none,economy,2026-05-21T12:00Z,2.5,delayed,2026-05-23T06:00Z
S-702857,ORD-46553,P-SW-3002,Shanghai,Düsseldorf Rail Terminal,9,rail,DB SCH-5830,N/A,Düsseldorf Rail Terminal approach,2026-05-25T12:00Z,DEDUS,LOW,0.2,CR-DBSC,L-CNSHA-DEDUS,1158.0,52.4,8611.0,DDU,9,premium,2026-05-25T12:00Z,-0.0,,2026-05-24T04:00Z
S-702858,ORD-46093,P-MC-7101,Tianjin,Łódź Rail Terminal,21,rail,DB SCH-2677,N/A,approaching Łódź Rail Terminal,2026-05-28T00:00Z,PLLDZ,LOW,0.2,CR-DBSC,L-CNTAO-PLLDZ,4141.0,47.0,5327.0,DDP,none,standard,2026-05-27T12:00Z,0.5,customs_hold,2026-05-25T18:00Z
S-702859,ORD-45691,P-EL-9101,Busan,Los Angeles,17,ocean,MV CALEDONIAN EXPRESS,9685800,106 nm from Los Angeles,2026-05-21T16:48Z,USLAX,HIGH,2.6,CR-EGLV,L-KRPUS-USLAX,3704.0,26.6,27925.0,EXW,none,premium,2026-05-20T12:00Z,1.2,delayed,2026-05-20T10:48Z
S-702860,ORD-47569,P-PK-4501,Singapore,Felixstowe,32,ocean,MV NORDIC BREEZE,9924929,in transit,2026-05-22T14:24Z,GBFXT,MEDIUM,0.9,CR-MSCU,L-SGSIN-GBFXT,23066.0,37.2,1928.0,FOB,none,economy,2026-05-23T12:00Z,-0.9,,2026-05-19T17:24Z
S-702861,ORD-47105,P-PK-4501,Yantian,Hamburg,25,ocean,MV IBERIAN BREEZE,9689419,approaching Hamburg,2026-06-04T02:24Z,DEHAM,HIGH,3.2,CR-ZIMU,L-CNYTN-DEHAM,14807.0,49.3,4551.0,DAP,3,premium,2026-06-01T12:00Z,2.6,,2026-06-03T01:24Z
S-702862,ORD-44928,P-PW-1801,Yokohama,Los Angeles,17,ocean,MV CALEDONIAN SPIRIT,9155641,approaching Los Angeles,2026-05-28T07:12Z,USLAX,HIGH,2.6,CR-HMMU,L-JPYOK-USLAX,14232.0,33.1,3193.0,FOB,3,standard,2026-05-21T12:00Z,6.8,delayed,2026-05-27T01:12Z
S-702863,ORD-46499,P-EL-9003,Valencia,Veracruz,22,ocean,MV CALEDONIAN CRYSTAL,9703907,in transit,2026-06-04T21:36Z,MXVER,MEDIUM,1.3,CR-MAEU,L-ESVLC-MXVER,22169.0,16.3,461.0,DDU,none,economy,2026-06-02T12:00Z,2.4,,2026-06-04T10:36Z
S-702864,ORD-48448,P-SN-5001,Antwerp,New York/New Jersey,23,ocean,MV NIPPON BREEZE,9415347,124 nm from New York/New Jersey,2026-05-30T14:24Z,USNYC,MEDIUM,1.6,CR-WHLU,L-BEANR-USNYC,22554.0,15.7,7301.0,DDP,none,premium,2026-05-23T12:00Z,7.1,port_congestion,2026-05-28T00:24Z
S-702865,ORD-48560,P-SW-3001,Busan,New York/New Jersey,29,ocean,MV CALEDONIAN EXPRESS,9659476,149 nm from New York/New Jersey,2026-05-27T14:24Z,USNYC,MEDIUM,1.6,CR-PILU,L-KRPUS-USNYC,7310.0,20.5,2707.0,DAP,none,standard,2026-05-28T12:00Z,-0.9,,2026-05-24T19:24Z
S-702866,ORD-46068,P-CH-2230,Genoa,Charleston,18,ocean,MV IBERIAN STAR,9841701,Charleston approach,2026-06-04T21:36Z,USCHS,LOW,0.7,CR-MAEU,L-ITGOA-USCHS,16007.0,27.8,380.0,FOB,none,standard,2026-06-04T12:00Z,0.4,,2026-06-04T07:36Z
S-702867,ORD-49152,P-EL-9102,Yantian,Hamburg,7,ocean,MV TROPIC GUARDIAN,9383149,approaching Hamburg,2026-06-10T12:00Z,DEHAM,HIGH,3.2,CR-PILU,L-CNYTN-DEHAM,6736.0,19.8,14917.0,DDU,9,standard,2026-06-11T12:00Z,-1.0,vessel_change,2026-06-09T17:00Z
S-702868,ORD-48469,P-EL-9003,Mundra,Felixstowe,13,ocean,MV IBERIAN SPIRIT,9216302,Felixstowe approach,2026-06-02T12:00Z,GBFXT,MEDIUM,0.9,CR-PILU,L-INMUN-GBFXT,3866.0,40.0,1738.0,DDU,none,economy,2026-05-28T12:00Z,5.0,vessel_change,2026-05-31T18:00Z
S-702869,ORD-44905,P-MC-7100,Shanghai,Rotterdam,17,ocean,MV ATLANTIC PIONEER,9213307,approaching Rotterdam,2026-06-05T12:00Z,NLRTM,LOW,0.4,CR-CMDU,L-CNSHA-NLRTM,264.0,45.8,32069.0,DDP,none,standard,2026-06-05T12:00Z,-0.0,,2026-06-03T04:00Z
S-702870,ORD-44585,P-MC-7102,Singapore,Rotterdam,32,ocean,MV ASIAN STAR,9313886,in transit,2026-05-31T07:12Z,NLRTM,LOW,0.4,CR-HLCU,L-SGSIN-NLRTM,14310.0,38.0,307.0,CIF,none,premium,2026-05-30T12:00Z,0.8,delayed,2026-05-30T15:12Z
S-702871,ORD-45706,P-EL-9001,Mundra,Felixstowe,31,ocean,MV ARCTIC TRADER,9172254,51 nm from Felixstowe,2026-06-08T00:00Z,GBFXT,MEDIUM,0.9,CR-EGLV,L-INMUN-GBFXT,1008.0,17.3,26089.0,DAP,none,premium,2026-06-03T12:00Z,4.5,vessel_change,2026-06-07T02:00Z
S-702872,ORD-45600,P-EL-9001,Jebel Ali (Dubai),Rotterdam,8,ocean,MV BALTIC STAR,9274788,approaching Rotterdam,2026-05-24T21:36Z,NLRTM,LOW,0.4,CR-ONEY,L-AEDXB-NLRTM,18559.0,53.5,250000,DDU,none,standard,2026-05-23T12:00Z,1.4,,2026-05-24T15:36Z
S-702873,ORD-45348,P-EL-9102,Jebel Ali (Dubai),Frankfurt am Main Airport,26,air,EK-CARGO-498,N/A,approaching Frankfurt am Main Airport,2026-05-20T12:00Z,DEFRA,LOW,0.1,CR-EKCA,L-AEDXB-DEFRA,6200.0,27.6,13725.0,EXW,9,premium,2026-05-22T12:00Z,-2.0,,2026-05-20T04:00Z
S-702874,ORD-46063,P-MC-7200,Hamburg,Genoa,6,road,XPO LO-2276,N/A,Genoa approach,2026-05-26T09:36Z,ITGOA,MEDIUM,1.2,CR-XPOT,L-DEHAM-ITGOA,5249.0,28.6,11647.0,FOB,none,premium,2026-05-25T12:00Z,0.9,,2026-05-24T13:36Z
S-702875,ORD-44442,P-MC-7102,Jebel Ali (Dubai),Frankfurt am Main Airport,28,air,QT-CARGO-994,N/A,in transit,2026-05-21T09:36Z,DEFRA,LOW,0.1,CR-QTRA,L-AEDXB-DEFRA,18002.0,30.9,178.0,EXW,none,premium,2026-05-20T12:00Z,0.9,,2026-05-19T13:36Z
S-702876,ORD-47886,P-EL-9001,Hong Kong,Oakland,7,ocean,MV ASIAN GUARDIAN,9460584,approaching Oakland,2026-05-29T12:00Z,USOAK,MEDIUM,1.4,CR-PILU,L-HKHKG-USOAK,6944.0,25.5,4850.0,DDU,none,premium,2026-05-31T12:00Z,-2.0,,2026-05-27T12:00Z
S-702877,ORD-47369,P-EL-9002,Genoa,Charleston,17,ocean,MV TROPIC EXPRESS,9557471,off Genoa,2026-06-01T19:12Z,USCHS,LOW,0.7,CR-ONEY,L-ITGOA-USCHS,19951.0,37.6,541.0,DDP,none,premium,2026-06-01T12:00Z,0.3,,2026-06-01T14:12Z
S-702878,ORD-48757,P-MC-7200,Salalah,Rotterdam,9,ocean,MV IBERIAN GUARDIAN,9598309,off Salalah,2026-05-25T07:12Z,NLRTM,LOW,0.4,CR-YMLU,L-OMSLL-NLRTM,25186.0,59.0,26420.0,DDP,none,standard,2026-05-22T12:00Z,2.8,,2026-05-23T13:12Z
S-702879,ORD-46651,P-SN-5001,Hong Kong,Frankfurt am Main Airport,17,air,DH-CARGO-721,N/A,Frankfurt am Main Airport approach,2026-05-25T00:00Z,DEFRA,LOW,0.1,CR-DHLA,L-HKHKG-DEFRA,3556.0,12.9,2882.0,DAP,none,premium,2026-05-24T12:00Z,0.5,,2026-05-24T17:00Z
S-702880,ORD-48221,P-MC-7101,Jebel Ali (Dubai),Rotterdam,8,ocean,MV TROPIC CRYSTAL,9399990,approaching Rotterdam,2026-05-26T19:12Z,NLRTM,LOW,0.4,CR-DSVS,L-AEDXB-NLRTM,2391.0,15.8,414.0,DDU,9,standard,2026-05-28T12:00Z,-1.7,,2026-05-25T01:12Z
S-702881,ORD-46530,P-MC-7200,Singapore,Frankfurt am Main Airport,3,air,AF-CARGO-765,N/A,off Singapore,2026-05-22T02:24Z,DEFRA,LOW,0.1,CR-AFKA,L-SGSIN-DEFRA,9559.0,50.1,8318.0,DDP,8,standard,2026-05-20T12:00Z,1.6,,2026-05-21T00:24Z
S-702882,ORD-47530,P-MC-7100,Los Angeles,Sydney Kingsford Smith Airport,15,air,UP-CARGO-399,N/A,195 nm from Sydney Kingsford Smith Airport,2026-05-21T19:12Z,AUSYD,LOW,0.1,CR-UPSA,L-USLAX-AUSYD,5897.0,58.0,7742.0,DAP,3,standard,2026-05-22T12:00Z,-0.7,,2026-05-20T03:12Z
S-702883,ORD-45847,P-CH-2210,Shanghai,Düsseldorf Rail Terminal,7,rail,DB SCH-4410,N/A,off Shanghai,2026-05-18T19:12Z,DEDUS,LOW,0.2,CR-DBSC,L-CNSHA-DEDUS,25263.0,48.3,619.0,DAP,9,premium,2026-05-20T12:00Z,-1.7,,2026-05-15T20:12Z
S-702884,ORD-44659,P-EL-9002,Hong Kong,Rotterdam,26,ocean,MV ATLANTIC BREEZE,9232112,31 nm from Rotterdam,2026-06-09T04:48Z,NLRTM,LOW,0.4,CR-ONEY,L-HKHKG-NLRTM,10964.0,34.4,3549.0,CIF,9,standard,2026-06-08T12:00Z,0.7,,2026-06-06T15:48Z
S-702885,ORD-46188,P-PK-4501,Shanghai,Rotterdam,15,ocean,MV ARCTIC TRADER,9968340,approaching Rotterdam,2026-06-03T14:24Z,NLRTM,LOW,0.4,CR-HLCU,L-CNSHA-NLRTM,5139.0,52.1,2603.0,DAP,none,standard,2026-06-02T12:00Z,1.1,,2026-05-31T15:24Z
S-702886,ORD-45532,P-EL-9002,Busan,New York/New Jersey,3,ocean,MV TROPIC TRADER,9554502,in transit,2026-06-03T16:48Z,USNYC,MEDIUM,1.6,CR-ONEY,L-KRPUS-USNYC,1280.0,21.5,592.0,EXW,none,standard,2026-06-02T12:00Z,1.2,customs_hold,2026-06-02T04:48Z
S-702887,ORD-47934,P-EL-9101,Valencia,Veracruz,7,ocean,MV NORDIC TRADER,9869603,in transit,2026-05-31T19:12Z,MXVER,MEDIUM,1.3,CR-DSVS,L-ESVLC-MXVER,18371.0,48.8,416.0,DDP,none,economy,2026-06-01T12:00Z,-0.7,,2026-05-30T02:12Z
S-702888,ORD-49251,P-CH-2230,Mundra,Felixstowe,8,ocean,MV ASIAN STAR,9838719,83 nm from Felixstowe,2026-06-10T19:12Z,GBFXT,MEDIUM,0.9,CR-PILU,L-INMUN-GBFXT,17058.0,56.9,200.0,CIF,none,premium,2026-06-01T12:00Z,9.3,vessel_change,2026-06-08T13:12Z
S-702889,ORD-46766,P-SN-5001,Jebel Ali (Dubai),Frankfurt am Main Airport,36,air,FD-CARGO-839,N/A,off Jebel Ali (Dubai),2026-05-21T14:24Z,DEFRA,LOW,0.1,CR-FDXA,L-AEDXB-DEFRA,22744.0,23.3,300.0,FOB,8,premium,2026-05-23T12:00Z,-1.9,,2026-05-20T09:24Z
S-702890,ORD-44592,P-PW-1801,Qingdao,Le Havre,16,ocean,MV BALTIC GUARDIAN,9855850,Le Havre approach,2026-05-23T14:24Z,FRLEH,MEDIUM,1.0,CR-HLCU,L-CNQIN-FRLEH,19058.0,50.9,162.0,DAP,8,economy,2026-05-21T12:00Z,2.1,,2026-05-20T22:24Z
S-702891,ORD-46827,P-PK-4500,Shanghai,Rotterdam,3,ocean,MV ARCTIC STAR,9485063,approaching Rotterdam,2026-06-02T21:36Z,NLRTM,LOW,0.4,CR-PILU,L-CNSHA-NLRTM,15853.0,40.4,33282.0,DAP,none,premium,2026-06-01T12:00Z,1.4,,2026-06-01T11:36Z
S-702892,ORD-44410,P-PW-1850,Shanghai,Düsseldorf Rail Terminal,19,rail,DB SCH-3645,N/A,approaching Düsseldorf Rail Terminal,2026-05-28T00:00Z,DEDUS,LOW,0.2,CR-DBSC,L-CNSHA-DEDUS,24343.0,5.0,155360.0,DAP,none,standard,2026-05-28T12:00Z,-0.5,,2026-05-26T17:00Z
S-702893,ORD-44415,P-CH-2230,Tianjin,Hamburg,27,ocean,MV ATLANTIC GLORY,9398028,42 nm from Hamburg,2026-05-31T07:12Z,DEHAM,HIGH,3.2,CR-EGLV,L-CNTAO-DEHAM,11526.0,41.1,1230.0,DDU,3,standard,2026-05-31T12:00Z,-0.2,,2026-05-29T11:12Z
S-702894,ORD-46095,P-PW-1850,Hamburg,Durban,14,ocean,MV PACIFIC SPIRIT,9809788,approaching Durban,2026-05-28T12:00Z,ZADUR,MEDIUM,1.5,CR-CMDU,L-DEHAM-ZADUR,2526.0,50.3,939.0,FOB,none,economy,2026-05-27T12:00Z,1.0,,2026-05-26T15:00Z
S-702895,ORD-44988,P-CH-2230,Tianjin,Łódź Rail Terminal,3,rail,DB SCH-2901,N/A,off Tianjin,2026-06-06T04:48Z,PLLDZ,LOW,0.2,CR-DBSC,L-CNTAO-PLLDZ,14617.0,1.6,517.0,FOB,none,premium,2026-06-04T12:00Z,1.7,,2026-06-04T13:48Z
S-702896,ORD-49287,P-CH-2210,Singapore,Rotterdam,25,ocean,MV ASIAN BREEZE,9377097,in transit,2026-05-21T21:36Z,NLRTM,LOW,0.4,CR-HLCU,L-SGSIN-NLRTM,20429.0,19.0,25809.0,DDU,none,premium,2026-05-20T12:00Z,1.4,,2026-05-20T05:36Z
S-702897,ORD-45497,P-PW-1802,Shanghai,Los Angeles,13,ocean,MV TROPIC BREEZE,9492105,Los Angeles approach,2026-05-26T02:24Z,USLAX,HIGH,2.6,CR-YMLU,L-CNSHA-USLAX,21678.0,51.0,217.0,FOB,none,standard,2026-05-27T12:00Z,-1.4,,2026-05-25T04:24Z
S-702898,ORD-46674,P-PW-1801,Shanghai,Hamburg,36,ocean,MV PACIFIC PIONEER,9909365,approaching Hamburg,2026-06-05T16:48Z,DEHAM,HIGH,3.2,CR-YMLU,L-CNSHA-DEHAM,14154.0,3.7,6423.0,DDP,none,premium,2026-06-03T12:00Z,2.2,,2026-06-03T13:48Z
S-702899,ORD-46319,P-EL-9001,Chicago O'Hare Airport,Hong Kong,7,air,DH-CARGO-390,N/A,off Chicago O'Hare Airport,2026-05-31T02:24Z,HKHKG,LOW,0.8,CR-DHLA,L-USORD-HKHKG,13631.0,24.9,2372.0,CIF,none,premium,2026-05-24T12:00Z,6.6,damage,2026-05-29T12:24Z
S-702900,ORD-44494,P-EL-9003,Singapore,Frankfurt am Main Airport,24,air,LH-CARGO-609,N/A,in transit,2026-05-25T04:48Z,DEFRA,LOW,0.1,CR-LHCA,L-SGSIN-DEFRA,15955.0,17.5,7652.0,EXW,none,standard,2026-05-23T12:00Z,1.7,,2026-05-24T03:48Z
S-702901,ORD-48015,P-PW-1802,Mundra,Felixstowe,7,ocean,MV TROPIC VICTORY,9406691,in transit,2026-05-28T02:24Z,GBFXT,MEDIUM,0.9,CR-WHLU,L-INMUN-GBFXT,20433.0,9.8,11661.0,DAP,8,standard,2026-05-29T12:00Z,-1.4,delayed,2026-05-26T04:24Z
S-702902,ORD-47728,P-PK-4501,Hong Kong,Rotterdam,31,ocean,MV IBERIAN SPIRIT,9826261,approaching Rotterdam,2026-06-18T21:36Z,NLRTM,LOW,0.4,CR-HLCU,L-HKHKG-NLRTM,18125.0,30.2,2887.0,DAP,none,standard,2026-06-18T12:00Z,0.4,damage,2026-06-17T00:36Z
S-702903,ORD-48713,P-EL-9003,Antwerp,New York/New Jersey,5,ocean,MV NIPPON PIONEER,9720993,approaching New York/New Jersey,2026-05-24T12:00Z,USNYC,MEDIUM,1.6,CR-ZIMU,L-BEANR-USNYC,19718.0,32.8,72.0,DDP,none,standard,2026-05-22T12:00Z,2.0,,2026-05-23T06:00Z
S-702904,ORD-46328,P-CH-2210,Yantian,Hamburg,8,ocean,MV ARCTIC GLORY,9841306,approaching Hamburg,2026-06-21T00:00Z,DEHAM,HIGH,3.2,CR-DSVS,L-CNYTN-DEHAM,22919.0,44.8,172.0,FOB,9,premium,2026-06-20T12:00Z,0.5,,2026-06-19T17:00Z
S-702905,ORD-45138,P-CH-2230,Yantian,Frankfurt am Main Airport,3,air,LH-CARGO-957,N/A,approaching Frankfurt am Main Airport,2026-05-20T14:24Z,DEFRA,LOW,0.1,CR-LHCA,L-CNYTN-DEFRA,8479.0,53.1,1981.0,DDU,none,economy,2026-05-21T12:00Z,-0.9,,2026-05-18T08:24Z
S-702906,ORD-48765,P-CH-2210,Nhava Sheva,Rotterdam,30,ocean,MV ATLANTIC GUARDIAN,9991752,55 nm from Rotterdam,2026-06-10T14:24Z,NLRTM,LOW,0.4,CR-DSVS,L-INNSA-NLRTM,7639.0,41.7,393.0,DDP,none,standard,2026-06-09T12:00Z,1.1,,2026-06-08T13:24Z
S-702907,ORD-44220,P-PW-1801,Frankfurt am Main Airport,Shanghai,5,air,DH-CARGO-993,N/A,in transit,2026-05-22T04:48Z,CNSHA,MEDIUM,1.3,CR-DHLA,L-DEFRA-CNSHA,6601.0,13.4,47005.0,CIF,3,premium,2026-05-23T12:00Z,-1.3,,2026-05-20T15:48Z
S-702908,ORD-45637,P-MC-7200,Hamburg,Santos,19,ocean,MV PACIFIC SPIRIT,9226559,170 nm from Santos,2026-06-07T21:36Z,BRSSZ,MEDIUM,1.7,CR-COSU,L-DEHAM-BRSSZ,22909.0,1.7,20235.0,DAP,none,standard,2026-06-06T12:00Z,1.4,,2026-06-07T10:36Z
S-702909,ORD-49684,P-SW-3001,Busan,Los Angeles,27,ocean,MV ATLANTIC SPIRIT,9658147,36 nm from Los Angeles,2026-05-28T07:12Z,USLAX,HIGH,2.6,CR-MAEU,L-KRPUS-USLAX,14732.0,38.4,977.0,DAP,none,premium,2026-05-25T12:00Z,2.8,damage,2026-05-26T06:12Z
S-702910,ORD-44442,P-MC-7101,New York/New Jersey,London Heathrow Airport,24,air,AF-CARGO-130,N/A,off New York/New Jersey,2026-05-24T04:48Z,LHRGB,LOW,0.1,CR-AFKA,L-USNYC-LHRGB,13745.0,40.3,505.0,DDU,none,premium,2026-05-22T12:00Z,1.7,,2026-05-23T16:48Z
S-702911,ORD-46803,P-EL-9001,Tianjin,Hamburg,28,ocean,MV ASIAN TRADER,9420387,Hamburg approach,2026-06-20T04:48Z,DEHAM,HIGH,3.2,CR-CMDU,L-CNTAO-DEHAM,23024.0,53.9,2944.0,FOB,none,premium,2026-06-19T12:00Z,0.7,,2026-06-18T12:48Z
S-702912,ORD-44482,P-CH-2230,Tokyo,Vancouver,25,ocean,MV NIPPON PIONEER,9481599,approaching Vancouver,2026-05-28T16:48Z,CASOG,LOW,0.6,CR-MAEU,L-JPTYO-CASOG,15304.0,44.2,84.0,DAP,8,standard,2026-05-24T12:00Z,4.2,vessel_change,2026-05-26T00:48Z
S-702913,ORD-48952,P-MC-7102,Hong Kong,Rotterdam,28,ocean,MV TROPIC STAR,9790999,off Hong Kong,2026-05-21T16:48Z,NLRTM,LOW,0.4,CR-EGLV,L-HKHKG-NLRTM,25819.0,30.8,562.0,FOB,none,premium,2026-05-23T12:00Z,-1.8,,2026-05-21T09:48Z
S-702914,ORD-46508,P-EL-9101,Hong Kong,Frankfurt am Main Airport,23,air,AF-CARGO-959,N/A,approaching Frankfurt am Main Airport,2026-05-22T14:24Z,DEFRA,LOW,0.1,CR-AFKA,L-HKHKG-DEFRA,11836.0,58.8,105.0,CIF,none,standard,2026-05-21T12:00Z,1.1,customs_hold,2026-05-21T15:24Z
S-702915,ORD-45894,P-PK-4500,Qingdao,Le Havre,31,ocean,MV PACIFIC GUARDIAN,9913976,off Qingdao,2026-05-30T12:00Z,FRLEH,MEDIUM,1.0,CR-CMDU,L-CNQIN-FRLEH,20050.0,38.3,144.0,EXW,8,standard,2026-05-29T12:00Z,1.0,,2026-05-27T16:00Z
S-702916,ORD-48143,P-MC-7101,Tianjin,Łódź Rail Terminal,35,rail,DB SCH-6254,N/A,Łódź Rail Terminal approach,2026-05-27T02:24Z,PLLDZ,LOW,0.2,CR-DBSC,L-CNTAO-PLLDZ,22287.0,54.5,3449.0,CIF,none,premium,2026-05-26T12:00Z,0.6,,2026-05-26T01:24Z
S-702917,ORD-48621,P-PW-1850,Qingdao,Le Havre,10,ocean,MV NORDIC CRYSTAL,9292925,8 nm from Le Havre,2026-06-09T12:00Z,FRLEH,MEDIUM,1.0,CR-MAEU,L-CNQIN-FRLEH,17760.0,33.3,1750.0,CIF,8,premium,2026-06-08T12:00Z,1.0,,2026-06-06T19:00Z
S-702918,ORD-44620,P-MC-7101,New York/New Jersey,London Heathrow Airport,2,air,FD-CARGO-928,N/A,approaching London Heathrow Airport,2026-05-24T00:00Z,LHRGB,LOW,0.1,CR-FDXA,L-USNYC-LHRGB,2215.0,42.9,18692.0,EXW,9,standard,2026-05-21T12:00Z,2.5,,2026-05-21T02:00Z
S-702919,ORD-49372,P-PK-4501,Singapore,Felixstowe,18,ocean,MV PACIFIC GLORY,9508223,168 nm from Felixstowe,2026-05-27T09:36Z,GBFXT,MEDIUM,0.9,CR-HLCU,L-SGSIN-GBFXT,5796.0,32.7,376.0,DDU,none,economy,2026-05-28T12:00Z,-1.1,delayed,2026-05-26T08:36Z
S-702920,ORD-49754,P-CH-2211,Busan,Los Angeles,8,ocean,MV CALEDONIAN VICTORY,9586049,81 nm from Los Angeles,2026-06-12T07:12Z,USLAX,HIGH,2.6,CR-YMLU,L-KRPUS-USLAX,6225.0,25.5,4586.0,CIF,none,premium,2026-06-05T12:00Z,6.8,damage,2026-06-10T23:12Z
S-702921,ORD-48172,P-SW-3002,Jebel Ali (Dubai),Frankfurt am Main Airport,11,air,CX-CARGO-820,N/A,87 nm from Frankfurt am Main Airport,2026-05-24T00:00Z,DEFRA,LOW,0.1,CR-CXCA,L-AEDXB-DEFRA,215.0,25.9,17211.0,DAP,none,standard,2026-05-23T12:00Z,0.5,,2026-05-21T06:00Z
S-702922,ORD-44776,P-CH-2230,Hong Kong,Frankfurt am Main Airport,23,air,CX-CARGO-585,N/A,Frankfurt am Main Airport approach,2026-05-23T21:36Z,DEFRA,LOW,0.1,CR-CXCA,L-HKHKG-DEFRA,19598.0,20.1,2676.0,DAP,8,premium,2026-05-23T12:00Z,0.4,,2026-05-20T22:36Z
S-702923,ORD-47009,P-EL-9102,Yokohama,Los Angeles,34,ocean,MV NORDIC VICTORY,9544712,approaching Los Angeles,2026-06-09T04:48Z,USLAX,HIGH,2.6,CR-CMDU,L-JPYOK-USLAX,5958.0,18.3,6359.0,EXW,none,economy,2026-06-04T12:00Z,4.7,delayed,2026-06-06T15:48Z
S-702924,ORD-49167,P-SW-3001,Shanghai,Los Angeles,34,ocean,MV CALEDONIAN GUARDIAN,9624087,in transit,2026-06-07T14:24Z,USLAX,HIGH,2.6,CR-ZIMU,L-CNSHA-USLAX,3361.0,43.4,24863.0,DDU,none,standard,2026-06-06T12:00Z,1.1,,2026-06-07T06:24Z
S-702925,ORD-48056,P-CH-2210,New York/New Jersey,London Heathrow Airport,31,air,CX-CARGO-172,N/A,off New York/New Jersey,2026-05-23T12:00Z,LHRGB,LOW,0.1,CR-CXCA,L-USNYC-LHRGB,10586.0,21.2,1708.0,CIF,none,premium,2026-05-23T12:00Z,-0.0,,2026-05-20T16:00Z
S-702926,ORD-44017,P-EL-9101,Salalah,Rotterdam,21,ocean,MV NORDIC CRYSTAL,9979525,approaching Rotterdam,2026-06-05T12:00Z,NLRTM,LOW,0.4,CR-ONEY,L-OMSLL-NLRTM,19324.0,52.6,20176.0,CIF,none,premium,2026-06-03T12:00Z,2.0,,2026-06-04T18:00Z
S-702927,ORD-44897,P-SW-3002,Busan,New York/New Jersey,35,ocean,MV IBERIAN GUARDIAN,9909564,New York/New Jersey approach,2026-06-12T12:00Z,USNYC,MEDIUM,1.6,CR-HMMU,L-KRPUS-USNYC,18042.0,55.5,657.0,DDU,none,premium,2026-06-12T12:00Z,0.0,,2026-06-10T10:00Z
S-702928,ORD-48590,P-EL-9102,Salalah,Rotterdam,16,ocean,MV ARCTIC PIONEER,9332098,approaching Rotterdam,2026-05-25T02:24Z,NLRTM,LOW,0.4,CR-WHLU,L-OMSLL-NLRTM,8377.0,50.2,12313.0,EXW,none,standard,2026-05-24T12:00Z,0.6,,2026-05-24T14:24Z
S-702929,ORD-45393,P-CH-2230,Singapore,Frankfurt am Main Airport,18,air,FD-CARGO-802,N/A,in transit,2026-05-24T21:36Z,DEFRA,LOW,0.1,CR-FDXA,L-SGSIN-DEFRA,14874.0,46.8,23128.0,DDU,none,standard,2026-05-22T12:00Z,2.4,,2026-05-22T15:36Z
S-702930,ORD-45582,P-EL-9101,Hong Kong,Rotterdam,26,ocean,MV NIPPON GUARDIAN,9340890,off Hong Kong,2026-05-25T12:00Z,NLRTM,LOW,0.4,CR-ZIMU,L-HKHKG-NLRTM,5904.0,21.2,367.0,EXW,none,standard,2026-05-26T12:00Z,-1.0,,2026-05-23T19:00Z
S-702931,ORD-46796,P-EL-9102,Tokyo,Vancouver,7,ocean,MV IBERIAN VICTORY,9880308,in transit,2026-06-10T00:00Z,CASOG,LOW,0.6,CR-CMDU,L-JPTYO-CASOG,21621.0,8.7,9996.0,FOB,none,economy,2026-06-03T12:00Z,6.5,port_congestion,2026-06-07T11:00Z
S-702932,ORD-48269,P-EL-9102,Shanghai,Düsseldorf Rail Terminal,21,rail,DB SCH-8101,N/A,in transit,2026-06-03T21:36Z,DEDUS,LOW,0.2,CR-DBSC,L-CNSHA-DEDUS,17524.0,54.5,2653.0,DDP,8,standard,2026-06-03T12:00Z,0.4,,2026-06-01T21:36Z
S-702933,ORD-47807,P-PK-4501,Chicago O'Hare Airport,Hong Kong,14,air,AF-CARGO-336,N/A,off Chicago O'Hare Airport,2026-06-01T16:48Z,HKHKG,LOW,0.8,CR-AFKA,L-USORD-HKHKG,16453.0,1.2,2316.0,DDU,none,standard,2026-05-23T12:00Z,9.2,customs_hold,2026-05-29T16:48Z
S-702934,ORD-46778,P-CH-2210,Genoa,Charleston,17,ocean,MV IBERIAN STAR,9181929,12 nm from Charleston,2026-05-28T21:36Z,USCHS,LOW,0.7,CR-ONEY,L-ITGOA-USCHS,25916.0,41.1,826.0,EXW,none,standard,2026-05-30T12:00Z,-1.6,damage,2026-05-26T06:36Z
S-702935,ORD-48042,P-PW-1802,Singapore,Felixstowe,7,ocean,MV ASIAN SPIRIT,9896442,off Singapore,2026-06-06T12:00Z,GBFXT,MEDIUM,0.9,CR-CMDU,L-SGSIN-GBFXT,18290.0,14.1,138551.0,FOB,none,standard,2026-06-07T12:00Z,-1.0,,2026-06-05T01:00Z
S-702936,ORD-45053,P-PK-4501,Hamburg,Genoa,24,road,DACHSE-2875,N/A,off Hamburg,2026-05-18T16:48Z,ITGOA,MEDIUM,1.2,CR-DACH,L-DEHAM-ITGOA,5700.0,57.9,810.0,CIF,none,standard,2026-05-20T12:00Z,-1.8,,2026-05-16T04:48Z
S-702937,ORD-45653,P-PW-1801,Tokyo,Vancouver,28,ocean,MV TROPIC STAR,9748019,in transit,2026-06-08T04:48Z,CASOG,LOW,0.6,CR-HMMU,L-JPTYO-CASOG,6875.0,7.2,258.0,FOB,none,standard,2026-06-03T12:00Z,4.7,delayed,2026-06-06T21:48Z
S-702938,ORD-45391,P-MC-7100,Yantian,Callao (Lima),23,ocean,MV BALTIC GLORY,9553730,Callao (Lima) approach,2026-06-09T21:36Z,PEMRI,LOW,0.9,CR-MSCU,L-CNYTN-PEMRI,9859.0,22.9,9771.0,CIF,none,premium,2026-06-09T12:00Z,0.4,port_congestion,2026-06-07T20:36Z
S-702939,ORD-44441,P-MC-7100,Mundra,Felixstowe,30,ocean,MV ARCTIC STAR,9932222,in transit,2026-06-05T04:48Z,GBFXT,MEDIUM,0.9,CR-HMMU,L-INMUN-GBFXT,23807.0,55.6,710.0,DDP,none,standard,2026-06-02T12:00Z,2.7,,2026-06-04T16:48Z
S-702940,ORD-49457,P-MC-7101,Hamburg,Durban,6,ocean,MV IBERIAN GUARDIAN,9892843,in transit,2026-06-12T02:24Z,ZADUR,MEDIUM,1.5,CR-CMDU,L-DEHAM-ZADUR,9890.0,30.4,9324.0,EXW,9,standard,2026-06-12T12:00Z,-0.4,,2026-06-11T02:24Z
S-702941,ORD-45136,P-SW-3002,Rotterdam,Santos,3,ocean,MV NIPPON GLORY,9953726,in transit,2026-05-31T02:24Z,BRSSZ,MEDIUM,1.7,CR-CMDU,L-NLRTM-BRSSZ,24935.0,53.6,58.0,DDP,none,standard,2026-05-31T12:00Z,-0.4,,2026-05-29T02:24Z
S-702942,ORD-44097,P-PK-4500,Hamburg,Santos,36,ocean,MV IBERIAN STAR,9588589,Santos approach,2026-05-20T16:48Z,BRSSZ,MEDIUM,1.7,CR-YMLU,L-DEHAM-BRSSZ,1779.0,40.2,6777.0,DDU,none,standard,2026-05-21T12:00Z,-0.8,,2026-05-18T02:48Z
S-702943,ORD-47620,P-MC-7100,Rotterdam,New York/New Jersey,29,ocean,MV TROPIC GUARDIAN,9201362,off Rotterdam,2026-05-28T04:48Z,USNYC,MEDIUM,1.6,CR-KNES,L-NLRTM-USNYC,2699.0,47.6,2144.0,DDU,none,premium,2026-05-23T12:00Z,4.7,delayed,2026-05-26T20:48Z
S-702944,ORD-44767,P-PK-4500,Ningbo,Rotterdam,6,ocean,MV ARCTIC VICTORY,9637266,130 nm from Rotterdam,2026-05-22T12:00Z,NLRTM,LOW,0.4,CR-DSVS,L-CNNGB-NLRTM,11887.0,34.1,2357.0,CIF,none,standard,2026-05-22T12:00Z,-0.0,damage,2026-05-21T12:00Z
S-702945,ORD-45645,P-SW-3001,Frankfurt am Main Airport,Shanghai,18,air,UP-CARGO-177,N/A,in transit,2026-05-22T19:12Z,CNSHA,MEDIUM,1.3,CR-UPSA,L-DEFRA-CNSHA,20917.0,18.0,44277.0,DAP,none,standard,2026-05-20T12:00Z,2.3,,2026-05-22T13:12Z
S-702946,ORD-47250,P-MC-7102,Yantian,Hamburg,34,ocean,MV ASIAN PIONEER,9739546,78 nm from Hamburg,2026-06-01T09:36Z,DEHAM,HIGH,3.2,CR-ZIMU,L-CNYTN-DEHAM,3457.0,5.3,186.0,EXW,none,premium,2026-05-30T12:00Z,1.9,,2026-05-30T11:36Z
S-702947,ORD-46151,P-MC-7102,Singapore,Frankfurt am Main Airport,13,air,AF-CARGO-745,N/A,off Singapore,2026-05-20T19:12Z,DEFRA,LOW,0.1,CR-AFKA,L-SGSIN-DEFRA,461.0,52.5,5358.0,DAP,none,economy,2026-05-20T12:00Z,0.3,,2026-05-18T21:12Z
S-702948,ORD-47198,P-CH-2210,Antwerp,New York/New Jersey,26,ocean,MV NORDIC GUARDIAN,9473747,off Antwerp,2026-06-04T12:00Z,USNYC,MEDIUM,1.6,CR-WHLU,L-BEANR-USNYC,7727.0,33.6,5844.0,FOB,9,standard,2026-06-03T12:00Z,1.0,,2026-06-04T08:00Z
S-702949,ORD-49548,P-PW-1801,Shanghai,Düsseldorf Rail Terminal,2,rail,DB SCH-1582,N/A,approaching Düsseldorf Rail Terminal,2026-06-04T07:12Z,DEDUS,LOW,0.2,CR-DBSC,L-CNSHA-DEDUS,20999.0,22.7,15852.0,DDU,none,economy,2026-06-04T12:00Z,-0.2,,2026-06-01T16:12Z
S-702950,ORD-49731,P-PK-4501,Yokohama,Los Angeles,34,ocean,MV PACIFIC EXPRESS,9268158,approaching Los Angeles,2026-06-08T14:24Z,USLAX,HIGH,2.6,CR-PILU,L-JPYOK-USLAX,1629.0,58.0,26974.0,CIF,none,standard,2026-06-05T12:00Z,3.1,damage,2026-06-07T06:24Z
S-702951,ORD-44148,P-CH-2211,Jebel Ali (Dubai),Frankfurt am Main Airport,16,air,QT-CARGO-776,N/A,approaching Frankfurt am Main Airport,2026-05-21T12:00Z,DEFRA,LOW,0.1,CR-QTRA,L-AEDXB-DEFRA,962.0,59.4,28431.0,CIF,none,premium,2026-05-21T12:00Z,-0.0,,2026-05-19T10:00Z
S-702952,ORD-45015,P-EL-9102,Yantian,Frankfurt am Main Airport,6,air,LH-CARGO-767,N/A,152 nm from Frankfurt am Main Airport,2026-05-22T14:24Z,DEFRA,LOW,0.1,CR-LHCA,L-CNYTN-DEFRA,23971.0,40.0,31645.0,DAP,none,premium,2026-05-20T12:00Z,2.1,,2026-05-22T03:24Z
S-702953,ORD-49728,P-PW-1801,Hamburg,Genoa,9,road,XPO LO-3510,N/A,177 nm from Genoa,2026-05-28T07:12Z,ITGOA,MEDIUM,1.2,CR-XPOT,L-DEHAM-ITGOA,13899.0,22.3,9493.0,EXW,none,economy,2026-05-21T12:00Z,6.8,port_congestion,2026-05-27T13:12Z
S-702954,ORD-44407,P-PW-1802,Salalah,Rotterdam,27,ocean,MV TROPIC GLORY,9992812,Rotterdam approach,2026-05-24T16:48Z,NLRTM,LOW,0.4,CR-PILU,L-OMSLL-NLRTM,15587.0,34.3,1809.0,DAP,8,standard,2026-05-24T12:00Z,0.2,,2026-05-24T01:48Z
S-702955,ORD-45490,P-EL-9002,Hong Kong,Oakland,18,ocean,MV ARCTIC PIONEER,9890069,Oakland approach,2026-06-08T19:12Z,USOAK,MEDIUM,1.4,CR-KNES,L-HKHKG-USOAK,20267.0,13.0,611.0,EXW,8,standard,2026-06-08T12:00Z,0.3,,2026-06-08T04:12Z
S-702956,ORD-49528,P-CH-2210,Tianjin,Łódź Rail Terminal,19,rail,DB SCH-6505,N/A,in transit,2026-06-02T21:36Z,PLLDZ,LOW,0.2,CR-DBSC,L-CNTAO-PLLDZ,22789.0,22.4,556.0,DDP,3,standard,2026-06-03T12:00Z,-0.6,port_congestion,2026-05-31T19:36Z
S-702957,ORD-45304,P-MC-7102,Los Angeles,Sydney Kingsford Smith Airport,6,air,FD-CARGO-903,N/A,in transit,2026-05-22T07:12Z,AUSYD,LOW,0.1,CR-FDXA,L-USLAX-AUSYD,10639.0,46.4,9130.0,DAP,none,standard,2026-05-20T12:00Z,1.8,,2026-05-20T12:12Z
S-702958,ORD-46044,P-SW-3001,Busan,New York/New Jersey,26,ocean,MV NORDIC GLORY,9512821,New York/New Jersey approach,2026-05-30T07:12Z,USNYC,MEDIUM,1.6,CR-COSU,L-KRPUS-USNYC,6840.0,41.3,54131.0,DAP,none,premium,2026-05-28T12:00Z,1.8,,2026-05-29T02:12Z
S-702959,ORD-48934,P-PK-4500,Jebel Ali (Dubai),Rotterdam,33,ocean,MV NIPPON BREEZE,9761531,Rotterdam approach,2026-06-08T02:24Z,NLRTM,LOW,0.4,CR-CMDU,L-AEDXB-NLRTM,6614.0,14.8,608.0,DDP,9,standard,2026-06-08T12:00Z,-0.4,,2026-06-06T07:24Z
S-702960,ORD-45327,P-PK-4500,Hong Kong,Oakland,13,ocean,MV PACIFIC STAR,9420582,in transit,2026-05-27T00:00Z,USOAK,MEDIUM,1.4,CR-YMLU,L-HKHKG-USOAK,13644.0,24.9,4157.0,DDP,9,economy,2026-05-24T12:00Z,2.5,,2026-05-24T10:00Z
S-702961,ORD-48455,P-MC-7200,Shanghai,Düsseldorf Rail Terminal,9,rail,DB SCH-2976,N/A,Düsseldorf Rail Terminal approach,2026-06-11T09:36Z,DEDUS,LOW,0.2,CR-DBSC,L-CNSHA-DEDUS,9806.0,53.3,188.0,DDP,none,standard,2026-06-09T12:00Z,1.9,port_congestion,2026-06-11T04:36Z
S-702962,ORD-47186,P-MC-7102,Tianjin,Łódź Rail Terminal,4,rail,DB SCH-6281,N/A,in transit,2026-05-24T02:24Z,PLLDZ,LOW,0.2,CR-DBSC,L-CNTAO-PLLDZ,7300.0,26.3,14327.0,DAP,9,economy,2026-05-23T12:00Z,0.6,,2026-05-21T02:24Z
S-702963,ORD-47663,P-MC-7102,Busan,Los Angeles,28,ocean,MV IBERIAN BREEZE,9650141,in transit,2026-05-26T21:36Z,USLAX,HIGH,2.6,CR-COSU,L-KRPUS-USLAX,17640.0,49.0,3192.0,EXW,none,economy,2026-05-28T12:00Z,-1.6,,2026-05-23T23:36Z
S-702964,ORD-49440,P-CH-2211,Yantian,Hamburg,17,ocean,MV IBERIAN EXPRESS,9130581,Hamburg approach,2026-06-19T12:00Z,DEHAM,HIGH,3.2,CR-MSCU,L-CNYTN-DEHAM,20103.0,4.6,961.0,FOB,none,premium,2026-06-19T12:00Z,0.0,,2026-06-17T11:00Z
S-702965,ORD-45928,P-MC-7200,Frankfurt am Main Airport,Shanghai,25,air,AF-CARGO-981,N/A,Shanghai approach,2026-05-27T16:48Z,CNSHA,MEDIUM,1.3,CR-AFKA,L-DEFRA-CNSHA,7492.0,24.7,416.0,DAP,none,premium,2026-05-24T12:00Z,3.2,delayed,2026-05-26T01:48Z
S-702966,ORD-44014,P-PK-4500,Qingdao,Le Havre,2,ocean,MV NORDIC EXPRESS,9820234,131 nm from Le Havre,2026-06-08T19:12Z,FRLEH,MEDIUM,1.0,CR-MAEU,L-CNQIN-FRLEH,19665.0,12.8,2276.0,DDP,none,standard,2026-06-08T12:00Z,0.3,,2026-06-06T07:12Z
S-702967,ORD-49450,P-PK-4501,Shanghai,Los Angeles,9,ocean,MV NORDIC STAR,9387140,Los Angeles approach,2026-05-27T02:24Z,USLAX,HIGH,2.6,CR-PILU,L-CNSHA-USLAX,6813.0,5.0,711.0,FOB,none,standard,2026-05-26T12:00Z,0.6,damage,2026-05-26T10:24Z
S-702968,ORD-44379,P-PK-4501,Yantian,Hamburg,30,ocean,MV ATLANTIC EXPRESS,9897935,off Yantian,2026-06-15T14:24Z,DEHAM,HIGH,3.2,CR-ONEY,L-CNYTN-DEHAM,16036.0,52.8,6020.0,DDU,none,standard,2026-06-15T12:00Z,0.1,,2026-06-13T05:24Z
S-702969,ORD-47257,P-CH-2230,Rotterdam,New York/New Jersey,17,ocean,MV NIPPON GUARDIAN,9424138,11 nm from New York/New Jersey,2026-05-28T00:00Z,USNYC,MEDIUM,1.6,CR-ZIMU,L-NLRTM-USNYC,4893.0,18.3,3645.0,DDU,9,standard,2026-05-26T12:00Z,1.5,,2026-05-26T22:00Z
S-702970,ORD-44433,P-MC-7101,Hong Kong,Oakland,36,ocean,MV ARCTIC STAR,9605986,off Hong Kong,2026-05-27T14:24Z,USOAK,MEDIUM,1.4,CR-ONEY,L-HKHKG-USOAK,23563.0,27.3,6134.0,DDP,none,economy,2026-05-26T12:00Z,1.1,,2026-05-25T08:24Z
S-702971,ORD-49448,P-CH-2210,Yantian,Frankfurt am Main Airport,21,air,UP-CARGO-377,N/A,in transit,2026-05-19T12:00Z,DEFRA,LOW,0.1,CR-UPSA,L-CNYTN-DEFRA,10833.0,42.9,49765.0,CIF,3,economy,2026-05-21T12:00Z,-2.0,,2026-05-17T04:00Z
S-702972,ORD-48359,P-PK-4500,Hamburg,Durban,3,ocean,MV PACIFIC GLORY,9617253,Durban approach,2026-06-01T16:48Z,ZADUR,MEDIUM,1.5,CR-MAEU,L-DEHAM-ZADUR,7591.0,24.0,2577.0,DAP,none,standard,2026-05-31T12:00Z,1.2,,2026-05-29T16:48Z
S-702973,ORD-47199,P-MC-7102,Los Angeles,Sydney Kingsford Smith Airport,20,air,CX-CARGO-255,N/A,79 nm from Sydney Kingsford Smith Airport,2026-05-21T16:48Z,AUSYD,LOW,0.1,CR-CXCA,L-USLAX-AUSYD,5757.0,8.9,1314.0,DDU,none,standard,2026-05-20T12:00Z,1.2,,2026-05-21T01:48Z
S-702974,ORD-48995,P-PW-1850,Jebel Ali (Dubai),Frankfurt am Main Airport,11,air,QT-CARGO-231,N/A,Frankfurt am Main Airport approach,2026-05-24T12:00Z,DEFRA,LOW,0.1,CR-QTRA,L-AEDXB-DEFRA,21729.0,47.5,77.0,EXW,none,economy,2026-05-23T12:00Z,1.0,,2026-05-23T18:00Z
S-702975,ORD-47903,P-PW-1801,Jebel Ali (Dubai),Rotterdam,13,ocean,MV NORDIC GUARDIAN,9228871,off Jebel Ali (Dubai),2026-05-23T16:48Z,NLRTM,LOW,0.4,CR-PILU,L-AEDXB-NLRTM,19929.0,40.6,1726.0,DDP,none,premium,2026-05-21T12:00Z,2.2,,2026-05-22T08:48Z
S-702976,ORD-48318,P-SW-3001,Ningbo,Rotterdam,12,ocean,MV BALTIC TRADER,9117772,in transit,2026-06-05T02:24Z,NLRTM,LOW,0.4,CR-MSCU,L-CNNGB-NLRTM,24212.0,32.5,7693.0,FOB,3,premium,2026-06-06T12:00Z,-1.4,,2026-06-04T07:24Z
S-702977,ORD-48932,P-MC-7100,Valencia,Veracruz,30,ocean,MV CALEDONIAN PIONEER,9328345,in transit,2026-06-08T07:12Z,MXVER,MEDIUM,1.3,CR-HLCU,L-ESVLC-MXVER,21892.0,45.7,250000,FOB,none,premium,2026-06-07T12:00Z,0.8,damage,2026-06-08T04:12Z
S-702978,ORD-44960,P-EL-9001,Yantian,Hamburg,3,ocean,MV ARCTIC EXPRESS,9838677,approaching Hamburg,2026-06-19T07:12Z,DEHAM,HIGH,3.2,CR-PILU,L-CNYTN-DEHAM,10657.0,38.8,3697.0,DDU,none,economy,2026-06-20T12:00Z,-1.2,,2026-06-17T00:12Z
S-702979,ORD-45423,P-MC-7200,New York/New Jersey,London Heathrow Airport,36,air,CX-CARGO-748,N/A,in transit,2026-05-21T19:12Z,LHRGB,LOW,0.1,CR-CXCA,L-USNYC-LHRGB,20305.0,8.5,13939.0,FOB,8,economy,2026-05-22T12:00Z,-0.7,,2026-05-20T02:12Z
S-702980,ORD-45559,P-PK-4501,Los Angeles,Sydney Kingsford Smith Airport,24,air,FD-CARGO-490,N/A,off Los Angeles,2026-05-24T02:24Z,AUSYD,LOW,0.1,CR-FDXA,L-USLAX-AUSYD,712.0,59.6,16417.0,CIF,none,standard,2026-05-23T12:00Z,0.6,,2026-05-22T09:24Z
S-702981,ORD-46784,P-PW-1801,Hamburg,Genoa,36,road,DACHSE-6161,N/A,approaching Genoa,2026-05-24T14:24Z,ITGOA,MEDIUM,1.2,CR-DACH,L-DEHAM-ITGOA,3087.0,34.0,331.0,DDU,none,economy,2026-05-21T12:00Z,3.1,,2026-05-21T18:24Z
S-702982,ORD-46316,P-EL-9001,Yantian,Callao (Lima),2,ocean,MV NIPPON BREEZE,9473346,Callao (Lima) approach,2026-05-23T16:48Z,PEMRI,LOW,0.9,CR-PILU,L-CNYTN-PEMRI,13906.0,26.1,1946.0,CIF,none,premium,2026-05-24T12:00Z,-0.8,,2026-05-21T05:48Z
S-702983,ORD-44493,P-SN-5001,Singapore,Rotterdam,17,ocean,MV BALTIC EXPRESS,9939525,79 nm from Rotterdam,2026-06-14T19:12Z,NLRTM,LOW,0.4,CR-DSVS,L-SGSIN-NLRTM,20629.0,4.3,1101.0,FOB,9,economy,2026-06-14T12:00Z,0.3,,2026-06-14T04:12Z
S-702984,ORD-44779,P-MC-7101,Frankfurt am Main Airport,Shanghai,11,air,QT-CARGO-662,N/A,Shanghai approach,2026-05-23T16:48Z,CNSHA,MEDIUM,1.3,CR-QTRA,L-DEFRA-CNSHA,12918.0,13.7,2507.0,DDU,none,standard,2026-05-22T12:00Z,1.2,,2026-05-23T13:48Z
S-702985,ORD-47101,P-EL-9101,Rotterdam,Santos,11,ocean,MV CALEDONIAN EXPRESS,9383617,159 nm from Santos,2026-05-27T00:00Z,BRSSZ,MEDIUM,1.7,CR-PILU,L-NLRTM-BRSSZ,10960.0,48.5,751.0,EXW,3,premium,2026-05-25T12:00Z,1.5,customs_hold,2026-05-26T00:00Z
S-702986,ORD-44943,P-SW-3001,Tianjin,Łódź Rail Terminal,13,rail,DB SCH-2621,N/A,off Tianjin,2026-06-05T00:00Z,PLLDZ,LOW,0.2,CR-DBSC,L-CNTAO-PLLDZ,14864.0,19.8,1658.0,EXW,none,economy,2026-06-05T12:00Z,-0.5,,2026-06-02T04:00Z
S-702987,ORD-49012,P-SW-3001,Tianjin,Hamburg,11,ocean,MV ATLANTIC PIONEER,9842569,Hamburg approach,2026-06-07T07:12Z,DEHAM,HIGH,3.2,CR-KNES,L-CNTAO-DEHAM,13886.0,19.0,29920.0,EXW,8,standard,2026-06-05T12:00Z,1.8,,2026-06-06T07:12Z
S-702988,ORD-49592,P-MC-7100,Antwerp,New York/New Jersey,35,ocean,MV BALTIC SPIRIT,9300428,New York/New Jersey approach,2026-05-25T14:24Z,USNYC,MEDIUM,1.6,CR-MAEU,L-BEANR-USNYC,17240.0,30.1,2195.0,DDP,8,premium,2026-05-25T12:00Z,0.1,,2026-05-24T02:24Z
S-702989,ORD-49321,P-EL-9102,Genoa,Charleston,11,ocean,MV TROPIC GUARDIAN,9950808,43 nm from Charleston,2026-05-28T12:00Z,USCHS,LOW,0.7,CR-DSVS,L-ITGOA-USCHS,4834.0,0.5,4172.0,DDP,9,economy,2026-05-30T12:00Z,-2.0,,2026-05-27T00:00Z
S-702990,ORD-49332,P-PW-1801,Busan,New York/New Jersey,11,ocean,MV PACIFIC SPIRIT,9515677,approaching New York/New Jersey,2026-06-07T02:24Z,USNYC,MEDIUM,1.6,CR-HMMU,L-KRPUS-USNYC,4110.0,11.3,1960.0,DAP,8,standard,2026-06-06T12:00Z,0.6,,2026-06-04T12:24Z
S-702991,ORD-48003,P-CH-2211,Antwerp,New York/New Jersey,33,ocean,MV ASIAN GLORY,9120084,121 nm from New York/New Jersey,2026-06-03T00:00Z,USNYC,MEDIUM,1.6,CR-COSU,L-BEANR-USNYC,25557.0,35.3,1287.0,DDU,3,standard,2026-06-02T12:00Z,0.5,,2026-05-31T14:00Z
S-702992,ORD-46946,P-MC-7200,Chicago O'Hare Airport,Hong Kong,34,air,UP-CARGO-779,N/A,in transit,2026-05-22T09:36Z,HKHKG,LOW,0.8,CR-UPSA,L-USORD-HKHKG,11055.0,55.0,43.0,DDU,9,standard,2026-05-21T12:00Z,0.9,,2026-05-21T22:36Z
S-702993,ORD-46549,P-MC-7200,Jebel Ali (Dubai),Rotterdam,1,ocean,MV BALTIC STAR,9603199,off Jebel Ali (Dubai),2026-05-19T12:00Z,NLRTM,LOW,0.4,CR-MAEU,L-AEDXB-NLRTM,24585.0,24.3,40623.0,EXW,none,standard,2026-05-20T12:00Z,-1.0,,2026-05-17T07:00Z
S-702994,ORD-48134,P-EL-9102,Salalah,Rotterdam,4,ocean,MV ATLANTIC SPIRIT,9520393,in transit,2026-05-24T09:36Z,NLRTM,LOW,0.4,CR-KNES,L-OMSLL-NLRTM,6907.0,27.1,2567.0,FOB,3,premium,2026-05-23T12:00Z,0.9,,2026-05-23T03:36Z
S-702995,ORD-44834,P-EL-9002,Busan,Los Angeles,20,ocean,MV TROPIC GLORY,9531870,105 nm from Los Angeles,2026-06-14T16:48Z,USLAX,HIGH,2.6,CR-DSVS,L-KRPUS-USLAX,22662.0,41.1,1938.0,DDP,none,standard,2026-06-09T12:00Z,5.2,port_congestion,2026-06-12T02:48Z
S-702996,ORD-49467,P-EL-9101,Los Angeles,Sydney Kingsford Smith Airport,18,air,LH-CARGO-217,N/A,approaching Sydney Kingsford Smith Airport,2026-05-22T04:48Z,AUSYD,LOW,0.1,CR-LHCA,L-USLAX-AUSYD,24385.0,37.7,2053.0,FOB,none,standard,2026-05-21T12:00Z,0.7,,2026-05-20T18:48Z
S-702997,ORD-48236,P-EL-9101,Nhava Sheva,Rotterdam,35,ocean,MV NIPPON VICTORY,9696080,in transit,2026-05-31T16:48Z,NLRTM,LOW,0.4,CR-YMLU,L-INNSA-NLRTM,24253.0,56.6,1848.0,FOB,3,standard,2026-05-31T12:00Z,0.2,,2026-05-30T01:48Z
S-702998,ORD-45602,P-MC-7101,Hong Kong,Oakland,34,ocean,MV NIPPON VICTORY,9987808,off Hong Kong,2026-06-03T14:24Z,USOAK,MEDIUM,1.4,CR-ZIMU,L-HKHKG-USOAK,23922.0,0.9,1352.0,DDU,8,standard,2026-06-02T12:00Z,1.1,,2026-06-03T03:24Z
S-702999,ORD-47685,P-PW-1801,Hamburg,Genoa,1,road,DACHSE-6879,N/A,Genoa approach,2026-05-23T21:36Z,ITGOA,MEDIUM,1.2,CR-DACH,L-DEHAM-ITGOA,17326.0,43.8,13313.0,EXW,9,standard,2026-05-20T12:00Z,3.4,,2026-05-23T03:36Z
S-703000,ORD-46610,P-EL-9102,Singapore,Frankfurt am Main Airport,30,air,LH-CARGO-398,N/A,approaching Frankfurt am Main Airport,2026-05-24T21:36Z,DEFRA,LOW,0.1,CR-LHCA,L-SGSIN-DEFRA,23872.0,48.9,383.0,DDU,8,standard,2026-05-24T12:00Z,0.4,,2026-05-24T15:36Z
S-703001,ORD-49413,P-CH-2210,Hong Kong,Oakland,6,ocean,MV CALEDONIAN CRYSTAL,9272627,in transit,2026-06-05T02:24Z,USOAK,MEDIUM,1.4,CR-ONEY,L-HKHKG-USOAK,9184.0,4.6,7956.0,DDU,none,premium,2026-06-04T12:00Z,0.6,,2026-06-03T08:24Z
S-703002,ORD-44922,P-CH-2210,Tokyo,Vancouver,17,ocean,MV ARCTIC GUARDIAN,9698842,off Tokyo,2026-05-30T09:36Z,CASOG,LOW,0.6,CR-MAEU,L-JPTYO-CASOG,8832.0,23.7,250000,DAP,none,standard,2026-05-22T12:00Z,7.9,customs_hold,2026-05-29T04:36Z
S-703003,ORD-44342,P-MC-7102,Tokyo,Vancouver,26,ocean,MV CALEDONIAN EXPRESS,9919500,Vancouver approach,2026-06-07T00:00Z,CASOG,LOW,0.6,CR-HMMU,L-JPTYO-CASOG,20930.0,19.1,2728.0,CIF,none,premium,2026-06-01T12:00Z,5.5,delayed,2026-06-04T05:00Z
S-703004,ORD-44095,P-EL-9002,Jebel Ali (Dubai),Rotterdam,14,ocean,MV PACIFIC CRYSTAL,9867824,Rotterdam approach,2026-05-24T16:48Z,NLRTM,LOW,0.4,CR-WHLU,L-AEDXB-NLRTM,8380.0,34.6,62691.0,CIF,none,premium,2026-05-24T12:00Z,0.2,,2026-05-24T09:48Z
S-703005,ORD-46006,P-MC-7102,Singapore,Frankfurt am Main Airport,9,air,LH-CARGO-367,N/A,Frankfurt am Main Airport approach,2026-05-23T14:24Z,DEFRA,LOW,0.1,CR-LHCA,L-SGSIN-DEFRA,14960.0,22.0,5677.0,DDU,none,economy,2026-05-23T12:00Z,0.1,,2026-05-21T14:24Z
S-703006,ORD-44365,P-EL-9002,New York/New Jersey,London Heathrow Airport,8,air,DH-CARGO-194,N/A,approaching London Heathrow Airport,2026-05-23T16:48Z,LHRGB,LOW,0.1,CR-DHLA,L-USNYC-LHRGB,15570.0,13.0,5057.0,FOB,none,economy,2026-05-21T12:00Z,2.2,,2026-05-21T04:48Z
S-703007,ORD-45349,P-MC-7102,Busan,New York/New Jersey,33,ocean,MV ATLANTIC SPIRIT,9943430,in transit,2026-06-06T14:24Z,USNYC,MEDIUM,1.6,CR-HLCU,L-KRPUS-USNYC,16371.0,17.0,208.0,FOB,none,standard,2026-06-07T12:00Z,-0.9,,2026-06-05T07:24Z
S-703008,ORD-49387,P-MC-7200,Nhava Sheva,Rotterdam,30,ocean,MV BALTIC STAR,9128174,approaching Rotterdam,2026-06-02T21:36Z,NLRTM,LOW,0.4,CR-HLCU,L-INNSA-NLRTM,10876.0,17.7,11744.0,FOB,none,economy,2026-06-04T12:00Z,-1.6,vessel_change,2026-06-01T03:36Z
S-703009,ORD-49771,P-EL-9002,Yantian,Frankfurt am Main Airport,9,air,FD-CARGO-529,N/A,159 nm from Frankfurt am Main Airport,2026-05-26T12:00Z,DEFRA,LOW,0.1,CR-FDXA,L-CNYTN-DEFRA,1910.0,24.0,772.0,DDP,none,standard,2026-05-24T12:00Z,2.0,,2026-05-23T17:00Z
S-703010,ORD-49460,P-EL-9002,Hong Kong,Oakland,1,ocean,MV ATLANTIC GUARDIAN,9216914,approaching Oakland,2026-05-20T14:24Z,USOAK,MEDIUM,1.4,CR-KNES,L-HKHKG-USOAK,3573.0,55.6,3050.0,DDU,8,standard,2026-05-21T12:00Z,-0.9,,2026-05-18T01:24Z
S-703011,ORD-46820,P-SW-3002,Shanghai,Hamburg,33,ocean,MV NIPPON TRADER,9558150,in transit,2026-05-21T16:48Z,DEHAM,HIGH,3.2,CR-DSVS,L-CNSHA-DEHAM,21229.0,39.5,222.0,FOB,none,standard,2026-05-22T12:00Z,-0.8,,2026-05-21T05:48Z
S-703012,ORD-47703,P-MC-7100,Hamburg,Genoa,5,road,XPO LO-3204,N/A,26 nm from Genoa,2026-05-30T00:00Z,ITGOA,MEDIUM,1.2,CR-XPOT,L-DEHAM-ITGOA,12568.0,0.6,250000,DAP,none,standard,2026-05-21T12:00Z,8.5,vessel_change,2026-05-27T06:00Z
S-703013,ORD-45213,P-MC-7102,Singapore,Felixstowe,16,ocean,MV IBERIAN TRADER,9167809,in transit,2026-06-15T02:24Z,GBFXT,MEDIUM,0.9,CR-ONEY,L-SGSIN-GBFXT,21554.0,28.1,1413.0,DAP,none,standard,2026-06-15T12:00Z,-0.4,,2026-06-13T10:24Z
S-703014,ORD-49532,P-SW-3002,Frankfurt am Main Airport,Shanghai,6,air,UP-CARGO-516,N/A,in transit,2026-05-23T00:00Z,CNSHA,MEDIUM,1.3,CR-UPSA,L-DEFRA-CNSHA,14517.0,13.5,297.0,DAP,none,economy,2026-05-22T12:00Z,0.5,,2026-05-20T17:00Z
S-703015,ORD-47067,P-MC-7102,Jebel Ali (Dubai),Frankfurt am Main Airport,13,air,FD-CARGO-751,N/A,48 nm from Frankfurt am Main Airport,2026-05-23T21:36Z,DEFRA,LOW,0.1,CR-FDXA,L-AEDXB-DEFRA,13976.0,45.2,25860.0,CIF,none,premium,2026-05-23T12:00Z,0.4,,2026-05-22T12:36Z
S-703016,ORD-44779,P-EL-9002,Tokyo,Vancouver,26,ocean,MV ARCTIC BREEZE,9147699,off Tokyo,2026-05-27T09:36Z,CASOG,LOW,0.6,CR-PILU,L-JPTYO-CASOG,11297.0,45.6,1793.0,DDU,none,economy,2026-05-24T12:00Z,2.9,,2026-05-26T13:36Z
S-703017,ORD-47486,P-PW-1850,Hong Kong,Frankfurt am Main Airport,9,air,LH-CARGO-241,N/A,approaching Frankfurt am Main Airport,2026-05-24T21:36Z,DEFRA,LOW,0.1,CR-LHCA,L-HKHKG-DEFRA,7600.0,12.2,6209.0,EXW,none,premium,2026-05-24T12:00Z,0.4,vessel_change,2026-05-24T10:36Z
S-703018,ORD-48146,P-PK-4501,Yokohama,Los Angeles,19,ocean,MV ATLANTIC PIONEER,9723799,Los Angeles approach,2026-06-10T04:48Z,USLAX,HIGH,2.6,CR-MAEU,L-JPYOK-USLAX,14183.0,57.9,1013.0,CIF,none,premium,2026-06-05T12:00Z,4.7,customs_hold,2026-06-10T00:48Z
S-703019,ORD-47990,P-SW-3002,Singapore,Felixstowe,29,ocean,MV ASIAN BREEZE,9645196,approaching Felixstowe,2026-06-05T16:48Z,GBFXT,MEDIUM,0.9,CR-ZIMU,L-SGSIN-GBFXT,1954.0,26.6,6932.0,DAP,none,economy,2026-06-05T12:00Z,0.2,,2026-06-03T01:48Z
S-703020,ORD-46853,P-CH-2211,Shanghai,Düsseldorf Rail Terminal,18,rail,DB SCH-3225,N/A,approaching Düsseldorf Rail Terminal,2026-06-03T14:24Z,DEDUS,LOW,0.2,CR-DBSC,L-CNSHA-DEDUS,16622.0,17.0,2599.0,DDU,none,economy,2026-06-03T12:00Z,0.1,,2026-06-02T16:24Z
S-703021,ORD-47833,P-EL-9101,Shanghai,Düsseldorf Rail Terminal,29,rail,DB SCH-1478,N/A,off Shanghai,2026-06-02T12:00Z,DEDUS,LOW,0.2,CR-DBSC,L-CNSHA-DEDUS,21543.0,30.0,19332.0,FOB,none,standard,2026-06-02T12:00Z,0.0,,2026-05-30T14:00Z
S-703022,ORD-45373,P-PK-4501,Hamburg,Santos,5,ocean,MV ARCTIC SPIRIT,9148618,off Hamburg,2026-05-26T19:12Z,BRSSZ,MEDIUM,1.7,CR-MSCU,L-DEHAM-BRSSZ,1538.0,36.4,15307.0,FOB,none,premium,2026-05-25T12:00Z,1.3,,2026-05-23T19:12Z
S-703023,ORD-47499,P-EL-9002,Hamburg,Genoa,19,road,DACHSE-7629,N/A,80 nm from Genoa,2026-05-24T02:24Z,ITGOA,MEDIUM,1.2,CR-DACH,L-DEHAM-ITGOA,13735.0,34.0,28950.0,DDP,none,standard,2026-05-22T12:00Z,1.6,,2026-05-22T01:24Z
S-703024,ORD-49593,P-MC-7200,Shanghai,Düsseldorf Rail Terminal,16,rail,DB SCH-9787,N/A,194 nm from Düsseldorf Rail Terminal,2026-06-04T07:12Z,DEDUS,LOW,0.2,CR-DBSC,L-CNSHA-DEDUS,25832.0,34.2,1123.0,CIF,none,standard,2026-06-03T12:00Z,0.8,,2026-06-02T15:12Z
S-703025,ORD-45177,P-MC-7102,Tokyo,Vancouver,11,ocean,MV IBERIAN CRYSTAL,9754865,111 nm from Vancouver,2026-05-29T12:00Z,CASOG,LOW,0.6,CR-DSVS,L-JPTYO-CASOG,11841.0,52.1,5137.0,EXW,3,standard,2026-05-31T12:00Z,-2.0,,2026-05-29T01:00Z
S-703026,ORD-46953,P-MC-7101,Yantian,Hamburg,18,ocean,MV BALTIC BREEZE,9112987,approaching Hamburg,2026-06-16T07:12Z,DEHAM,HIGH,3.2,CR-ONEY,L-CNYTN-DEHAM,11368.0,17.9,561.0,DDP,9,premium,2026-06-14T12:00Z,1.8,,2026-06-16T06:12Z
S-703027,ORD-48033,P-MC-7100,Hamburg,Durban,16,ocean,MV NIPPON STAR,9564884,approaching Durban,2026-05-21T21:36Z,ZADUR,MEDIUM,1.5,CR-YMLU,L-DEHAM-ZADUR,18384.0,32.4,616.0,DDP,8,economy,2026-05-21T12:00Z,0.4,,2026-05-20T12:36Z
S-703028,ORD-44667,P-MC-7100,Jebel Ali (Dubai),Frankfurt am Main Airport,12,air,AF-CARGO-297,N/A,off Jebel Ali (Dubai),2026-05-22T09:36Z,DEFRA,LOW,0.1,CR-AFKA,L-AEDXB-DEFRA,23698.0,11.2,11801.0,FOB,none,economy,2026-05-22T12:00Z,-0.1,,2026-05-20T18:36Z
S-703029,ORD-48210,P-SN-5001,Yantian,Los Angeles,20,ocean,MV NIPPON EXPRESS,9255832,off Yantian,2026-06-06T19:12Z,USLAX,HIGH,2.6,CR-HLCU,L-CNYTN-USLAX,3882.0,53.7,2199.0,DDU,none,premium,2026-06-07T12:00Z,-0.7,,2026-06-06T09:12Z
S-703030,ORD-46999,P-MC-7200,Rotterdam,New York/New Jersey,33,ocean,MV BALTIC STAR,9472657,approaching New York/New Jersey,2026-05-23T19:12Z,USNYC,MEDIUM,1.6,CR-MSCU,L-NLRTM-USNYC,12974.0,2.7,2771.0,EXW,3,standard,2026-05-21T12:00Z,2.3,,2026-05-23T00:12Z
S-703031,ORD-48653,P-EL-9102,Hamburg,Santos,24,ocean,MV ARCTIC GLORY,9798141,73 nm from Santos,2026-05-29T21:36Z,BRSSZ,MEDIUM,1.7,CR-KNES,L-DEHAM-BRSSZ,7431.0,34.5,27924.0,DDP,8,standard,2026-05-31T12:00Z,-1.6,,2026-05-28T23:36Z
S-703032,ORD-46542,P-PW-1850,Ningbo,Rotterdam,18,ocean,MV TROPIC BREEZE,9991823,in transit,2026-05-21T14:24Z,NLRTM,LOW,0.4,CR-WHLU,L-CNNGB-NLRTM,24630.0,28.3,3469.0,DDP,3,premium,2026-05-21T12:00Z,0.1,,2026-05-19T12:24Z
S-703033,ORD-47581,P-PW-1850,Yantian,Frankfurt am Main Airport,4,air,FD-CARGO-634,N/A,off Yantian,2026-05-20T19:12Z,DEFRA,LOW,0.1,CR-FDXA,L-CNYTN-DEFRA,20283.0,11.3,1616.0,DDU,none,premium,2026-05-20T12:00Z,0.3,,2026-05-18T08:12Z
S-703034,ORD-49137,P-PK-4500,Chicago O'Hare Airport,Hong Kong,9,air,FD-CARGO-437,N/A,approaching Hong Kong,2026-05-28T07:12Z,HKHKG,LOW,0.8,CR-FDXA,L-USORD-HKHKG,976.0,45.8,4445.0,CIF,none,standard,2026-05-24T12:00Z,3.8,,2026-05-25T18:12Z
S-703035,ORD-47860,P-PW-1801,Singapore,Frankfurt am Main Airport,26,air,AF-CARGO-829,N/A,approaching Frankfurt am Main Airport,2026-05-22T04:48Z,DEFRA,LOW,0.1,CR-AFKA,L-SGSIN-DEFRA,606.0,28.2,3244.0,EXW,none,premium,2026-05-20T12:00Z,1.7,,2026-05-19T08:48Z
S-703036,ORD-49049,P-PW-1802,Salalah,Rotterdam,28,ocean,MV ASIAN STAR,9843704,in transit,2026-06-02T14:24Z,NLRTM,LOW,0.4,CR-PILU,L-OMSLL-NLRTM,20838.0,0.6,10779.0,DAP,3,premium,2026-06-02T12:00Z,0.1,,2026-06-01T12:24Z
S-703037,ORD-48898,P-PK-4501,Hong Kong,Rotterdam,22,ocean,MV BALTIC BREEZE,9661592,approaching Rotterdam,2026-05-29T09:36Z,NLRTM,LOW,0.4,CR-DSVS,L-HKHKG-NLRTM,911.0,5.4,14605.0,DAP,8,premium,2026-05-28T12:00Z,0.9,delayed,2026-05-28T07:36Z
S-703038,ORD-49081,P-EL-9001,Los Angeles,Sydney Kingsford Smith Airport,36,air,QT-CARGO-838,N/A,Sydney Kingsford Smith Airport approach,2026-05-21T07:12Z,AUSYD,LOW,0.1,CR-QTRA,L-USLAX-AUSYD,14946.0,45.4,12224.0,DAP,none,premium,2026-05-21T12:00Z,-0.2,delayed,2026-05-19T14:12Z
S-703039,ORD-45425,P-EL-9002,Hong Kong,Frankfurt am Main Airport,4,air,FD-CARGO-327,N/A,in transit,2026-05-24T12:00Z,DEFRA,LOW,0.1,CR-FDXA,L-HKHKG-DEFRA,10263.0,47.8,4174.0,FOB,none,standard,2026-05-24T12:00Z,0.0,port_congestion,2026-05-22T01:00Z
S-703040,ORD-48191,P-MC-7101,Shanghai,Hamburg,20,ocean,MV ARCTIC GUARDIAN,9893299,191 nm from Hamburg,2026-06-11T19:12Z,DEHAM,HIGH,3.2,CR-WHLU,L-CNSHA-DEHAM,14907.0,41.5,1477.0,FOB,none,economy,2026-06-09T12:00Z,2.3,damage,2026-06-11T04:12Z
S-703041,ORD-46267,P-PW-1802,Hong Kong,Oakland,10,ocean,MV NORDIC SPIRIT,9781523,30 nm from Oakland,2026-05-24T16:48Z,USOAK,MEDIUM,1.4,CR-MAEU,L-HKHKG-USOAK,24138.0,29.2,24260.0,DAP,3,economy,2026-05-24T12:00Z,0.2,,2026-05-24T05:48Z
S-703042,ORD-47678,P-EL-9101,Nhava Sheva,Rotterdam,21,ocean,MV CALEDONIAN EXPRESS,9104788,approaching Rotterdam,2026-06-02T19:12Z,NLRTM,LOW,0.4,CR-WHLU,L-INNSA-NLRTM,15900.0,23.5,585.0,EXW,none,standard,2026-06-01T12:00Z,1.3,,2026-06-01T09:12Z
S-703043,ORD-45056,P-PW-1850,Tokyo,Vancouver,7,ocean,MV BALTIC GLORY,9636628,67 nm from Vancouver,2026-06-01T04:48Z,CASOG,LOW,0.6,CR-YMLU,L-JPTYO-CASOG,11914.0,50.5,8495.0,DAP,8,premium,2026-05-31T12:00Z,0.7,vessel_change,2026-05-31T01:48Z
S-703044,ORD-48500,P-MC-7200,Rotterdam,Santos,9,ocean,MV IBERIAN PIONEER,9810696,194 nm from Santos,2026-06-09T21:36Z,BRSSZ,MEDIUM,1.7,CR-COSU,L-NLRTM-BRSSZ,5888.0,32.7,4741.0,DAP,none,standard,2026-06-08T12:00Z,1.4,,2026-06-07T21:36Z
S-703045,ORD-46188,P-PW-1801,Shanghai,Düsseldorf Rail Terminal,23,rail,DB SCH-7521,N/A,in transit,2026-05-25T21:36Z,DEDUS,LOW,0.2,CR-DBSC,L-CNSHA-DEDUS,24165.0,51.9,13420.0,DDP,none,standard,2026-05-27T12:00Z,-1.6,,2026-05-25T14:36Z
S-703046,ORD-49174,P-PW-1802,Ningbo,Rotterdam,5,ocean,MV NIPPON BREEZE,9651218,in transit,2026-06-18T02:24Z,NLRTM,LOW,0.4,CR-HMMU,L-CNNGB-NLRTM,14682.0,45.7,32062.0,DAP,3,premium,2026-06-17T12:00Z,0.6,customs_hold,2026-06-15T11:24Z
S-703047,ORD-47669,P-CH-2211,Shanghai,Los Angeles,11,ocean,MV ARCTIC EXPRESS,9831720,approaching Los Angeles,2026-06-02T14:24Z,USLAX,HIGH,2.6,CR-COSU,L-CNSHA-USLAX,19676.0,25.2,403.0,DDP,3,premium,2026-06-04T12:00Z,-1.9,,2026-06-01T09:24Z
S-703048,ORD-49605,P-MC-7101,Shanghai,Los Angeles,12,ocean,MV TROPIC SPIRIT,9594328,approaching Los Angeles,2026-05-25T12:00Z,USLAX,HIGH,2.6,CR-ONEY,L-CNSHA-USLAX,1398.0,59.0,2844.0,CIF,3,standard,2026-05-24T12:00Z,1.0,,2026-05-23T19:00Z
S-703049,ORD-47591,P-EL-9102,Rotterdam,Santos,22,ocean,MV BALTIC BREEZE,9357553,in transit,2026-06-10T07:12Z,BRSSZ,MEDIUM,1.7,CR-HMMU,L-NLRTM-BRSSZ,2971.0,1.4,31000.0,EXW,8,premium,2026-06-10T12:00Z,-0.2,,2026-06-10T02:12Z
S-703050,ORD-46632,P-SW-3001,Shanghai,Rotterdam,16,ocean,MV ASIAN TRADER,9963412,approaching Rotterdam,2026-05-24T07:12Z,NLRTM,LOW,0.4,CR-CMDU,L-CNSHA-NLRTM,4702.0,35.8,1527.0,CIF,none,premium,2026-05-24T12:00Z,-0.2,,2026-05-22T21:12Z
S-703051,ORD-49596,P-MC-7101,Shanghai,New York/New Jersey,26,ocean,MV NORDIC GLORY,9310997,in transit,2026-06-19T00:00Z,USNYC,MEDIUM,1.6,CR-PILU,L-CNSHA-USNYC,3558.0,7.1,26711.0,DDP,3,standard,2026-06-17T12:00Z,1.5,,2026-06-18T06:00Z
S-703052,ORD-49499,P-EL-9102,Antwerp,New York/New Jersey,35,ocean,MV NIPPON BREEZE,9236925,New York/New Jersey approach,2026-06-03T07:12Z,USNYC,MEDIUM,1.6,CR-HMMU,L-BEANR-USNYC,6748.0,40.7,1537.0,DDP,none,economy,2026-06-02T12:00Z,0.8,,2026-05-31T19:12Z
S-703053,ORD-47049,P-PW-1850,Yantian,Los Angeles,6,ocean,MV ARCTIC VICTORY,9457789,off Yantian,2026-05-28T14:24Z,USLAX,HIGH,2.6,CR-MSCU,L-CNYTN-USLAX,3812.0,8.6,500.0,DAP,3,premium,2026-05-27T12:00Z,1.1,damage,2026-05-26T17:24Z
S-703054,ORD-48940,P-MC-7101,Shanghai,Los Angeles,6,ocean,MV BALTIC STAR,9296847,Los Angeles approach,2026-05-28T21:36Z,USLAX,HIGH,2.6,CR-PILU,L-CNSHA-USLAX,23189.0,1.8,6817.0,FOB,none,economy,2026-05-30T12:00Z,-1.6,,2026-05-27T12:36Z
S-703055,ORD-45500,P-MC-7102,Frankfurt am Main Airport,Shanghai,15,air,LH-CARGO-268,N/A,153 nm from Shanghai,2026-05-24T19:12Z,CNSHA,MEDIUM,1.3,CR-LHCA,L-DEFRA-CNSHA,15692.0,28.2,6483.0,CIF,none,standard,2026-05-24T12:00Z,0.3,,2026-05-23T15:12Z
S-703056,ORD-44325,P-PK-4501,Singapore,Frankfurt am Main Airport,15,air,DH-CARGO-331,N/A,136 nm from Frankfurt am Main Airport,2026-05-23T04:48Z,DEFRA,LOW,0.1,CR-DHLA,L-SGSIN-DEFRA,3083.0,28.8,320.0,DAP,8,standard,2026-05-22T12:00Z,0.7,,2026-05-21T19:48Z
S-703057,ORD-45654,P-PW-1801,Tianjin,Łódź Rail Terminal,4,rail,DB SCH-9671,N/A,166 nm from Łódź Rail Terminal,2026-06-05T09:36Z,PLLDZ,LOW,0.2,CR-DBSC,L-CNTAO-PLLDZ,1065.0,36.8,2066.0,DDP,none,standard,2026-06-04T12:00Z,0.9,,2026-06-03T03:36Z
S-703058,ORD-45211,P-PW-1801,Hong Kong,Rotterdam,17,ocean,MV PACIFIC GUARDIAN,9712080,approaching Rotterdam,2026-05-30T00:00Z,NLRTM,LOW,0.4,CR-PILU,L-HKHKG-NLRTM,9063.0,35.9,4419.0,DAP,none,premium,2026-05-29T12:00Z,0.5,,2026-05-28T01:00Z
S-703059,ORD-45410,P-SW-3001,Shanghai,Los Angeles,12,ocean,MV ARCTIC SPIRIT,9314346,approaching Los Angeles,2026-06-03T02:24Z,USLAX,HIGH,2.6,CR-MAEU,L-CNSHA-USLAX,737.0,47.4,3328.0,EXW,9,premium,2026-06-01T12:00Z,1.6,,2026-06-02T02:24Z
S-703060,ORD-47984,P-PW-1850,Genoa,Charleston,18,ocean,MV ATLANTIC GUARDIAN,9295100,59 nm from Charleston,2026-05-29T16:48Z,USCHS,LOW,0.7,CR-PILU,L-ITGOA-USCHS,20843.0,27.4,250000,DDU,none,standard,2026-05-30T12:00Z,-0.8,,2026-05-28T19:48Z
S-703061,ORD-47680,P-SW-3002,Singapore,Frankfurt am Main Airport,4,air,AF-CARGO-642,N/A,approaching Frankfurt am Main Airport,2026-05-24T00:00Z,DEFRA,LOW,0.1,CR-AFKA,L-SGSIN-DEFRA,17700.0,3.6,1314.0,DDP,none,economy,2026-05-21T12:00Z,2.5,,2026-05-22T08:00Z
S-703062,ORD-46554,P-CH-2211,Rotterdam,Santos,29,ocean,MV ATLANTIC PIONEER,9481275,in transit,2026-05-27T12:00Z,BRSSZ,MEDIUM,1.7,CR-YMLU,L-NLRTM-BRSSZ,17681.0,22.5,88781.0,DAP,none,standard,2026-05-24T12:00Z,3.0,,2026-05-25T01:00Z
S-703063,ORD-47429,P-EL-9102,Qingdao,Le Havre,5,ocean,MV BALTIC EXPRESS,9215723,19 nm from Le Havre,2026-05-21T07:12Z,FRLEH,MEDIUM,1.0,CR-MAEU,L-CNQIN-FRLEH,14735.0,2.9,19967.0,EXW,none,premium,2026-05-21T12:00Z,-0.2,,2026-05-19T06:12Z
S-703064,ORD-45731,P-CH-2211,Genoa,Charleston,36,ocean,MV NORDIC VICTORY,9787646,in transit,2026-06-06T00:00Z,USCHS,LOW,0.7,CR-HLCU,L-ITGOA-USCHS,19741.0,41.6,17461.0,EXW,none,standard,2026-06-04T12:00Z,1.5,,2026-06-03T02:00Z
S-703065,ORD-49180,P-EL-9102,Salalah,Rotterdam,4,ocean,MV ASIAN GLORY,9943774,approaching Rotterdam,2026-05-25T16:48Z,NLRTM,LOW,0.4,CR-HLCU,L-OMSLL-NLRTM,13758.0,12.0,736.0,CIF,none,standard,2026-05-25T12:00Z,0.2,vessel_change,2026-05-22T20:48Z
S-703066,ORD-44541,P-SN-5001,Shanghai,Düsseldorf Rail Terminal,13,rail,DB SCH-1109,N/A,Düsseldorf Rail Terminal approach,2026-05-22T16:48Z,DEDUS,LOW,0.2,CR-DBSC,L-CNSHA-DEDUS,21041.0,36.2,2783.0,EXW,none,standard,2026-05-22T12:00Z,0.2,,2026-05-20T18:48Z
S-703067,ORD-46015,P-SW-3002,Jebel Ali (Dubai),Frankfurt am Main Airport,29,air,FD-CARGO-802,N/A,in transit,2026-05-21T19:12Z,DEFRA,LOW,0.1,CR-FDXA,L-AEDXB-DEFRA,1135.0,21.8,738.0,DDU,none,standard,2026-05-23T12:00Z,-1.7,,2026-05-20T10:12Z
S-703068,ORD-49880,P-MC-7102,Ningbo,Rotterdam,22,ocean,MV ATLANTIC PIONEER,9207289,197 nm from Rotterdam,2026-06-11T04:48Z,NLRTM,LOW,0.4,CR-MAEU,L-CNNGB-NLRTM,18153.0,24.6,557.0,DAP,none,standard,2026-06-10T12:00Z,0.7,,2026-06-08T20:48Z
S-703069,ORD-45021,P-PW-1850,Tianjin,Hamburg,31,ocean,MV NIPPON SPIRIT,9283402,Hamburg approach,2026-06-16T16:48Z,DEHAM,HIGH,3.2,CR-HMMU,L-CNTAO-DEHAM,23000.0,35.2,6351.0,DDP,8,standard,2026-06-14T12:00Z,2.2,,2026-06-15T22:48Z
S-703070,ORD-44569,P-MC-7102,Hong Kong,Oakland,17,ocean,MV TROPIC VICTORY,9632390,approaching Oakland,2026-06-06T14:24Z,USOAK,MEDIUM,1.4,CR-HLCU,L-HKHKG-USOAK,7749.0,44.9,1643.0,EXW,none,standard,2026-06-05T12:00Z,1.1,,2026-06-03T16:24Z
S-703071,ORD-44288,P-CH-2210,Tianjin,Łódź Rail Terminal,32,rail,DB SCH-9607,N/A,119 nm from Łódź Rail Terminal,2026-05-22T21:36Z,PLLDZ,LOW,0.2,CR-DBSC,L-CNTAO-PLLDZ,21395.0,30.3,1638.0,EXW,none,premium,2026-05-22T12:00Z,0.4,,2026-05-21T14:36Z
S-703072,ORD-49829,P-PW-1802,Yantian,Hamburg,35,ocean,MV CALEDONIAN CRYSTAL,9628077,in transit,2026-06-15T19:12Z,DEHAM,HIGH,3.2,CR-WHLU,L-CNYTN-DEHAM,10051.0,20.4,633.0,DDU,none,economy,2026-06-14T12:00Z,1.3,,2026-06-14T14:12Z
S-703073,ORD-47837,P-EL-9101,Singapore,Frankfurt am Main Airport,31,air,EK-CARGO-942,N/A,59 nm from Frankfurt am Main Airport,2026-05-20T19:12Z,DEFRA,LOW,0.1,CR-EKCA,L-SGSIN-DEFRA,19955.0,18.0,465.0,DDP,9,premium,2026-05-20T12:00Z,0.3,,2026-05-18T01:12Z
S-703074,ORD-44294,P-CH-2230,Shanghai,New York/New Jersey,12,ocean,MV ARCTIC GUARDIAN,9890757,off Shanghai,2026-06-07T19:12Z,USNYC,MEDIUM,1.6,CR-PILU,L-CNSHA-USNYC,1180.0,47.9,129.0,EXW,none,economy,2026-06-07T12:00Z,0.3,,2026-06-06T08:12Z
S-703075,ORD-46470,P-MC-7102,Yantian,Callao (Lima),7,ocean,MV NIPPON CRYSTAL,9387374,approaching Callao (Lima),2026-06-05T16:48Z,PEMRI,LOW,0.9,CR-HLCU,L-CNYTN-PEMRI,379.0,35.6,706.0,DAP,9,standard,2026-06-05T12:00Z,0.2,,2026-06-02T22:48Z
S-703076,ORD-46113,P-PW-1850,Busan,Los Angeles,17,ocean,MV ATLANTIC VICTORY,9844086,197 nm from Los Angeles,2026-05-27T19:12Z,USLAX,HIGH,2.6,CR-MAEU,L-KRPUS-USLAX,4788.0,34.8,2348.0,FOB,none,standard,2026-05-28T12:00Z,-0.7,,2026-05-26T23:12Z
S-703077,ORD-49534,P-PK-4501,Shanghai,New York/New Jersey,12,ocean,MV BALTIC GLORY,9235105,off Shanghai,2026-05-26T00:00Z,USNYC,MEDIUM,1.6,CR-MSCU,L-CNSHA-USNYC,3609.0,53.5,281.0,FOB,none,economy,2026-05-24T12:00Z,1.5,damage,2026-05-24T18:00Z
S-703078,ORD-46832,P-EL-9002,Hamburg,Durban,19,ocean,MV TROPIC GUARDIAN,9204635,10 nm from Durban,2026-05-27T04:48Z,ZADUR,MEDIUM,1.5,CR-KNES,L-DEHAM-ZADUR,23705.0,7.0,10141.0,FOB,3,standard,2026-05-27T12:00Z,-0.3,,2026-05-26T15:48Z
S-703079,ORD-44681,P-CH-2230,Shanghai,New York/New Jersey,26,ocean,MV ATLANTIC CRYSTAL,9398126,104 nm from New York/New Jersey,2026-05-25T21:36Z,USNYC,MEDIUM,1.6,CR-HLCU,L-CNSHA-USNYC,24786.0,6.1,3684.0,FOB,3,standard,2026-05-24T12:00Z,1.4,damage,2026-05-25T11:36Z
S-703080,ORD-48675,P-MC-7101,Genoa,Charleston,4,ocean,MV ARCTIC GLORY,9191754,Charleston approach,2026-06-07T02:24Z,USCHS,LOW,0.7,CR-PILU,L-ITGOA-USCHS,20985.0,11.0,400.0,DDU,none,standard,2026-06-04T12:00Z,2.6,vessel_change,2026-06-06T07:24Z
S-703081,ORD-45480,P-EL-9002,Yantian,Callao (Lima),3,ocean,MV IBERIAN PIONEER,9716099,84 nm from Callao (Lima),2026-05-28T02:24Z,PEMRI,LOW,0.9,CR-HLCU,L-CNYTN-PEMRI,15786.0,21.3,1790.0,DDP,none,premium,2026-05-26T12:00Z,1.6,port_congestion,2026-05-27T00:24Z
S-703082,ORD-45701,P-MC-7102,Hamburg,Santos,28,ocean,MV PACIFIC GLORY,9744004,Santos approach,2026-05-26T16:48Z,BRSSZ,MEDIUM,1.7,CR-ONEY,L-DEHAM-BRSSZ,20973.0,1.5,2075.0,FOB,none,economy,2026-05-26T12:00Z,0.2,,2026-05-24T04:48Z
S-703083,ORD-46283,P-EL-9002,Chicago O'Hare Airport,Hong Kong,32,air,EK-CARGO-698,N/A,in transit,2026-05-21T21:36Z,HKHKG,LOW,0.8,CR-EKCA,L-USORD-HKHKG,6596.0,24.4,1284.0,CIF,3,standard,2026-05-20T12:00Z,1.4,port_congestion,2026-05-21T10:36Z
S-703084,ORD-47103,P-EL-9002,Hong Kong,Rotterdam,6,ocean,MV ASIAN EXPRESS,9915764,in transit,2026-06-18T00:00Z,NLRTM,LOW,0.4,CR-EGLV,L-HKHKG-NLRTM,5190.0,22.7,12144.0,EXW,none,standard,2026-06-18T12:00Z,-0.5,,2026-06-17T08:00Z
S-703085,ORD-45806,P-CH-2211,Tianjin,Łódź Rail Terminal,30,rail,DB SCH-8094,N/A,in transit,2026-06-06T16:48Z,PLLDZ,LOW,0.2,CR-DBSC,L-CNTAO-PLLDZ,13538.0,41.3,109.0,FOB,none,standard,2026-06-06T12:00Z,0.2,vessel_change,2026-06-04T20:48Z
S-703086,ORD-49752,P-PW-1802,Ningbo,Rotterdam,6,ocean,MV NIPPON GLORY,9327272,117 nm from Rotterdam,2026-06-18T19:12Z,NLRTM,LOW,0.4,CR-KNES,L-CNNGB-NLRTM,195.0,27.8,1172.0,FOB,none,economy,2026-06-18T12:00Z,0.3,,2026-06-18T15:12Z
S-703087,ORD-45284,P-PW-1850,Rotterdam,Santos,11,ocean,MV NORDIC STAR,9309126,in transit,2026-05-23T12:00Z,BRSSZ,MEDIUM,1.7,CR-CMDU,L-NLRTM-BRSSZ,5119.0,1.9,52688.0,DDP,8,standard,2026-05-25T12:00Z,-2.0,,2026-05-22T06:00Z
S-703088,ORD-44320,P-PW-1850,Ningbo,Rotterdam,9,ocean,MV ATLANTIC STAR,9380979,Rotterdam approach,2026-06-23T04:48Z,NLRTM,LOW,0.4,CR-HLCU,L-CNNGB-NLRTM,10599.0,40.9,15440.0,EXW,8,premium,2026-06-20T12:00Z,2.7,,2026-06-21T14:48Z
S-703089,ORD-44565,P-MC-7100,Singapore,Frankfurt am Main Airport,24,air,EK-CARGO-689,N/A,approaching Frankfurt am Main Airport,2026-05-21T14:24Z,DEFRA,LOW,0.1,CR-EKCA,L-SGSIN-DEFRA,12535.0,11.3,95929.0,EXW,none,standard,2026-05-20T12:00Z,1.1,,2026-05-19T12:24Z
S-703090,ORD-45757,P-PW-1850,Rotterdam,New York/New Jersey,33,ocean,MV BALTIC GUARDIAN,9893314,174 nm from New York/New Jersey,2026-05-20T02:24Z,USNYC,MEDIUM,1.6,CR-EGLV,L-NLRTM-USNYC,12838.0,57.1,5428.0,EXW,3,standard,2026-05-21T12:00Z,-1.4,,2026-05-18T07:24Z
S-703091,ORD-45368,P-SW-3001,Shanghai,Düsseldorf Rail Terminal,30,rail,DB SCH-4794,N/A,in transit,2026-06-11T16:48Z,DEDUS,LOW,0.2,CR-DBSC,L-CNSHA-DEDUS,630.0,23.6,2129.0,CIF,none,standard,2026-06-09T12:00Z,2.2,delayed,2026-06-10T22:48Z
S-703092,ORD-45409,P-PW-1850,Hong Kong,Frankfurt am Main Airport,2,air,FD-CARGO-827,N/A,approaching Frankfurt am Main Airport,2026-05-22T02:24Z,DEFRA,LOW,0.1,CR-FDXA,L-HKHKG-DEFRA,8447.0,37.6,4848.0,FOB,none,premium,2026-05-21T12:00Z,0.6,,2026-05-19T17:24Z
S-703093,ORD-46361,P-CH-2230,Yokohama,Los Angeles,36,ocean,MV IBERIAN TRADER,9107766,in transit,2026-05-29T07:12Z,USLAX,HIGH,2.6,CR-MAEU,L-JPYOK-USLAX,11845.0,51.2,11851.0,EXW,none,premium,2026-05-25T12:00Z,3.8,,2026-05-27T02:12Z
S-703094,ORD-44047,P-CH-2210,Chicago O'Hare Airport,Hong Kong,1,air,AF-CARGO-218,N/A,off Chicago O'Hare Airport,2026-05-26T09:36Z,HKHKG,LOW,0.8,CR-AFKA,L-USORD-HKHKG,7409.0,49.1,19466.0,DAP,none,premium,2026-05-22T12:00Z,3.9,,2026-05-24T02:36Z
S-703095,ORD-46270,P-PW-1801,Qingdao,Le Havre,24,ocean,MV ARCTIC GLORY,9337193,113 nm from Le Havre,2026-06-17T14:24Z,FRLEH,MEDIUM,1.0,CR-KNES,L-CNQIN-FRLEH,10675.0,53.9,829.0,CIF,3,standard,2026-06-16T12:00Z,1.1,,2026-06-16T07:24Z
S-703096,ORD-45147,P-PW-1802,Antwerp,New York/New Jersey,2,ocean,MV CALEDONIAN GLORY,9437295,New York/New Jersey approach,2026-06-02T04:48Z,USNYC,MEDIUM,1.6,CR-COSU,L-BEANR-USNYC,758.0,26.9,251.0,DDU,3,premium,2026-05-29T12:00Z,3.7,,2026-05-31T09:48Z
S-703097,ORD-47291,P-SN-5001,Genoa,Charleston,14,ocean,MV NORDIC EXPRESS,9848326,in transit,2026-06-02T00:00Z,USCHS,LOW,0.7,CR-DSVS,L-ITGOA-USCHS,2171.0,28.6,310.0,DAP,9,standard,2026-05-30T12:00Z,2.5,vessel_change,2026-05-30T09:00Z
S-703098,ORD-47153,P-MC-7101,Hamburg,Santos,13,ocean,MV IBERIAN EXPRESS,9193448,Santos approach,2026-05-24T09:36Z,BRSSZ,MEDIUM,1.7,CR-MAEU,L-DEHAM-BRSSZ,21979.0,38.7,2079.0,CIF,8,standard,2026-05-23T12:00Z,0.9,,2026-05-24T03:36Z
S-703099,ORD-45889,P-PK-4501,Yokohama,Los Angeles,13,ocean,MV PACIFIC VICTORY,9331509,approaching Los Angeles,2026-05-30T19:12Z,USLAX,HIGH,2.6,CR-COSU,L-JPYOK-USLAX,16312.0,17.7,20661.0,DAP,9,premium,2026-05-22T12:00Z,8.3,port_congestion,2026-05-28T10:12Z
S-703100,ORD-47770,P-EL-9002,Salalah,Rotterdam,21,ocean,MV NIPPON TRADER,9881101,Rotterdam approach,2026-05-28T12:00Z,NLRTM,LOW,0.4,CR-ONEY,L-OMSLL-NLRTM,11968.0,3.4,12559.0,DDU,none,premium,2026-05-28T12:00Z,0.0,customs_hold,2026-05-28T02:00Z
S-703101,ORD-44594,P-EL-9101,Shanghai,New York/New Jersey,24,ocean,MV ASIAN CRYSTAL,9765114,New York/New Jersey approach,2026-06-16T21:36Z,USNYC,MEDIUM,1.6,CR-PILU,L-CNSHA-USNYC,5678.0,37.6,7833.0,DAP,none,standard,2026-06-16T12:00Z,0.4,customs_hold,2026-06-14T16:36Z
S-703102,ORD-48167,P-SW-3001,Chicago O'Hare Airport,Hong Kong,23,air,CX-CARGO-763,N/A,approaching Hong Kong,2026-05-26T02:24Z,HKHKG,LOW,0.8,CR-CXCA,L-USORD-HKHKG,2517.0,53.4,26048.0,DDP,none,standard,2026-05-23T12:00Z,2.6,,2026-05-26T01:24Z
S-703103,ORD-48674,P-EL-9001,Valencia,Veracruz,12,ocean,MV NIPPON TRADER,9140891,off Valencia,2026-06-03T09:36Z,MXVER,MEDIUM,1.3,CR-YMLU,L-ESVLC-MXVER,24850.0,5.6,5367.0,DDP,3,standard,2026-05-31T12:00Z,2.9,,2026-06-01T13:36Z
S-703104,ORD-46724,P-MC-7100,Ningbo,Rotterdam,21,ocean,MV CALEDONIAN BREEZE,9457683,Rotterdam approach,2026-06-05T00:00Z,NLRTM,LOW,0.4,CR-KNES,L-CNNGB-NLRTM,6235.0,42.3,162.0,EXW,none,standard,2026-06-04T12:00Z,0.5,,2026-06-04T12:00Z
S-703105,ORD-48542,P-MC-7101,Singapore,Rotterdam,17,ocean,MV TROPIC VICTORY,9648535,in transit,2026-05-25T00:00Z,NLRTM,LOW,0.4,CR-ONEY,L-SGSIN-NLRTM,25499.0,38.0,3042.0,DDP,none,standard,2026-05-25T12:00Z,-0.5,,2026-05-23T19:00Z
S-703106,ORD-49705,P-EL-9001,Chicago O'Hare Airport,Hong Kong,12,air,CX-CARGO-258,N/A,approaching Hong Kong,2026-05-31T09:36Z,HKHKG,LOW,0.8,CR-CXCA,L-USORD-HKHKG,22048.0,56.7,4173.0,EXW,none,economy,2026-05-23T12:00Z,7.9,delayed,2026-05-29T04:36Z
S-703107,ORD-44970,P-PW-1802,Antwerp,New York/New Jersey,23,ocean,MV TROPIC STAR,9800285,approaching New York/New Jersey,2026-05-23T02:24Z,USNYC,MEDIUM,1.6,CR-DSVS,L-BEANR-USNYC,1421.0,42.6,458.0,CIF,none,standard,2026-05-24T12:00Z,-1.4,,2026-05-22T21:24Z
S-703108,ORD-48837,P-MC-7102,Frankfurt am Main Airport,Shanghai,29,air,AF-CARGO-875,N/A,Shanghai approach,2026-05-23T00:00Z,CNSHA,MEDIUM,1.3,CR-AFKA,L-DEFRA-CNSHA,9123.0,23.3,1192.0,DAP,none,premium,2026-05-21T12:00Z,1.5,,2026-05-22T02:00Z
S-703109,ORD-49226,P-EL-9003,Shanghai,Los Angeles,22,ocean,MV ASIAN EXPRESS,9807920,Los Angeles approach,2026-06-05T14:24Z,USLAX,HIGH,2.6,CR-YMLU,L-CNSHA-USLAX,19413.0,25.2,67.0,DAP,none,economy,2026-06-04T12:00Z,1.1,,2026-06-05T10:24Z
S-703110,ORD-44048,P-CH-2211,Yantian,Frankfurt am Main Airport,21,air,FD-CARGO-198,N/A,in transit,2026-05-23T21:36Z,DEFRA,LOW,0.1,CR-FDXA,L-CNYTN-DEFRA,15601.0,48.7,174.0,DAP,9,premium,2026-05-24T12:00Z,-0.6,,2026-05-22T16:36Z
S-703111,ORD-44379,P-PW-1802,Hong Kong,Rotterdam,27,ocean,MV BALTIC STAR,9972018,22 nm from Rotterdam,2026-06-02T07:12Z,NLRTM,LOW,0.4,CR-HMMU,L-HKHKG-NLRTM,20284.0,0.3,856.0,DDU,8,standard,2026-05-31T12:00Z,1.8,,2026-06-01T08:12Z
S-703112,ORD-49629,P-CH-2210,New York/New Jersey,London Heathrow Airport,24,air,CX-CARGO-315,N/A,155 nm from London Heathrow Airport,2026-05-24T00:00Z,LHRGB,LOW,0.1,CR-CXCA,L-USNYC-LHRGB,6826.0,20.3,2892.0,DAP,none,economy,2026-05-21T12:00Z,2.5,,2026-05-22T08:00Z
S-703113,ORD-44564,P-MC-7102,Singapore,Frankfurt am Main Airport,16,air,UP-CARGO-758,N/A,Frankfurt am Main Airport approach,2026-05-24T07:12Z,DEFRA,LOW,0.1,CR-UPSA,L-SGSIN-DEFRA,25089.0,44.0,141.0,CIF,none,economy,2026-05-23T12:00Z,0.8,,2026-05-21T13:12Z
S-703114,ORD-49262,P-SN-5001,Hamburg,Genoa,3,road,DACHSE-5111,N/A,194 nm from Genoa,2026-05-26T12:00Z,ITGOA,MEDIUM,1.2,CR-DACH,L-DEHAM-ITGOA,23844.0,15.9,1206.0,EXW,none,premium,2026-05-24T12:00Z,2.0,,2026-05-24T05:00Z
S-703115,ORD-45117,P-SW-3002,Hong Kong,Oakland,13,ocean,MV PACIFIC VICTORY,9904186,off Hong Kong,2026-05-22T09:36Z,USOAK,MEDIUM,1.4,CR-PILU,L-HKHKG-USOAK,16138.0,9.2,10684.0,CIF,8,standard,2026-05-22T12:00Z,-0.1,,2026-05-22T08:36Z
S-703116,ORD-48959,P-EL-9002,Hong Kong,Oakland,27,ocean,MV ATLANTIC VICTORY,9939635,approaching Oakland,2026-05-31T09:36Z,USOAK,MEDIUM,1.4,CR-EGLV,L-HKHKG-USOAK,289.0,57.5,1401.0,EXW,none,premium,2026-05-29T12:00Z,1.9,,2026-05-29T08:36Z
S-703117,ORD-48517,P-EL-9102,Yokohama,Los Angeles,3,ocean,MV ASIAN TRADER,9979913,Los Angeles approach,2026-05-28T21:36Z,USLAX,HIGH,2.6,CR-YMLU,L-JPYOK-USLAX,12493.0,41.2,38725.0,DDP,none,premium,2026-05-26T12:00Z,2.4,,2026-05-28T04:36Z
S-703118,ORD-44628,P-EL-9101,Yantian,Hamburg,12,ocean,MV IBERIAN PIONEER,9168284,off Yantian,2026-06-24T07:12Z,DEHAM,HIGH,3.2,CR-ZIMU,L-CNYTN-DEHAM,3698.0,10.4,2429.0,DAP,none,premium,2026-06-23T12:00Z,0.8,,2026-06-24T03:12Z
S-703119,ORD-46760,P-EL-9102,Nhava Sheva,Rotterdam,22,ocean,MV NORDIC STAR,9734268,29 nm from Rotterdam,2026-05-24T04:48Z,NLRTM,LOW,0.4,CR-MAEU,L-INNSA-NLRTM,6775.0,33.8,24744.0,EXW,9,standard,2026-05-24T12:00Z,-0.3,,2026-05-21T22:48Z
S-703120,ORD-45318,P-MC-7200,Tianjin,Łódź Rail Terminal,20,rail,DB SCH-4121,N/A,off Tianjin,2026-06-05T16:48Z,PLLDZ,LOW,0.2,CR-DBSC,L-CNTAO-PLLDZ,19748.0,16.2,3603.0,DDU,none,premium,2026-06-04T12:00Z,1.2,,2026-06-04T10:48Z
S-703121,ORD-44128,P-CH-2210,Nhava Sheva,Rotterdam,30,ocean,MV ARCTIC CRYSTAL,9754923,off Nhava Sheva,2026-06-07T19:12Z,NLRTM,LOW,0.4,CR-DSVS,L-INNSA-NLRTM,18378.0,47.1,419.0,DDP,none,standard,2026-06-07T12:00Z,0.3,,2026-06-07T10:12Z
S-703122,ORD-47556,P-EL-9002,New York/New Jersey,London Heathrow Airport,36,air,CX-CARGO-402,N/A,10 nm from London Heathrow Airport,2026-05-22T16:48Z,LHRGB,LOW,0.1,CR-CXCA,L-USNYC-LHRGB,24754.0,19.2,1616.0,DDU,9,standard,2026-05-22T12:00Z,0.2,,2026-05-21T12:48Z
S-703123,ORD-44384,P-EL-9101,Tianjin,Łódź Rail Terminal,16,rail,DB SCH-1971,N/A,off Tianjin,2026-06-06T12:00Z,PLLDZ,LOW,0.2,CR-DBSC,L-CNTAO-PLLDZ,16451.0,19.3,3682.0,DAP,8,standard,2026-06-05T12:00Z,1.0,,2026-06-03T18:00Z
S-703124,ORD-48040,P-SW-3002,Tianjin,Hamburg,16,ocean,MV IBERIAN TRADER,9396710,Hamburg approach,2026-05-27T12:00Z,DEHAM,HIGH,3.2,CR-HMMU,L-CNTAO-DEHAM,12366.0,57.5,73.0,DDU,none,premium,2026-05-29T12:00Z,-2.0,,2026-05-26T05:00Z
S-703125,ORD-47486,P-MC-7100,Yokohama,Los Angeles,2,ocean,MV CALEDONIAN GLORY,9708157,111 nm from Los Angeles,2026-05-26T07:12Z,USLAX,HIGH,2.6,CR-DSVS,L-JPYOK-USLAX,7739.0,0.8,148.0,DDP,none,premium,2026-05-24T12:00Z,1.8,,2026-05-23T16:12Z
S-703126,ORD-45704,P-EL-9101,Valencia,Veracruz,6,ocean,MV NIPPON GLORY,9747540,88 nm from Veracruz,2026-05-21T04:48Z,MXVER,MEDIUM,1.3,CR-DSVS,L-ESVLC-MXVER,6745.0,46.1,10409.0,DDP,none,economy,2026-05-21T12:00Z,-0.3,,2026-05-18T21:48Z
S-703127,ORD-47260,P-MC-7100,Hong Kong,Oakland,31,ocean,MV ARCTIC VICTORY,9786597,approaching Oakland,2026-05-22T14:24Z,USOAK,MEDIUM,1.4,CR-MAEU,L-HKHKG-USOAK,13965.0,1.1,5735.0,DDP,none,premium,2026-05-22T12:00Z,0.1,port_congestion,2026-05-22T11:24Z
S-703128,ORD-45785,P-CH-2211,Busan,New York/New Jersey,22,ocean,MV CALEDONIAN STAR,9280679,in transit,2026-06-18T07:12Z,USNYC,MEDIUM,1.6,CR-HMMU,L-KRPUS-USNYC,4020.0,46.0,15825.0,DAP,none,standard,2026-06-18T12:00Z,-0.2,,2026-06-17T14:12Z
S-703129,ORD-48478,P-EL-9101,Qingdao,Le Havre,21,ocean,MV BALTIC STAR,9879261,approaching Le Havre,2026-06-11T02:24Z,FRLEH,MEDIUM,1.0,CR-ONEY,L-CNQIN-FRLEH,4479.0,13.9,4454.0,EXW,9,standard,2026-06-11T12:00Z,-0.4,,2026-06-09T16:24Z
S-703130,ORD-47615,P-EL-9101,Tokyo,Vancouver,35,ocean,MV ASIAN TRADER,9162257,126 nm from Vancouver,2026-06-04T21:36Z,CASOG,LOW,0.6,CR-KNES,L-JPTYO-CASOG,14789.0,52.6,2943.0,CIF,none,premium,2026-05-30T12:00Z,5.4,damage,2026-06-04T13:36Z
S-703131,ORD-47754,P-PK-4501,Mundra,Felixstowe,23,ocean,MV ASIAN CRYSTAL,9369489,approaching Felixstowe,2026-05-29T16:48Z,GBFXT,MEDIUM,0.9,CR-DSVS,L-INMUN-GBFXT,20567.0,33.9,389.0,EXW,none,standard,2026-05-28T12:00Z,1.2,,2026-05-28T21:48Z
S-703132,ORD-44432,P-PW-1802,Tokyo,Vancouver,20,ocean,MV CALEDONIAN TRADER,9111960,Vancouver approach,2026-05-24T02:24Z,CASOG,LOW,0.6,CR-DSVS,L-JPTYO-CASOG,1828.0,20.1,7147.0,FOB,none,standard,2026-05-22T12:00Z,1.6,,2026-05-23T10:24Z
S-703133,ORD-44282,P-PW-1802,Singapore,Frankfurt am Main Airport,7,air,UP-CARGO-825,N/A,approaching Frankfurt am Main Airport,2026-05-20T07:12Z,DEFRA,LOW,0.1,CR-UPSA,L-SGSIN-DEFRA,15234.0,22.4,4644.0,DAP,none,premium,2026-05-20T12:00Z,-0.2,,2026-05-17T12:12Z
S-703134,ORD-47900,P-EL-9101,Hamburg,Genoa,1,road,DACHSE-5481,N/A,Genoa approach,2026-05-25T19:12Z,ITGOA,MEDIUM,1.2,CR-DACH,L-DEHAM-ITGOA,18294.0,40.3,955.0,DDP,none,premium,2026-05-22T12:00Z,3.3,vessel_change,2026-05-23T08:12Z
S-703135,ORD-45364,P-PW-1802,Busan,Los Angeles,11,ocean,MV ASIAN VICTORY,9900770,approaching Los Angeles,2026-05-30T09:36Z,USLAX,HIGH,2.6,CR-DSVS,L-KRPUS-USLAX,20407.0,44.3,3583.0,DDU,none,premium,2026-05-21T12:00Z,8.9,damage,2026-05-29T04:36Z
S-703136,ORD-48650,P-SN-5001,Busan,New York/New Jersey,5,ocean,MV CALEDONIAN EXPRESS,9678197,in transit,2026-06-15T09:36Z,USNYC,MEDIUM,1.6,CR-KNES,L-KRPUS-USNYC,5943.0,10.9,5248.0,DAP,8,premium,2026-06-13T12:00Z,1.9,,2026-06-13T17:36Z
S-703137,ORD-48991,P-MC-7100,Hamburg,Santos,19,ocean,MV ARCTIC TRADER,9492548,approaching Santos,2026-05-30T19:12Z,BRSSZ,MEDIUM,1.7,CR-DSVS,L-DEHAM-BRSSZ,15115.0,51.3,8919.0,EXW,none,premium,2026-06-01T12:00Z,-1.7,,2026-05-28T10:12Z
S-703138,ORD-48573,P-PK-4501,Hamburg,Durban,14,ocean,MV IBERIAN GLORY,9939571,in transit,2026-06-09T21:36Z,ZADUR,MEDIUM,1.5,CR-ONEY,L-DEHAM-ZADUR,23243.0,1.8,1919.0,FOB,9,economy,2026-06-09T12:00Z,0.4,,2026-06-09T16:36Z
S-703139,ORD-46370,P-EL-9003,Hong Kong,Frankfurt am Main Airport,19,air,CX-CARGO-841,N/A,Frankfurt am Main Airport approach,2026-05-23T16:48Z,DEFRA,LOW,0.1,CR-CXCA,L-HKHKG-DEFRA,5335.0,32.6,116288.0,DDU,none,economy,2026-05-22T12:00Z,1.2,,2026-05-21T13:48Z
S-703140,ORD-47129,P-EL-9101,Yantian,Frankfurt am Main Airport,36,air,EK-CARGO-581,N/A,152 nm from Frankfurt am Main Airport,2026-05-23T07:12Z,DEFRA,LOW,0.1,CR-EKCA,L-CNYTN-DEFRA,8955.0,24.6,5270.0,DDU,8,standard,2026-05-21T12:00Z,1.8,,2026-05-22T16:12Z
S-703141,ORD-44512,P-PW-1801,Tianjin,Łódź Rail Terminal,19,rail,DB SCH-2371,N/A,108 nm from Łódź Rail Terminal,2026-05-26T07:12Z,PLLDZ,LOW,0.2,CR-DBSC,L-CNTAO-PLLDZ,10339.0,36.4,2148.0,FOB,none,standard,2026-05-25T12:00Z,0.8,,2026-05-23T10:12Z
S-703142,ORD-48725,P-CH-2210,Mundra,Felixstowe,30,ocean,MV TROPIC TRADER,9622660,Felixstowe approach,2026-06-06T12:00Z,GBFXT,MEDIUM,0.9,CR-DSVS,L-INMUN-GBFXT,16564.0,27.9,7020.0,DDP,none,economy,2026-06-08T12:00Z,-2.0,,2026-06-04T18:00Z
S-703143,ORD-47327,P-PW-1801,Salalah,Rotterdam,24,ocean,MV ARCTIC VICTORY,9743467,approaching Rotterdam,2026-05-22T07:12Z,NLRTM,LOW,0.4,CR-KNES,L-OMSLL-NLRTM,11650.0,20.8,6123.0,DAP,none,premium,2026-05-22T12:00Z,-0.2,damage,2026-05-21T05:12Z
S-703144,ORD-49713,P-PW-1850,Yokohama,Los Angeles,1,ocean,MV IBERIAN PIONEER,9133075,approaching Los Angeles,2026-06-08T21:36Z,USLAX,HIGH,2.6,CR-KNES,L-JPYOK-USLAX,17451.0,15.8,4170.0,DAP,none,standard,2026-06-05T12:00Z,3.4,,2026-06-08T11:36Z
S-703145,ORD-47494,P-EL-9102,Shanghai,Hamburg,7,ocean,MV ASIAN BREEZE,9338692,approaching Hamburg,2026-06-14T00:00Z,DEHAM,HIGH,3.2,CR-ONEY,L-CNSHA-DEHAM,3178.0,35.8,1463.0,DDP,none,economy,2026-06-12T12:00Z,1.5,,2026-06-13T13:00Z
S-703146,ORD-47917,P-EL-9002,Singapore,Rotterdam,11,ocean,MV BALTIC GLORY,9912246,in transit,2026-06-02T14:24Z,NLRTM,LOW,0.4,CR-PILU,L-SGSIN-NLRTM,4391.0,5.3,603.0,FOB,8,standard,2026-05-31T12:00Z,2.1,,2026-06-01T12:24Z
S-703147,ORD-46825,P-PW-1801,Chicago O'Hare Airport,Hong Kong,36,air,EK-CARGO-163,N/A,off Chicago O'Hare Airport,2026-05-29T09:36Z,HKHKG,LOW,0.8,CR-EKCA,L-USORD-HKHKG,5579.0,4.5,2281.0,FOB,3,premium,2026-05-24T12:00Z,4.9,damage,2026-05-28T21:36Z
S-703148,ORD-46277,P-SW-3002,Shanghai,New York/New Jersey,13,ocean,MV ASIAN GLORY,9814560,approaching New York/New Jersey,2026-06-20T16:48Z,USNYC,MEDIUM,1.6,CR-HLCU,L-CNSHA-USNYC,6432.0,36.7,8134.0,CIF,9,premium,2026-06-19T12:00Z,1.2,,2026-06-18T21:48Z
S-703149,ORD-44879,P-EL-9102,Yantian,Los Angeles,21,ocean,MV BALTIC PIONEER,9728560,in transit,2026-05-30T16:48Z,USLAX,HIGH,2.6,CR-MSCU,L-CNYTN-USLAX,2346.0,19.9,7948.0,DDP,none,standard,2026-05-31T12:00Z,-0.8,,2026-05-27T20:48Z
S-703150,ORD-47769,P-CH-2210,Hamburg,Genoa,5,road,DACHSE-7544,N/A,Genoa approach,2026-05-27T14:24Z,ITGOA,MEDIUM,1.2,CR-DACH,L-DEHAM-ITGOA,9206.0,7.7,62.0,DDU,none,premium,2026-05-21T12:00Z,6.1,delayed,2026-05-26T02:24Z
S-703151,ORD-45899,P-EL-9101,Shanghai,New York/New Jersey,8,ocean,MV BALTIC PIONEER,9775908,off Shanghai,2026-06-20T16:48Z,USNYC,MEDIUM,1.6,CR-KNES,L-CNSHA-USNYC,7901.0,27.8,7166.0,CIF,none,standard,2026-06-17T12:00Z,3.2,vessel_change,2026-06-18T11:48Z
S-703152,ORD-44402,P-PW-1802,Nhava Sheva,Rotterdam,3,ocean,MV BALTIC PIONEER,9374270,Rotterdam approach,2026-05-30T09:36Z,NLRTM,LOW,0.4,CR-DSVS,L-INNSA-NLRTM,17119.0,36.3,2120.0,EXW,8,premium,2026-05-29T12:00Z,0.9,,2026-05-27T15:36Z
S-703153,ORD-48088,P-PK-4500,Tianjin,Łódź Rail Terminal,5,rail,DB SCH-4556,N/A,approaching Łódź Rail Terminal,2026-05-23T16:48Z,PLLDZ,LOW,0.2,CR-DBSC,L-CNTAO-PLLDZ,15509.0,41.4,3211.0,DDP,none,economy,2026-05-21T12:00Z,2.2,delayed,2026-05-21T22:48Z
S-703154,ORD-45613,P-PW-1801,Hamburg,Santos,35,ocean,MV ARCTIC BREEZE,9211492,64 nm from Santos,2026-06-10T12:00Z,BRSSZ,MEDIUM,1.7,CR-MAEU,L-DEHAM-BRSSZ,3322.0,46.3,254.0,CIF,none,standard,2026-06-08T12:00Z,2.0,,2026-06-09T22:00Z
S-703155,ORD-48514,P-CH-2230,Hamburg,Durban,12,ocean,MV ATLANTIC CRYSTAL,9420323,approaching Durban,2026-05-21T19:12Z,ZADUR,MEDIUM,1.5,CR-CMDU,L-DEHAM-ZADUR,22078.0,28.0,179.0,DAP,none,premium,2026-05-20T12:00Z,1.3,,2026-05-19T06:12Z
S-703156,ORD-46236,P-MC-7200,Rotterdam,New York/New Jersey,13,ocean,MV BALTIC VICTORY,9276703,off Rotterdam,2026-05-26T09:36Z,USNYC,MEDIUM,1.6,CR-PILU,L-NLRTM-USNYC,20058.0,38.5,38818.0,DDU,none,standard,2026-05-22T12:00Z,3.9,,2026-05-24T17:36Z
S-703157,ORD-48557,P-MC-7100,Yantian,Callao (Lima),14,ocean,MV ASIAN VICTORY,9774374,133 nm from Callao (Lima),2026-06-16T19:12Z,PEMRI,LOW,0.9,CR-YMLU,L-CNYTN-PEMRI,14624.0,24.7,635.0,DDU,3,standard,2026-06-16T12:00Z,0.3,,2026-06-14T16:12Z
S-703158,ORD-48394,P-MC-7102,Salalah,Rotterdam,24,ocean,MV CALEDONIAN EXPRESS,9132735,19 nm from Rotterdam,2026-05-27T14:24Z,NLRTM,LOW,0.4,CR-CMDU,L-OMSLL-NLRTM,1180.0,47.9,28.0,DDU,none,standard,2026-05-27T12:00Z,0.1,,2026-05-26T12:24Z
S-703159,ORD-47369,P-EL-9001,Mundra,Felixstowe,14,ocean,MV ARCTIC PIONEER,9963851,in transit,2026-05-23T02:24Z,GBFXT,MEDIUM,0.9,CR-CMDU,L-INMUN-GBFXT,18459.0,32.7,153.0,CIF,8,premium,2026-05-22T12:00Z,0.6,,2026-05-21T23:24Z
S-703160,ORD-49454,P-PK-4500,Ningbo,Rotterdam,24,ocean,MV TROPIC CRYSTAL,9742913,in transit,2026-06-14T04:48Z,NLRTM,LOW,0.4,CR-PILU,L-CNNGB-NLRTM,21298.0,57.3,5604.0,FOB,3,premium,2026-06-11T12:00Z,2.7,,2026-06-12T02:48Z
S-703161,ORD-47613,P-PW-1801,Hamburg,Genoa,35,road,DACHSE-9004,N/A,approaching Genoa,2026-05-26T00:00Z,ITGOA,MEDIUM,1.2,CR-DACH,L-DEHAM-ITGOA,15609.0,44.5,43170.0,FOB,none,standard,2026-05-24T12:00Z,1.5,,2026-05-23T10:00Z
S-703162,ORD-46560,P-CH-2230,Salalah,Rotterdam,15,ocean,MV CALEDONIAN EXPRESS,9946627,in transit,2026-05-24T07:12Z,NLRTM,LOW,0.4,CR-MAEU,L-OMSLL-NLRTM,19663.0,51.6,12747.0,EXW,3,standard,2026-05-24T12:00Z,-0.2,,2026-05-24T01:12Z
S-703163,ORD-48313,P-SW-3001,Tianjin,Hamburg,9,ocean,MV TROPIC EXPRESS,9373987,approaching Hamburg,2026-06-03T07:12Z,DEHAM,HIGH,3.2,CR-CMDU,L-CNTAO-DEHAM,23821.0,8.2,2141.0,CIF,none,economy,2026-06-03T12:00Z,-0.2,,2026-06-01T11:12Z
S-703164,ORD-48242,P-SW-3002,Genoa,Charleston,13,ocean,MV IBERIAN EXPRESS,9707939,145 nm from Charleston,2026-05-23T14:24Z,USCHS,LOW,0.7,CR-COSU,L-ITGOA-USCHS,11864.0,7.8,6846.0,DAP,8,premium,2026-05-22T12:00Z,1.1,,2026-05-21T23:24Z
S-703165,ORD-47403,P-PW-1801,Genoa,Charleston,14,ocean,MV CALEDONIAN EXPRESS,9660593,off Genoa,2026-05-30T12:00Z,USCHS,LOW,0.7,CR-CMDU,L-ITGOA-USCHS,23150.0,24.6,41.0,FOB,none,premium,2026-05-28T12:00Z,2.0,,2026-05-28T03:00Z
S-703166,ORD-46958,P-SN-5001,Singapore,Rotterdam,12,ocean,MV TROPIC GUARDIAN,9266149,46 nm from Rotterdam,2026-06-11T04:48Z,NLRTM,LOW,0.4,CR-MAEU,L-SGSIN-NLRTM,7848.0,56.1,629.0,DDU,8,premium,2026-06-09T12:00Z,1.7,,2026-06-09T17:48Z
S-703167,ORD-46940,P-EL-9003,Valencia,Veracruz,13,ocean,MV TROPIC SPIRIT,9593828,Veracruz approach,2026-06-09T04:48Z,MXVER,MEDIUM,1.3,CR-PILU,L-ESVLC-MXVER,18619.0,48.1,649.0,DDU,none,standard,2026-06-08T12:00Z,0.7,,2026-06-07T05:48Z
S-703168,ORD-46459,P-CH-2210,Genoa,Charleston,35,ocean,MV ATLANTIC SPIRIT,9316876,182 nm from Charleston,2026-05-29T07:12Z,USCHS,LOW,0.7,CR-DSVS,L-ITGOA-USCHS,23723.0,49.3,148.0,DAP,none,standard,2026-05-28T12:00Z,0.8,,2026-05-27T06:12Z
S-703169,ORD-45393,P-EL-9001,Hong Kong,Frankfurt am Main Airport,33,air,CX-CARGO-840,N/A,Frankfurt am Main Airport approach,2026-05-22T07:12Z,DEFRA,LOW,0.1,CR-CXCA,L-HKHKG-DEFRA,18464.0,56.9,9709.0,DDP,none,premium,2026-05-20T12:00Z,1.8,,2026-05-21T09:12Z
S-703170,ORD-49118,P-SW-3002,Jebel Ali (Dubai),Frankfurt am Main Airport,31,air,UP-CARGO-383,N/A,approaching Frankfurt am Main Airport,2026-05-22T02:24Z,DEFRA,LOW,0.1,CR-UPSA,L-AEDXB-DEFRA,21177.0,16.8,2496.0,DDP,3,standard,2026-05-21T12:00Z,0.6,,2026-05-20T00:24Z
S-703171,ORD-47282,P-MC-7100,Hamburg,Durban,11,ocean,MV NIPPON PIONEER,9643404,approaching Durban,2026-05-26T16:48Z,ZADUR,MEDIUM,1.5,CR-EGLV,L-DEHAM-ZADUR,12348.0,16.2,1604.0,EXW,3,standard,2026-05-26T12:00Z,0.2,,2026-05-23T19:48Z
S-703172,ORD-48586,P-CH-2210,Hong Kong,Frankfurt am Main Airport,24,air,QT-CARGO-366,N/A,in transit,2026-05-23T21:36Z,DEFRA,LOW,0.1,CR-QTRA,L-HKHKG-DEFRA,114.0,32.9,2179.0,FOB,none,premium,2026-05-21T12:00Z,2.4,,2026-05-22T23:36Z
S-703173,ORD-44499,P-MC-7100,Antwerp,New York/New Jersey,34,ocean,MV BALTIC PIONEER,9721202,141 nm from New York/New Jersey,2026-06-07T07:12Z,USNYC,MEDIUM,1.6,CR-PILU,L-BEANR-USNYC,24341.0,56.7,750.0,EXW,none,premium,2026-06-02T12:00Z,4.8,vessel_change,2026-06-05T04:12Z
S-703174,ORD-48420,P-PW-1801,Chicago O'Hare Airport,Hong Kong,20,air,QT-CARGO-518,N/A,approaching Hong Kong,2026-05-24T09:36Z,HKHKG,LOW,0.8,CR-QTRA,L-USORD-HKHKG,8518.0,31.9,5602.0,DDU,none,standard,2026-05-23T12:00Z,0.9,,2026-05-23T22:36Z
S-703175,ORD-49645,P-SW-3002,Yantian,Frankfurt am Main Airport,10,air,UP-CARGO-526,N/A,off Yantian,2026-05-23T16:48Z,DEFRA,LOW,0.1,CR-UPSA,L-CNYTN-DEFRA,24334.0,35.2,765.0,CIF,none,economy,2026-05-24T12:00Z,-0.8,,2026-05-23T00:48Z
S-703176,ORD-48138,P-PW-1801,Nhava Sheva,Rotterdam,25,ocean,MV CALEDONIAN GUARDIAN,9530714,approaching Rotterdam,2026-05-20T19:12Z,NLRTM,LOW,0.4,CR-PILU,L-INNSA-NLRTM,22128.0,17.6,6785.0,EXW,3,standard,2026-05-20T12:00Z,0.3,damage,2026-05-18T04:12Z
S-703177,ORD-49052,P-MC-7200,Hamburg,Santos,1,ocean,MV NIPPON PIONEER,9958927,in transit,2026-06-15T09:36Z,BRSSZ,MEDIUM,1.7,CR-YMLU,L-DEHAM-BRSSZ,16964.0,4.9,614.0,DDU,none,premium,2026-06-13T12:00Z,1.9,damage,2026-06-13T16:36Z
S-703178,ORD-47956,P-CH-2210,Singapore,Rotterdam,34,ocean,MV PACIFIC GLORY,9451306,approaching Rotterdam,2026-05-21T14:24Z,NLRTM,LOW,0.4,CR-MAEU,L-SGSIN-NLRTM,2676.0,25.4,1620.0,DDU,none,standard,2026-05-20T12:00Z,1.1,,2026-05-18T16:24Z
S-703179,ORD-49285,P-CH-2210,Hong Kong,Frankfurt am Main Airport,16,air,AF-CARGO-627,N/A,in transit,2026-05-24T00:00Z,DEFRA,LOW,0.1,CR-AFKA,L-HKHKG-DEFRA,2066.0,52.3,867.0,EXW,none,premium,2026-05-23T12:00Z,0.5,,2026-05-23T07:00Z
S-703180,ORD-48859,P-MC-7102,Yantian,Hamburg,5,ocean,MV ATLANTIC SPIRIT,9277922,approaching Hamburg,2026-05-25T07:12Z,DEHAM,HIGH,3.2,CR-ZIMU,L-CNYTN-DEHAM,2191.0,31.7,3320.0,DAP,none,economy,2026-05-24T12:00Z,0.8,,2026-05-22T10:12Z
S-703181,ORD-48429,P-MC-7102,Yokohama,Los Angeles,20,ocean,MV TROPIC SPIRIT,9945505,approaching Los Angeles,2026-05-29T09:36Z,USLAX,HIGH,2.6,CR-CMDU,L-JPYOK-USLAX,971.0,45.9,5229.0,FOB,none,premium,2026-05-26T12:00Z,2.9,,2026-05-28T16:36Z
S-703182,ORD-44231,P-EL-9001,Shanghai,Düsseldorf Rail Terminal,31,rail,DB SCH-9257,N/A,off Shanghai,2026-05-21T19:12Z,DEDUS,LOW,0.2,CR-DBSC,L-CNSHA-DEDUS,21700.0,27.2,5744.0,FOB,none,standard,2026-05-20T12:00Z,1.3,,2026-05-18T21:12Z
S-703183,ORD-47914,P-PK-4500,Singapore,Rotterdam,35,ocean,MV NIPPON CRYSTAL,9527218,in transit,2026-06-09T00:00Z,NLRTM,LOW,0.4,CR-EGLV,L-SGSIN-NLRTM,9121.0,8.3,5363.0,DDP,none,standard,2026-06-08T12:00Z,0.5,,2026-06-06T22:00Z
S-703184,ORD-44819,P-CH-2230,Busan,New York/New Jersey,1,ocean,MV BALTIC STAR,9231692,off Busan,2026-05-22T12:00Z,USNYC,MEDIUM,1.6,CR-YMLU,L-KRPUS-USNYC,1802.0,47.4,4792.0,EXW,none,premium,2026-05-24T12:00Z,-2.0,,2026-05-21T11:00Z
S-703185,ORD-47222,P-SW-3002,Singapore,Rotterdam,9,ocean,MV BALTIC TRADER,9179150,in transit,2026-05-27T02:24Z,NLRTM,LOW,0.4,CR-ZIMU,L-SGSIN-NLRTM,7131.0,58.6,5159.0,EXW,none,standard,2026-05-25T12:00Z,1.6,,2026-05-25T23:24Z
S-703186,ORD-45604,P-EL-9001,Tianjin,Łódź Rail Terminal,1,rail,DB SCH-4277,N/A,Łódź Rail Terminal approach,2026-06-04T07:12Z,PLLDZ,LOW,0.2,CR-DBSC,L-CNTAO-PLLDZ,6061.0,19.6,1056.0,EXW,8,premium,2026-06-03T12:00Z,0.8,port_congestion,2026-06-02T13:12Z
S-703187,ORD-47775,P-EL-9102,Hamburg,Genoa,18,road,XPO LO-5967,N/A,in transit,2026-05-21T04:48Z,ITGOA,MEDIUM,1.2,CR-XPOT,L-DEHAM-ITGOA,6971.0,29.8,66.0,CIF,8,premium,2026-05-20T12:00Z,0.7,,2026-05-19T19:48Z
S-703188,ORD-47339,P-PW-1801,Hong Kong,Rotterdam,5,ocean,MV IBERIAN SPIRIT,9873373,off Hong Kong,2026-05-27T16:48Z,NLRTM,LOW,0.4,CR-KNES,L-HKHKG-NLRTM,18437.0,13.3,2542.0,DAP,none,premium,2026-05-26T12:00Z,1.2,,2026-05-25T03:48Z
S-703189,ORD-44130,P-EL-9101,Shanghai,Rotterdam,7,ocean,MV ARCTIC GUARDIAN,9450241,147 nm from Rotterdam,2026-05-22T00:00Z,NLRTM,LOW,0.4,CR-DSVS,L-CNSHA-NLRTM,12205.0,44.0,32132.0,CIF,3,economy,2026-05-20T12:00Z,1.5,,2026-05-19T14:00Z
S-703190,ORD-49528,P-PW-1801,Shanghai,Rotterdam,4,ocean,MV ARCTIC GUARDIAN,9522901,Rotterdam approach,2026-06-13T02:24Z,NLRTM,LOW,0.4,CR-ONEY,L-CNSHA-NLRTM,1582.0,33.4,4940.0,DDP,8,premium,2026-06-12T12:00Z,0.6,,2026-06-11T18:24Z
S-703191,ORD-49221,P-MC-7101,Hong Kong,Rotterdam,14,ocean,MV NIPPON EXPRESS,9169320,approaching Rotterdam,2026-06-02T21:36Z,NLRTM,LOW,0.4,CR-YMLU,L-HKHKG-NLRTM,19725.0,24.2,522.0,DDP,3,standard,2026-06-01T12:00Z,1.4,,2026-05-30T22:36Z
S-703192,ORD-48968,P-CH-2211,Hamburg,Santos,36,ocean,MV NIPPON CRYSTAL,9251802,in transit,2026-06-06T12:00Z,BRSSZ,MEDIUM,1.7,CR-HLCU,L-DEHAM-BRSSZ,15488.0,37.2,147.0,DDU,none,standard,2026-06-02T12:00Z,4.0,,2026-06-04T23:00Z
S-703193,ORD-49586,P-PW-1850,Hong Kong,Oakland,22,ocean,MV ARCTIC STAR,9572792,approaching Oakland,2026-06-05T02:24Z,USOAK,MEDIUM,1.4,CR-PILU,L-HKHKG-USOAK,1569.0,37.1,306.0,CIF,none,standard,2026-06-05T12:00Z,-0.4,,2026-06-04T22:24Z
S-703194,ORD-48182,P-MC-7100,Yantian,Los Angeles,34,ocean,MV ATLANTIC VICTORY,9689885,approaching Los Angeles,2026-05-29T21:36Z,USLAX,HIGH,2.6,CR-COSU,L-CNYTN-USLAX,19177.0,3.9,13574.0,CIF,none,premium,2026-05-28T12:00Z,1.4,,2026-05-27T01:36Z
S-703195,ORD-46318,P-MC-7200,Qingdao,Le Havre,23,ocean,MV PACIFIC PIONEER,9193291,Le Havre approach,2026-06-06T19:12Z,FRLEH,MEDIUM,1.0,CR-ZIMU,L-CNQIN-FRLEH,19071.0,49.3,44648.0,EXW,none,premium,2026-06-04T12:00Z,2.3,,2026-06-05T21:12Z
S-703196,ORD-47477,P-SW-3001,Hong Kong,Rotterdam,8,ocean,MV BALTIC GLORY,9707331,in transit,2026-06-12T16:48Z,NLRTM,LOW,0.4,CR-HMMU,L-HKHKG-NLRTM,20850.0,39.8,1236.0,FOB,none,economy,2026-06-14T12:00Z,-1.8,,2026-06-11T19:48Z
S-703197,ORD-46473,P-MC-7200,Yantian,Hamburg,24,ocean,MV NORDIC GLORY,9448939,approaching Hamburg,2026-05-22T19:12Z,DEHAM,HIGH,3.2,CR-ONEY,L-CNYTN-DEHAM,25247.0,48.3,1189.0,DDU,none,premium,2026-05-22T12:00Z,0.3,,2026-05-21T23:12Z
S-703198,ORD-48992,P-MC-7200,Tokyo,Vancouver,3,ocean,MV TROPIC GUARDIAN,9720891,approaching Vancouver,2026-05-28T16:48Z,CASOG,LOW,0.6,CR-DSVS,L-JPTYO-CASOG,23197.0,5.4,1648.0,CIF,none,premium,2026-05-23T12:00Z,5.2,damage,2026-05-28T08:48Z
S-703199,ORD-48935,P-EL-9003,Hong Kong,Rotterdam,35,ocean,MV NIPPON CRYSTAL,9380468,in transit,2026-05-21T09:36Z,NLRTM,LOW,0.4,CR-COSU,L-HKHKG-NLRTM,21296.0,30.9,6879.0,DDU,none,standard,2026-05-21T12:00Z,-0.1,,2026-05-20T05:36Z
S-703200,ORD-47113,P-SW-3001,Hamburg,Durban,30,ocean,MV PACIFIC CRYSTAL,9200930,approaching Durban,2026-05-23T16:48Z,ZADUR,MEDIUM,1.5,CR-DSVS,L-DEHAM-ZADUR,21901.0,30.1,12271.0,FOB,none,standard,2026-05-22T12:00Z,1.2,,2026-05-21T05:48Z
S-703201,ORD-44636,P-MC-7101,Genoa,Charleston,36,ocean,MV TROPIC PIONEER,9700227,Charleston approach,2026-05-21T14:24Z,USCHS,LOW,0.7,CR-COSU,L-ITGOA-USCHS,5393.0,53.5,4074.0,EXW,none,standard,2026-05-20T12:00Z,1.1,,2026-05-21T08:24Z
S-703202,ORD-49976,P-CH-2230,Antwerp,New York/New Jersey,28,ocean,MV ARCTIC CRYSTAL,9741298,190 nm from New York/New Jersey,2026-06-03T09:36Z,USNYC,MEDIUM,1.6,CR-HLCU,L-BEANR-USNYC,23794.0,10.1,469.0,DDU,9,standard,2026-06-03T12:00Z,-0.1,,2026-05-31T22:36Z
S-703203,ORD-47944,P-CH-2211,Hamburg,Genoa,10,road,XPO LO-7986,N/A,in transit,2026-05-21T16:48Z,ITGOA,MEDIUM,1.2,CR-XPOT,L-DEHAM-ITGOA,18021.0,34.4,7836.0,DDP,none,standard,2026-05-21T12:00Z,0.2,delayed,2026-05-19T12:48Z
S-703204,ORD-46286,P-PW-1802,Jebel Ali (Dubai),Frankfurt am Main Airport,22,air,CX-CARGO-117,N/A,in transit,2026-05-24T02:24Z,DEFRA,LOW,0.1,CR-CXCA,L-AEDXB-DEFRA,17140.0,48.7,5692.0,DAP,none,standard,2026-05-23T12:00Z,0.6,vessel_change,2026-05-23T21:24Z
S-703205,ORD-45940,P-CH-2210,Busan,New York/New Jersey,27,ocean,MV ATLANTIC CRYSTAL,9261001,approaching New York/New Jersey,2026-06-19T21:36Z,USNYC,MEDIUM,1.6,CR-COSU,L-KRPUS-USNYC,11845.0,52.8,1173.0,FOB,3,standard,2026-06-20T12:00Z,-0.6,,2026-06-17T12:36Z
S-703206,ORD-48606,P-PK-4500,Valencia,Veracruz,2,ocean,MV IBERIAN STAR,9888587,off Valencia,2026-06-06T02:24Z,MXVER,MEDIUM,1.3,CR-HMMU,L-ESVLC-MXVER,25438.0,56.7,2608.0,DAP,none,standard,2026-06-04T12:00Z,1.6,,2026-06-04T14:24Z
S-703207,ORD-46724,P-SW-3002,Busan,Los Angeles,2,ocean,MV BALTIC GLORY,9283104,approaching Los Angeles,2026-05-25T02:24Z,USLAX,HIGH,2.6,CR-PILU,L-KRPUS-USLAX,17646.0,3.6,2528.0,DDU,none,premium,2026-05-25T12:00Z,-0.4,,2026-05-22T03:24Z
S-703208,ORD-46580,P-EL-9001,Hamburg,Genoa,26,road,DACHSE-5147,N/A,in transit,2026-05-24T14:24Z,ITGOA,MEDIUM,1.2,CR-DACH,L-DEHAM-ITGOA,23930.0,51.5,1395.0,FOB,none,premium,2026-05-22T12:00Z,2.1,,2026-05-22T17:24Z
S-703209,ORD-44537,P-CH-2211,Hamburg,Durban,31,ocean,MV CALEDONIAN TRADER,9238187,approaching Durban,2026-06-15T09:36Z,ZADUR,MEDIUM,1.5,CR-ZIMU,L-DEHAM-ZADUR,22591.0,13.1,180.0,DDP,none,standard,2026-06-15T12:00Z,-0.1,,2026-06-14T02:36Z
S-703210,ORD-46913,P-EL-9003,Ningbo,Rotterdam,16,ocean,MV PACIFIC GUARDIAN,9308392,in transit,2026-06-19T07:12Z,NLRTM,LOW,0.4,CR-ZIMU,L-CNNGB-NLRTM,23340.0,45.1,943.0,DAP,none,economy,2026-06-17T12:00Z,1.8,,2026-06-17T19:12Z
S-703211,ORD-47456,P-SW-3001,Shanghai,New York/New Jersey,33,ocean,MV CALEDONIAN CRYSTAL,9141349,192 nm from New York/New Jersey,2026-05-25T14:24Z,USNYC,MEDIUM,1.6,CR-EGLV,L-CNSHA-USNYC,25372.0,9.7,5171.0,DAP,none,standard,2026-05-25T12:00Z,0.1,,2026-05-23T10:24Z
S-703212,ORD-45114,P-EL-9003,Shanghai,Hamburg,9,ocean,MV ATLANTIC SPIRIT,9475658,Hamburg approach,2026-05-19T07:12Z,DEHAM,HIGH,3.2,CR-COSU,L-CNSHA-DEHAM,6000.0,29.0,13744.0,DAP,none,economy,2026-05-20T12:00Z,-1.2,,2026-05-17T08:12Z
S-703213,ORD-44814,P-SN-5001,Hamburg,Santos,17,ocean,MV CALEDONIAN EXPRESS,9831885,approaching Santos,2026-05-25T02:24Z,BRSSZ,MEDIUM,1.7,CR-YMLU,L-DEHAM-BRSSZ,17868.0,29.2,104790.0,DAP,none,economy,2026-05-24T12:00Z,0.6,port_congestion,2026-05-24T20:24Z
S-703214,ORD-49070,P-PW-1802,Valencia,Veracruz,31,ocean,MV NIPPON CRYSTAL,9870365,off Valencia,2026-06-05T16:48Z,MXVER,MEDIUM,1.3,CR-MSCU,L-ESVLC-MXVER,21966.0,23.4,1141.0,DDU,3,standard,2026-06-04T12:00Z,1.2,,2026-06-04T13:48Z
S-703215,ORD-44211,P-SW-3001,Busan,New York/New Jersey,23,ocean,MV ASIAN GLORY,9693065,off Busan,2026-06-08T00:00Z,USNYC,MEDIUM,1.6,CR-ONEY,L-KRPUS-USNYC,24840.0,18.0,6758.0,CIF,8,premium,2026-06-06T12:00Z,1.5,delayed,2026-06-05T01:00Z
S-703216,ORD-49418,P-EL-9001,Hong Kong,Frankfurt am Main Airport,20,air,UP-CARGO-680,N/A,off Hong Kong,2026-05-20T07:12Z,DEFRA,LOW,0.1,CR-UPSA,L-HKHKG-DEFRA,22780.0,21.1,3592.0,DDP,3,economy,2026-05-21T12:00Z,-1.2,,2026-05-17T12:12Z
S-703217,ORD-46830,P-EL-9003,Yokohama,Los Angeles,22,ocean,MV NORDIC PIONEER,9762510,off Yokohama,2026-05-29T04:48Z,USLAX,HIGH,2.6,CR-PILU,L-JPYOK-USLAX,7471.0,13.3,108.0,FOB,8,economy,2026-05-30T12:00Z,-1.3,,2026-05-27T14:48Z
S-703218,ORD-47364,P-PW-1802,Tokyo,Vancouver,29,ocean,MV NIPPON VICTORY,9800452,Vancouver approach,2026-05-29T02:24Z,CASOG,LOW,0.6,CR-YMLU,L-JPTYO-CASOG,4677.0,49.3,265.0,FOB,8,economy,2026-05-29T12:00Z,-0.4,,2026-05-26T14:24Z
S-703219,ORD-48703,P-MC-7200,Hong Kong,Rotterdam,8,ocean,MV ASIAN EXPRESS,9819611,in transit,2026-06-08T19:12Z,NLRTM,LOW,0.4,CR-ONEY,L-HKHKG-NLRTM,6898.0,47.6,29002.0,CIF,none,premium,2026-06-08T12:00Z,0.3,,2026-06-06T01:12Z
S-703220,ORD-49189,P-EL-9003,Yantian,Hamburg,12,ocean,MV TROPIC STAR,9146306,in transit,2026-06-09T04:48Z,DEHAM,HIGH,3.2,CR-DSVS,L-CNYTN-DEHAM,1510.0,11.9,928.0,FOB,8,premium,2026-06-09T12:00Z,-0.3,,2026-06-07T02:48Z
S-703221,ORD-48444,P-MC-7200,Hamburg,Durban,7,ocean,MV BALTIC VICTORY,9129972,169 nm from Durban,2026-06-13T02:24Z,ZADUR,MEDIUM,1.5,CR-MAEU,L-DEHAM-ZADUR,22307.0,41.3,34852.0,DAP,9,premium,2026-06-10T12:00Z,2.6,,2026-06-10T08:24Z
S-703222,ORD-44236,P-PK-4500,Hong Kong,Frankfurt am Main Airport,11,air,DH-CARGO-326,N/A,off Hong Kong,2026-05-21T04:48Z,DEFRA,LOW,0.1,CR-DHLA,L-HKHKG-DEFRA,16107.0,29.5,13711.0,DDU,none,premium,2026-05-20T12:00Z,0.7,,2026-05-19T23:48Z
S-703223,ORD-47446,P-EL-9101,Salalah,Rotterdam,35,ocean,MV NIPPON EXPRESS,9402303,19 nm from Rotterdam,2026-06-01T04:48Z,NLRTM,LOW,0.4,CR-HMMU,L-OMSLL-NLRTM,10452.0,1.6,513.0,EXW,none,economy,2026-06-01T12:00Z,-0.3,,2026-05-29T11:48Z
S-703224,ORD-44082,P-EL-9102,Genoa,Charleston,28,ocean,MV NIPPON GUARDIAN,9620610,in transit,2026-05-25T14:24Z,USCHS,LOW,0.7,CR-CMDU,L-ITGOA-USCHS,25451.0,14.1,1481.0,DDP,9,premium,2026-05-26T12:00Z,-0.9,,2026-05-25T09:24Z
S-703225,ORD-46383,P-PK-4501,Genoa,Charleston,33,ocean,MV BALTIC GUARDIAN,9302185,off Genoa,2026-06-05T02:24Z,USCHS,LOW,0.7,CR-COSU,L-ITGOA-USCHS,11454.0,1.5,9406.0,DAP,none,premium,2026-06-03T12:00Z,1.6,port_congestion,2026-06-03T14:24Z
S-703226,ORD-46935,P-CH-2230,Rotterdam,New York/New Jersey,19,ocean,MV NIPPON GLORY,9861869,off Rotterdam,2026-05-29T07:12Z,USNYC,MEDIUM,1.6,CR-MSCU,L-NLRTM-USNYC,11790.0,0.7,685.0,FOB,none,economy,2026-05-26T12:00Z,2.8,,2026-05-28T19:12Z
S-703227,ORD-44792,P-SW-3001,Yokohama,Los Angeles,17,ocean,MV IBERIAN VICTORY,9800922,Los Angeles approach,2026-06-04T02:24Z,USLAX,HIGH,2.6,CR-PILU,L-JPYOK-USLAX,21655.0,56.0,3709.0,DDU,none,premium,2026-06-05T12:00Z,-1.4,,2026-06-01T02:24Z
S-703228,ORD-48856,P-CH-2210,Busan,Los Angeles,34,ocean,MV PACIFIC STAR,9365680,approaching Los Angeles,2026-06-02T09:36Z,USLAX,HIGH,2.6,CR-MSCU,L-KRPUS-USLAX,20620.0,14.9,1094.0,DDP,none,standard,2026-05-25T12:00Z,7.9,delayed,2026-06-01T16:36Z
S-703229,ORD-49522,P-PK-4500,Shanghai,Rotterdam,9,ocean,MV ASIAN PIONEER,9852370,approaching Rotterdam,2026-06-05T12:00Z,NLRTM,LOW,0.4,CR-KNES,L-CNSHA-NLRTM,8925.0,22.8,746.0,DDU,none,economy,2026-06-05T12:00Z,0.0,,2026-06-04T17:00Z
S-703230,ORD-47367,P-PK-4500,Singapore,Frankfurt am Main Airport,36,air,UP-CARGO-707,N/A,146 nm from Frankfurt am Main Airport,2026-05-23T00:00Z,DEFRA,LOW,0.1,CR-UPSA,L-SGSIN-DEFRA,2756.0,20.0,4787.0,DAP,none,standard,2026-05-22T12:00Z,0.5,,2026-05-22T07:00Z
S-703231,ORD-44038,P-PW-1802,Genoa,Charleston,27,ocean,MV IBERIAN VICTORY,9965035,off Genoa,2026-06-04T12:00Z,USCHS,LOW,0.7,CR-HLCU,L-ITGOA-USCHS,17526.0,46.8,8274.0,EXW,9,standard,2026-06-05T12:00Z,-1.0,,2026-06-03T13:00Z
S-703232,ORD-47027,P-MC-7101,New York/New Jersey,London Heathrow Airport,6,air,QT-CARGO-688,N/A,off New York/New Jersey,2026-05-23T19:12Z,LHRGB,LOW,0.1,CR-QTRA,L-USNYC-LHRGB,24307.0,36.2,250000,DAP,none,standard,2026-05-22T12:00Z,1.3,damage,2026-05-21T15:12Z
S-703233,ORD-44628,P-SN-5001,Hong Kong,Rotterdam,1,ocean,MV NIPPON SPIRIT,9503546,in transit,2026-06-05T02:24Z,NLRTM,LOW,0.4,CR-KNES,L-HKHKG-NLRTM,6633.0,29.3,1163.0,DDU,9,standard,2026-06-01T12:00Z,3.6,,2026-06-02T18:24Z
S-703234,ORD-46279,P-PW-1802,Yantian,Los Angeles,9,ocean,MV TROPIC VICTORY,9309888,126 nm from Los Angeles,2026-05-25T16:48Z,USLAX,HIGH,2.6,CR-ONEY,L-CNYTN-USLAX,7126.0,32.0,447.0,DAP,3,premium,2026-05-26T12:00Z,-0.8,,2026-05-24T15:48Z
S-703235,ORD-48582,P-MC-7102,Yokohama,Los Angeles,15,ocean,MV ATLANTIC GLORY,9317500,approaching Los Angeles,2026-05-26T12:00Z,USLAX,HIGH,2.6,CR-COSU,L-JPYOK-USLAX,25103.0,27.1,8405.0,DDP,none,premium,2026-05-23T12:00Z,3.0,,2026-05-24T11:00Z
S-703236,ORD-45605,P-SW-3001,Antwerp,New York/New Jersey,6,ocean,MV PACIFIC TRADER,9209341,New York/New Jersey approach,2026-05-30T14:24Z,USNYC,MEDIUM,1.6,CR-ONEY,L-BEANR-USNYC,11849.0,6.2,260.0,EXW,8,economy,2026-05-25T12:00Z,5.1,customs_hold,2026-05-30T02:24Z
S-703237,ORD-48647,P-MC-7101,Ningbo,Rotterdam,35,ocean,MV ATLANTIC EXPRESS,9620962,in transit,2026-06-13T12:00Z,NLRTM,LOW,0.4,CR-ZIMU,L-CNNGB-NLRTM,22052.0,15.6,5146.0,DAP,none,economy,2026-06-10T12:00Z,3.0,port_congestion,2026-06-11T06:00Z
S-703238,ORD-45150,P-EL-9101,Hamburg,Durban,22,ocean,MV ASIAN BREEZE,9648390,Durban approach,2026-06-12T07:12Z,ZADUR,MEDIUM,1.5,CR-COSU,L-DEHAM-ZADUR,18656.0,52.5,1005.0,EXW,none,standard,2026-06-10T12:00Z,1.8,,2026-06-09T14:12Z
S-703239,ORD-46943,P-SW-3001,Rotterdam,Santos,4,ocean,MV IBERIAN GUARDIAN,9983979,11 nm from Santos,2026-05-29T12:00Z,BRSSZ,MEDIUM,1.7,CR-EGLV,L-NLRTM-BRSSZ,9288.0,23.0,1875.0,DDP,none,standard,2026-05-30T12:00Z,-1.0,,2026-05-28T11:00Z
S-703240,ORD-45113,P-EL-9002,Busan,New York/New Jersey,4,ocean,MV NORDIC VICTORY,9593435,approaching New York/New Jersey,2026-05-30T04:48Z,USNYC,MEDIUM,1.6,CR-WHLU,L-KRPUS-USNYC,9892.0,23.8,1128.0,DAP,none,economy,2026-05-29T12:00Z,0.7,vessel_change,2026-05-28T16:48Z
S-703241,ORD-46419,P-PW-1801,Ningbo,Rotterdam,1,ocean,MV TROPIC GLORY,9401115,off Ningbo,2026-05-26T14:24Z,NLRTM,LOW,0.4,CR-WHLU,L-CNNGB-NLRTM,6747.0,16.7,334.0,DDP,9,standard,2026-05-26T12:00Z,0.1,port_congestion,2026-05-25T09:24Z
S-703242,ORD-44121,P-MC-7101,Yantian,Hamburg,1,ocean,MV NORDIC PIONEER,9883095,184 nm from Hamburg,2026-06-18T00:00Z,DEHAM,HIGH,3.2,CR-HMMU,L-CNYTN-DEHAM,21535.0,10.4,73.0,DDU,none,standard,2026-06-17T12:00Z,0.5,,2026-06-15T07:00Z
S-703243,ORD-49605,P-CH-2230,Shanghai,Düsseldorf Rail Terminal,33,rail,DB SCH-9010,N/A,Düsseldorf Rail Terminal approach,2026-06-05T12:00Z,DEDUS,LOW,0.2,CR-DBSC,L-CNSHA-DEDUS,19711.0,51.2,12024.0,FOB,9,premium,2026-06-04T12:00Z,1.0,,2026-06-05T04:00Z
S-703244,ORD-48752,P-EL-9001,Yantian,Frankfurt am Main Airport,34,air,CX-CARGO-858,N/A,off Yantian,2026-05-24T04:48Z,DEFRA,LOW,0.1,CR-CXCA,L-CNYTN-DEFRA,18352.0,40.3,43828.0,FOB,8,standard,2026-05-22T12:00Z,1.7,customs_hold,2026-05-22T08:48Z
S-703245,ORD-49957,P-CH-2210,Qingdao,Le Havre,17,ocean,MV IBERIAN PIONEER,9518395,in transit,2026-06-07T12:00Z,FRLEH,MEDIUM,1.0,CR-MAEU,L-CNQIN-FRLEH,14045.0,7.7,287.0,DDP,none,premium,2026-06-05T12:00Z,2.0,,2026-06-04T17:00Z
S-703246,ORD-45259,P-MC-7100,Shanghai,Rotterdam,9,ocean,MV ASIAN EXPRESS,9716393,approaching Rotterdam,2026-06-15T16:48Z,NLRTM,LOW,0.4,CR-MSCU,L-CNSHA-NLRTM,133.0,43.7,8354.0,DAP,none,economy,2026-06-14T12:00Z,1.2,damage,2026-06-15T11:48Z
S-703247,ORD-45284,P-EL-9002,Yokohama,Los Angeles,28,ocean,MV ARCTIC SPIRIT,9308352,off Yokohama,2026-05-25T09:36Z,USLAX,HIGH,2.6,CR-WHLU,L-JPYOK-USLAX,22793.0,58.5,24734.0,DDP,3,standard,2026-05-21T12:00Z,3.9,damage,2026-05-23T10:36Z
S-703248,ORD-46689,P-EL-9003,Tianjin,Łódź Rail Terminal,15,rail,DB SCH-3127,N/A,approaching Łódź Rail Terminal,2026-06-03T21:36Z,PLLDZ,LOW,0.2,CR-DBSC,L-CNTAO-PLLDZ,16646.0,37.8,2123.0,DDU,none,standard,2026-06-03T12:00Z,0.4,,2026-06-03T08:36Z
S-703249,ORD-46723,P-MC-7100,Hamburg,Durban,27,ocean,MV BALTIC SPIRIT,9119815,176 nm from Durban,2026-05-22T19:12Z,ZADUR,MEDIUM,1.5,CR-KNES,L-DEHAM-ZADUR,10585.0,58.6,1906.0,DDU,none,economy,2026-05-22T12:00Z,0.3,,2026-05-20T06:12Z
S-703250,ORD-45828,P-EL-9102,Shanghai,Düsseldorf Rail Terminal,19,rail,DB SCH-1321,N/A,off Shanghai,2026-05-23T21:36Z,DEDUS,LOW,0.2,CR-DBSC,L-CNSHA-DEDUS,5400.0,38.8,606.0,DDU,none,economy,2026-05-24T12:00Z,-0.6,,2026-05-22T22:36Z
S-703251,ORD-49637,P-CH-2210,Nhava Sheva,Rotterdam,15,ocean,MV BALTIC TRADER,9627789,in transit,2026-06-08T00:00Z,NLRTM,LOW,0.4,CR-CMDU,L-INNSA-NLRTM,6785.0,7.4,13517.0,DAP,none,standard,2026-06-08T12:00Z,-0.5,,2026-06-07T03:00Z
S-703252,ORD-45659,P-PK-4500,Tianjin,Łódź Rail Terminal,19,rail,DB SCH-5989,N/A,approaching Łódź Rail Terminal,2026-05-22T21:36Z,PLLDZ,LOW,0.2,CR-DBSC,L-CNTAO-PLLDZ,14246.0,14.0,250000,DDP,3,standard,2026-05-21T12:00Z,1.4,vessel_change,2026-05-22T15:36Z
S-703253,ORD-46423,P-SW-3001,Busan,Los Angeles,33,ocean,MV CALEDONIAN GUARDIAN,9313998,approaching Los Angeles,2026-05-26T07:12Z,USLAX,HIGH,2.6,CR-YMLU,L-KRPUS-USLAX,11831.0,38.2,1642.0,CIF,none,economy,2026-05-21T12:00Z,4.8,port_congestion,2026-05-23T07:12Z
S-703254,ORD-44224,P-SW-3001,Hong Kong,Frankfurt am Main Airport,25,air,LH-CARGO-541,N/A,Frankfurt am Main Airport approach,2026-05-23T16:48Z,DEFRA,LOW,0.1,CR-LHCA,L-HKHKG-DEFRA,5409.0,4.1,13576.0,FOB,none,premium,2026-05-22T12:00Z,1.2,,2026-05-21T13:48Z
S-703255,ORD-45424,P-EL-9101,Los Angeles,Sydney Kingsford Smith Airport,35,air,CX-CARGO-578,N/A,off Los Angeles,2026-05-23T21:36Z,AUSYD,LOW,0.1,CR-CXCA,L-USLAX-AUSYD,10278.0,17.4,13.0,DAP,none,premium,2026-05-22T12:00Z,1.4,,2026-05-22T05:36Z
S-703256,ORD-44413,P-CH-2230,Yantian,Hamburg,23,ocean,MV NORDIC EXPRESS,9829188,124 nm from Hamburg,2026-06-11T02:24Z,DEHAM,HIGH,3.2,CR-WHLU,L-CNYTN-DEHAM,5262.0,18.8,36.0,CIF,8,economy,2026-06-10T12:00Z,0.6,,2026-06-09T05:24Z
S-703257,ORD-49596,P-CH-2210,Shanghai,Rotterdam,18,ocean,MV ASIAN TRADER,9510780,Rotterdam approach,2026-06-12T02:24Z,NLRTM,LOW,0.4,CR-CMDU,L-CNSHA-NLRTM,25083.0,43.8,1901.0,DDU,8,premium,2026-06-11T12:00Z,0.6,,2026-06-10T21:24Z
S-703258,ORD-48997,P-SN-5001,Nhava Sheva,Rotterdam,3,ocean,MV IBERIAN EXPRESS,9212628,Rotterdam approach,2026-06-11T19:12Z,NLRTM,LOW,0.4,CR-YMLU,L-INNSA-NLRTM,22704.0,27.1,766.0,DAP,none,standard,2026-06-11T12:00Z,0.3,,2026-06-11T12:12Z
S-703259,ORD-46423,P-MC-7102,Tianjin,Łódź Rail Terminal,5,rail,DB SCH-7032,N/A,145 nm from Łódź Rail Terminal,2026-06-07T16:48Z,PLLDZ,LOW,0.2,CR-DBSC,L-CNTAO-PLLDZ,20311.0,8.4,46691.0,EXW,none,standard,2026-06-07T12:00Z,0.2,,2026-06-05T12:48Z
S-703260,ORD-44803,P-PK-4501,Shanghai,New York/New Jersey,12,ocean,MV NIPPON GLORY,9599959,off Shanghai,2026-06-05T09:36Z,USNYC,MEDIUM,1.6,CR-ONEY,L-CNSHA-USNYC,8484.0,24.9,13059.0,EXW,8,premium,2026-06-06T12:00Z,-1.1,,2026-06-04T23:36Z
S-703261,ORD-45456,P-EL-9102,Busan,Los Angeles,23,ocean,MV TROPIC GUARDIAN,9436583,155 nm from Los Angeles,2026-06-08T21:36Z,USLAX,HIGH,2.6,CR-MSCU,L-KRPUS-USLAX,25280.0,58.5,5221.0,DAP,none,economy,2026-06-06T12:00Z,2.4,,2026-06-08T12:36Z
S-703262,ORD-47138,P-PK-4500,Hamburg,Genoa,33,road,DACHSE-6677,N/A,in transit,2026-05-23T14:24Z,ITGOA,MEDIUM,1.2,CR-DACH,L-DEHAM-ITGOA,22678.0,13.4,5087.0,DDU,8,standard,2026-05-24T12:00Z,-0.9,delayed,2026-05-20T23:24Z
S-703263,ORD-45665,P-MC-7100,Shanghai,New York/New Jersey,3,ocean,MV NORDIC EXPRESS,9895458,off Shanghai,2026-05-27T04:48Z,USNYC,MEDIUM,1.6,CR-MSCU,L-CNSHA-USNYC,3916.0,30.7,543.0,DDU,none,premium,2026-05-28T12:00Z,-1.3,,2026-05-27T01:48Z
S-703264,ORD-46453,P-EL-9101,Salalah,Rotterdam,21,ocean,MV NORDIC PIONEER,9284490,145 nm from Rotterdam,2026-05-25T00:00Z,NLRTM,LOW,0.4,CR-WHLU,L-OMSLL-NLRTM,19837.0,3.5,1013.0,DDP,3,standard,2026-05-23T12:00Z,1.5,,2026-05-22T23:00Z
S-703265,ORD-46674,P-SW-3002,Jebel Ali (Dubai),Frankfurt am Main Airport,6,air,UP-CARGO-325,N/A,in transit,2026-05-22T12:00Z,DEFRA,LOW,0.1,CR-UPSA,L-AEDXB-DEFRA,15986.0,9.1,448.0,DDU,none,standard,2026-05-21T12:00Z,1.0,,2026-05-21T17:00Z
S-703266,ORD-47018,P-PK-4501,Shanghai,Rotterdam,19,ocean,MV TROPIC GUARDIAN,9722424,approaching Rotterdam,2026-06-02T07:12Z,NLRTM,LOW,0.4,CR-WHLU,L-CNSHA-NLRTM,18638.0,56.3,4295.0,CIF,3,standard,2026-05-31T12:00Z,1.8,,2026-06-01T02:12Z
S-703267,ORD-47412,P-PW-1802,Frankfurt am Main Airport,Shanghai,17,air,DH-CARGO-772,N/A,off Frankfurt am Main Airport,2026-05-23T14:24Z,CNSHA,MEDIUM,1.3,CR-DHLA,L-DEFRA-CNSHA,23422.0,32.0,2365.0,DDU,none,standard,2026-05-21T12:00Z,2.1,,2026-05-22T04:24Z
S-703268,ORD-44284,P-MC-7100,Nhava Sheva,Rotterdam,25,ocean,MV ARCTIC CRYSTAL,9812507,153 nm from Rotterdam,2026-05-23T19:12Z,NLRTM,LOW,0.4,CR-CMDU,L-INNSA-NLRTM,24735.0,21.6,4354.0,CIF,3,premium,2026-05-23T12:00Z,0.3,,2026-05-22T19:12Z
S-703269,ORD-49134,P-PK-4500,Shanghai,Hamburg,5,ocean,MV BALTIC VICTORY,9823079,approaching Hamburg,2026-05-19T04:48Z,DEHAM,HIGH,3.2,CR-EGLV,L-CNSHA-DEHAM,21181.0,47.4,5866.0,CIF,none,standard,2026-05-20T12:00Z,-1.3,,2026-05-18T10:48Z
S-703270,ORD-45618,P-SW-3002,Mundra,Felixstowe,32,ocean,MV IBERIAN VICTORY,9180933,in transit,2026-06-05T19:12Z,GBFXT,MEDIUM,0.9,CR-WHLU,L-INMUN-GBFXT,6469.0,56.8,20470.0,DAP,3,standard,2026-06-07T12:00Z,-1.7,,2026-06-04T20:12Z
S-703271,ORD-47863,P-MC-7102,Yantian,Hamburg,3,ocean,MV ATLANTIC BREEZE,9457792,approaching Hamburg,2026-05-22T16:48Z,DEHAM,HIGH,3.2,CR-HLCU,L-CNYTN-DEHAM,15656.0,47.4,19515.0,DDP,none,premium,2026-05-22T12:00Z,0.2,,2026-05-20T02:48Z
S-703272,ORD-44357,P-PW-1801,Hamburg,Genoa,36,road,DACHSE-8526,N/A,off Hamburg,2026-05-24T00:00Z,ITGOA,MEDIUM,1.2,CR-DACH,L-DEHAM-ITGOA,3481.0,29.8,1851.0,FOB,none,economy,2026-05-20T12:00Z,3.5,,2026-05-22T10:00Z
S-703273,ORD-48893,P-MC-7100,Singapore,Rotterdam,7,ocean,MV NORDIC GLORY,9513681,approaching Rotterdam,2026-06-11T16:48Z,NLRTM,LOW,0.4,CR-HLCU,L-SGSIN-NLRTM,13806.0,4.3,1848.0,EXW,none,premium,2026-06-08T12:00Z,3.2,,2026-06-09T21:48Z
S-703274,ORD-46093,P-MC-7101,Yantian,Los Angeles,29,ocean,MV IBERIAN STAR,9238518,114 nm from Los Angeles,2026-05-28T21:36Z,USLAX,HIGH,2.6,CR-CMDU,L-CNYTN-USLAX,1648.0,3.6,4047.0,EXW,none,standard,2026-05-26T12:00Z,2.4,,2026-05-26T20:36Z
S-703275,ORD-45389,P-SN-5001,Yokohama,Los Angeles,28,ocean,MV ARCTIC TRADER,9743146,approaching Los Angeles,2026-06-01T12:00Z,USLAX,HIGH,2.6,CR-ONEY,L-JPYOK-USLAX,6145.0,57.9,127.0,DDU,8,standard,2026-06-03T12:00Z,-2.0,,2026-05-31T03:00Z
S-703276,ORD-47916,P-MC-7200,Rotterdam,Santos,20,ocean,MV ARCTIC CRYSTAL,9790681,178 nm from Santos,2026-05-26T04:48Z,BRSSZ,MEDIUM,1.7,CR-MSCU,L-NLRTM-BRSSZ,2224.0,59.7,689.0,CIF,none,standard,2026-05-23T12:00Z,2.7,,2026-05-25T17:48Z
S-703277,ORD-45495,P-EL-9002,Shanghai,Rotterdam,21,ocean,MV CALEDONIAN PIONEER,9605446,184 nm from Rotterdam,2026-06-19T00:00Z,NLRTM,LOW,0.4,CR-MSCU,L-CNSHA-NLRTM,2695.0,37.2,22380.0,DDU,none,standard,2026-06-19T12:00Z,-0.5,delayed,2026-06-18T09:00Z
S-703278,ORD-49084,P-CH-2211,Antwerp,New York/New Jersey,25,ocean,MV CALEDONIAN GLORY,9608825,New York/New Jersey approach,2026-05-24T02:24Z,USNYC,MEDIUM,1.6,CR-CMDU,L-BEANR-USNYC,1932.0,45.5,2289.0,EXW,none,standard,2026-05-20T12:00Z,3.6,,2026-05-23T01:24Z
S-703279,ORD-49919,P-SW-3002,Jebel Ali (Dubai),Frankfurt am Main Airport,22,air,LH-CARGO-511,N/A,approaching Frankfurt am Main Airport,2026-05-23T14:24Z,DEFRA,LOW,0.1,CR-LHCA,L-AEDXB-DEFRA,3689.0,1.3,10068.0,EXW,none,standard,2026-05-22T12:00Z,1.1,,2026-05-22T18:24Z
S-703280,ORD-49197,P-PW-1802,Shanghai,Los Angeles,32,ocean,MV NORDIC EXPRESS,9526365,off Shanghai,2026-06-05T02:24Z,USLAX,HIGH,2.6,CR-EGLV,L-CNSHA-USLAX,3984.0,51.9,3094.0,FOB,none,standard,2026-06-03T12:00Z,1.6,,2026-06-04T13:24Z
S-703281,ORD-44617,P-SW-3002,Hong Kong,Oakland,30,ocean,MV IBERIAN TRADER,9228432,in transit,2026-05-29T09:36Z,USOAK,MEDIUM,1.4,CR-HLCU,L-HKHKG-USOAK,8911.0,48.4,4664.0,FOB,8,standard,2026-05-28T12:00Z,0.9,,2026-05-29T00:36Z
S-703282,ORD-44734,P-EL-9102,Tokyo,Vancouver,11,ocean,MV ATLANTIC STAR,9244444,off Tokyo,2026-05-26T04:48Z,CASOG,LOW,0.6,CR-DSVS,L-JPTYO-CASOG,6752.0,31.4,739.0,FOB,none,standard,2026-05-22T12:00Z,3.7,,2026-05-25T04:48Z
S-703283,ORD-46762,P-CH-2210,Nhava Sheva,Rotterdam,10,ocean,MV NORDIC TRADER,9840301,off Nhava Sheva,2026-06-01T09:36Z,NLRTM,LOW,0.4,CR-COSU,L-INNSA-NLRTM,22584.0,27.3,5993.0,CIF,none,premium,2026-06-01T12:00Z,-0.1,delayed,2026-05-30T08:36Z
S-703284,ORD-46340,P-CH-2210,New York/New Jersey,London Heathrow Airport,34,air,QT-CARGO-333,N/A,off New York/New Jersey,2026-05-22T12:00Z,LHRGB,LOW,0.1,CR-QTRA,L-USNYC-LHRGB,16491.0,5.0,12126.0,DAP,none,standard,2026-05-22T12:00Z,-0.0,,2026-05-20T07:00Z
S-703285,ORD-46925,P-EL-9101,Rotterdam,Santos,10,ocean,MV ARCTIC EXPRESS,9376225,off Rotterdam,2026-05-25T12:00Z,BRSSZ,MEDIUM,1.7,CR-PILU,L-NLRTM-BRSSZ,758.0,19.4,9291.0,DDP,9,standard,2026-05-25T12:00Z,0.0,vessel_change,2026-05-23T15:00Z
S-703286,ORD-47043,P-SW-3001,Shanghai,Hamburg,18,ocean,MV BALTIC SPIRIT,9498750,71 nm from Hamburg,2026-06-22T16:48Z,DEHAM,HIGH,3.2,CR-WHLU,L-CNSHA-DEHAM,19531.0,17.0,13395.0,DDP,3,economy,2026-06-21T12:00Z,1.2,,2026-06-21T05:48Z
S-703287,ORD-47401,P-PK-4501,Yantian,Los Angeles,3,ocean,MV ASIAN BREEZE,9818763,Los Angeles approach,2026-06-08T00:00Z,USLAX,HIGH,2.6,CR-ZIMU,L-CNYTN-USLAX,10674.0,18.9,2212.0,FOB,none,economy,2026-06-08T12:00Z,-0.5,,2026-06-05T09:00Z
S-703288,ORD-47005,P-MC-7200,Jebel Ali (Dubai),Frankfurt am Main Airport,15,air,AF-CARGO-970,N/A,179 nm from Frankfurt am Main Airport,2026-05-24T19:12Z,DEFRA,LOW,0.1,CR-AFKA,L-AEDXB-DEFRA,19425.0,33.7,359.0,CIF,3,standard,2026-05-22T12:00Z,2.3,,2026-05-22T03:12Z
S-703289,ORD-48591,P-EL-9003,Singapore,Felixstowe,30,ocean,MV IBERIAN CRYSTAL,9621629,off Singapore,2026-06-20T02:24Z,GBFXT,MEDIUM,0.9,CR-ZIMU,L-SGSIN-GBFXT,8669.0,33.8,182.0,DDU,none,premium,2026-06-19T12:00Z,0.6,,2026-06-20T00:24Z
S-703290,ORD-47884,P-CH-2230,Yantian,Hamburg,28,ocean,MV IBERIAN VICTORY,9511849,155 nm from Hamburg,2026-06-25T16:48Z,DEHAM,HIGH,3.2,CR-MAEU,L-CNYTN-DEHAM,15213.0,52.0,7372.0,DAP,none,standard,2026-06-25T12:00Z,0.2,vessel_change,2026-06-25T00:48Z
S-703291,ORD-45960,P-MC-7100,Shanghai,Rotterdam,33,ocean,MV NIPPON GUARDIAN,9681247,96 nm from Rotterdam,2026-05-20T16:48Z,NLRTM,LOW,0.4,CR-YMLU,L-CNSHA-NLRTM,22809.0,0.7,852.0,FOB,none,standard,2026-05-20T12:00Z,0.2,,2026-05-20T12:48Z
S-703292,ORD-48010,P-SN-5001,Salalah,Rotterdam,9,ocean,MV TROPIC GLORY,9844947,in transit,2026-06-08T14:24Z,NLRTM,LOW,0.4,CR-COSU,L-OMSLL-NLRTM,17581.0,45.1,1358.0,DDU,none,standard,2026-06-06T12:00Z,2.1,,2026-06-08T12:24Z
S-703293,ORD-47130,P-MC-7100,Antwerp,New York/New Jersey,23,ocean,MV ASIAN EXPRESS,9384768,22 nm from New York/New Jersey,2026-05-27T16:48Z,USNYC,MEDIUM,1.6,CR-COSU,L-BEANR-USNYC,14701.0,24.9,4390.0,DAP,none,premium,2026-05-25T12:00Z,2.2,,2026-05-24T19:48Z
S-703294,ORD-47140,P-EL-9002,Hamburg,Santos,22,ocean,MV IBERIAN BREEZE,9998509,approaching Santos,2026-06-10T14:24Z,BRSSZ,MEDIUM,1.7,CR-KNES,L-DEHAM-BRSSZ,4210.0,11.8,1281.0,DDP,none,standard,2026-06-11T12:00Z,-0.9,,2026-06-09T13:24Z
S-703295,ORD-48650,P-EL-9001,Valencia,Veracruz,12,ocean,MV ARCTIC SPIRIT,9481199,in transit,2026-05-31T00:00Z,MXVER,MEDIUM,1.3,CR-DSVS,L-ESVLC-MXVER,22531.0,27.5,28974.0,DDP,none,economy,2026-05-30T12:00Z,0.5,vessel_change,2026-05-28T05:00Z
S-703296,ORD-49790,P-PW-1850,New York/New Jersey,London Heathrow Airport,14,air,AF-CARGO-703,N/A,off New York/New Jersey,2026-05-22T02:24Z,LHRGB,LOW,0.1,CR-AFKA,L-USNYC-LHRGB,4678.0,58.0,2255.0,CIF,none,economy,2026-05-22T12:00Z,-0.4,,2026-05-20T07:24Z
S-703297,ORD-45776,P-EL-9001,Jebel Ali (Dubai),Frankfurt am Main Airport,13,air,QT-CARGO-894,N/A,off Jebel Ali (Dubai),2026-05-24T16:48Z,DEFRA,LOW,0.1,CR-QTRA,L-AEDXB-DEFRA,2831.0,47.5,710.0,CIF,none,economy,2026-05-21T12:00Z,3.2,,2026-05-22T14:48Z
S-703298,ORD-47001,P-EL-9001,Salalah,Rotterdam,24,ocean,MV ASIAN STAR,9531297,in transit,2026-06-01T02:24Z,NLRTM,LOW,0.4,CR-EGLV,L-OMSLL-NLRTM,3577.0,28.9,62215.0,CIF,none,standard,2026-06-02T12:00Z,-1.4,,2026-05-30T17:24Z
S-703299,ORD-45741,P-MC-7100,Hong Kong,Oakland,28,ocean,MV NORDIC BREEZE,9509073,147 nm from Oakland,2026-06-07T00:00Z,USOAK,MEDIUM,1.4,CR-PILU,L-HKHKG-USOAK,7037.0,47.0,50614.0,DDP,9,premium,2026-06-06T12:00Z,0.5,,2026-06-05T07:00Z
S-703300,ORD-46518,P-EL-9002,Singapore,Felixstowe,29,ocean,MV ARCTIC VICTORY,9713677,approaching Felixstowe,2026-05-22T04:48Z,GBFXT,MEDIUM,0.9,CR-WHLU,L-SGSIN-GBFXT,14225.0,22.0,2566.0,EXW,none,premium,2026-05-21T12:00Z,0.7,,2026-05-21T00:48Z
S-703301,ORD-47148,P-MC-7101,Qingdao,Le Havre,35,ocean,MV PACIFIC GLORY,9524317,Le Havre approach,2026-06-09T12:00Z,FRLEH,MEDIUM,1.0,CR-EGLV,L-CNQIN-FRLEH,24053.0,42.2,1441.0,EXW,3,premium,2026-06-08T12:00Z,1.0,,2026-06-08T22:00Z
S-703302,ORD-44599,P-EL-9002,Chicago O'Hare Airport,Hong Kong,20,air,EK-CARGO-281,N/A,31 nm from Hong Kong,2026-05-22T07:12Z,HKHKG,LOW,0.8,CR-EKCA,L-USORD-HKHKG,6177.0,35.2,70533.0,DAP,none,premium,2026-05-21T12:00Z,0.8,,2026-05-21T03:12Z
S-703303,ORD-47915,P-PW-1850,Hamburg,Genoa,23,road,DACHSE-1126,N/A,115 nm from Genoa,2026-05-25T09:36Z,ITGOA,MEDIUM,1.2,CR-DACH,L-DEHAM-ITGOA,4274.0,23.5,12087.0,CIF,none,premium,2026-05-23T12:00Z,1.9,,2026-05-22T16:36Z
S-703304,ORD-49666,P-EL-9101,Hong Kong,Frankfurt am Main Airport,17,air,LH-CARGO-185,N/A,Frankfurt am Main Airport approach,2026-05-21T07:12Z,DEFRA,LOW,0.1,CR-LHCA,L-HKHKG-DEFRA,18882.0,24.1,1605.0,DDU,8,economy,2026-05-20T12:00Z,0.8,,2026-05-19T19:12Z
S-703305,ORD-46318,P-PW-1802,Shanghai,Düsseldorf Rail Terminal,34,rail,DB SCH-3906,N/A,approaching Düsseldorf Rail Terminal,2026-05-30T09:36Z,DEDUS,LOW,0.2,CR-DBSC,L-CNSHA-DEDUS,17930.0,17.0,67248.0,DDP,none,economy,2026-05-30T12:00Z,-0.1,,2026-05-27T23:36Z
S-703306,ORD-45325,P-EL-9003,Yantian,Callao (Lima),18,ocean,MV IBERIAN VICTORY,9945991,38 nm from Callao (Lima),2026-05-25T09:36Z,PEMRI,LOW,0.9,CR-DSVS,L-CNYTN-PEMRI,25735.0,19.7,63.0,DDP,none,economy,2026-05-25T12:00Z,-0.1,,2026-05-25T07:36Z
S-703307,ORD-44491,P-EL-9102,Busan,Los Angeles,15,ocean,MV ARCTIC GLORY,9601962,192 nm from Los Angeles,2026-06-09T00:00Z,USLAX,HIGH,2.6,CR-COSU,L-KRPUS-USLAX,12425.0,45.0,629.0,DDU,none,economy,2026-06-03T12:00Z,5.5,vessel_change,2026-06-06T18:00Z
S-703308,ORD-44194,P-MC-7100,Rotterdam,New York/New Jersey,26,ocean,MV BALTIC SPIRIT,9926896,off Rotterdam,2026-05-30T12:00Z,USNYC,MEDIUM,1.6,CR-MSCU,L-NLRTM-USNYC,17808.0,48.0,36688.0,DDP,none,economy,2026-05-25T12:00Z,5.0,damage,2026-05-29T00:00Z
S-703309,ORD-46425,P-SW-3002,Hamburg,Genoa,30,road,DACHSE-9659,N/A,off Hamburg,2026-05-27T21:36Z,ITGOA,MEDIUM,1.2,CR-DACH,L-DEHAM-ITGOA,9599.0,28.6,11120.0,EXW,none,premium,2026-05-22T12:00Z,5.4,delayed,2026-05-27T16:36Z
S-703310,ORD-46168,P-CH-2230,Qingdao,Le Havre,32,ocean,MV TROPIC CRYSTAL,9190416,off Qingdao,2026-06-22T07:12Z,FRLEH,MEDIUM,1.0,CR-COSU,L-CNQIN-FRLEH,15360.0,3.0,1285.0,CIF,none,standard,2026-06-21T12:00Z,0.8,,2026-06-20T04:12Z
S-703311,ORD-44954,P-EL-9002,Yantian,Los Angeles,27,ocean,MV NORDIC GLORY,9720710,Los Angeles approach,2026-05-28T02:24Z,USLAX,HIGH,2.6,CR-DSVS,L-CNYTN-USLAX,13885.0,43.3,4419.0,DDU,8,economy,2026-05-25T12:00Z,2.6,,2026-05-25T05:24Z
S-703312,ORD-46793,P-SW-3002,Qingdao,Le Havre,29,ocean,MV IBERIAN CRYSTAL,9283281,approaching Le Havre,2026-06-26T21:36Z,FRLEH,MEDIUM,1.0,CR-MSCU,L-CNQIN-FRLEH,14330.0,19.7,1018.0,CIF,9,economy,2026-06-25T12:00Z,1.4,,2026-06-26T13:36Z
S-703313,ORD-49533,P-MC-7100,Hamburg,Genoa,20,road,DACHSE-4349,N/A,off Hamburg,2026-05-28T04:48Z,ITGOA,MEDIUM,1.2,CR-DACH,L-DEHAM-ITGOA,22740.0,52.0,4151.0,DDU,none,standard,2026-05-25T12:00Z,2.7,,2026-05-27T20:48Z
S-703314,ORD-49553,P-EL-9001,Tianjin,Hamburg,27,ocean,MV PACIFIC BREEZE,9131448,approaching Hamburg,2026-05-24T12:00Z,DEHAM,HIGH,3.2,CR-DSVS,L-CNTAO-DEHAM,17659.0,32.1,742.0,CIF,9,standard,2026-05-26T12:00Z,-2.0,,2026-05-24T04:00Z
S-703315,ORD-48619,P-MC-7102,Yantian,Frankfurt am Main Airport,32,air,CX-CARGO-976,N/A,off Yantian,2026-05-22T19:12Z,DEFRA,LOW,0.1,CR-CXCA,L-CNYTN-DEFRA,23572.0,43.7,4607.0,DAP,3,economy,2026-05-21T12:00Z,1.3,,2026-05-20T16:12Z
S-703316,ORD-46683,P-CH-2211,Los Angeles,Sydney Kingsford Smith Airport,7,air,LH-CARGO-667,N/A,approaching Sydney Kingsford Smith Airport,2026-05-21T14:24Z,AUSYD,LOW,0.1,CR-LHCA,L-USLAX-AUSYD,14425.0,19.1,1933.0,EXW,9,standard,2026-05-22T12:00Z,-0.9,,2026-05-20T00:24Z
S-703317,ORD-45337,P-SW-3001,Ningbo,Rotterdam,4,ocean,MV BALTIC TRADER,9973035,in transit,2026-05-29T07:12Z,NLRTM,LOW,0.4,CR-PILU,L-CNNGB-NLRTM,5396.0,52.3,1314.0,FOB,8,premium,2026-05-27T12:00Z,1.8,,2026-05-26T09:12Z
S-703318,ORD-46889,P-CH-2210,Chicago O'Hare Airport,Hong Kong,6,air,FD-CARGO-442,N/A,in transit,2026-05-24T21:36Z,HKHKG,LOW,0.8,CR-FDXA,L-USORD-HKHKG,11573.0,57.5,3413.0,EXW,none,premium,2026-05-21T12:00Z,3.4,,2026-05-22T11:36Z
S-703319,ORD-46473,P-CH-2230,Nhava Sheva,Rotterdam,1,ocean,MV NIPPON PIONEER,9656546,approaching Rotterdam,2026-05-29T04:48Z,NLRTM,LOW,0.4,CR-EGLV,L-INNSA-NLRTM,22044.0,42.7,1453.0,FOB,none,standard,2026-05-28T12:00Z,0.7,,2026-05-28T03:48Z
S-703320,ORD-48932,P-MC-7100,Hong Kong,Oakland,2,ocean,MV NORDIC STAR,9310032,Oakland approach,2026-05-25T21:36Z,USOAK,MEDIUM,1.4,CR-HLCU,L-HKHKG-USOAK,2683.0,15.0,1757.0,DAP,none,premium,2026-05-26T12:00Z,-0.6,,2026-05-23T21:36Z
S-703321,ORD-49512,P-MC-7102,Genoa,Charleston,23,ocean,MV NIPPON SPIRIT,9221896,in transit,2026-05-26T16:48Z,USCHS,LOW,0.7,CR-WHLU,L-ITGOA-USCHS,11165.0,21.6,5471.0,CIF,8,premium,2026-05-23T12:00Z,3.2,delayed,2026-05-26T04:48Z
S-703322,ORD-45754,P-SW-3001,Hamburg,Genoa,15,road,DACHSE-6170,N/A,approaching Genoa,2026-05-22T00:00Z,ITGOA,MEDIUM,1.2,CR-DACH,L-DEHAM-ITGOA,5829.0,45.4,684.0,DAP,9,standard,2026-05-21T12:00Z,0.5,,2026-05-21T00:00Z
S-703323,ORD-46425,P-CH-2211,Yantian,Frankfurt am Main Airport,19,air,CX-CARGO-552,N/A,in transit,2026-05-26T00:00Z,DEFRA,LOW,0.1,CR-CXCA,L-CNYTN-DEFRA,1459.0,34.8,7477.0,FOB,none,premium,2026-05-24T12:00Z,1.5,,2026-05-23T03:00Z
S-703324,ORD-46271,P-CH-2210,Singapore,Frankfurt am Main Airport,23,air,CX-CARGO-649,N/A,off Singapore,2026-05-22T21:36Z,DEFRA,LOW,0.1,CR-CXCA,L-SGSIN-DEFRA,11342.0,25.3,5821.0,FOB,none,standard,2026-05-20T12:00Z,2.4,,2026-05-21T19:36Z
S-703325,ORD-46673,P-EL-9003,Hong Kong,Rotterdam,7,ocean,MV ATLANTIC BREEZE,9441340,approaching Rotterdam,2026-05-24T02:24Z,NLRTM,LOW,0.4,CR-WHLU,L-HKHKG-NLRTM,17751.0,30.6,41026.0,DDP,none,premium,2026-05-22T12:00Z,1.6,,2026-05-22T00:24Z
S-703326,ORD-47825,P-MC-7101,Busan,Los Angeles,11,ocean,MV TROPIC PIONEER,9183077,approaching Los Angeles,2026-06-04T09:36Z,USLAX,HIGH,2.6,CR-ONEY,L-KRPUS-USLAX,5071.0,9.9,4167.0,DDP,none,standard,2026-06-01T12:00Z,2.9,,2026-06-01T23:36Z
S-703327,ORD-45133,P-SW-3001,Busan,Los Angeles,7,ocean,MV NIPPON TRADER,9719660,67 nm from Los Angeles,2026-06-06T04:48Z,USLAX,HIGH,2.6,CR-HLCU,L-KRPUS-USLAX,18486.0,45.6,12050.0,DDU,none,premium,2026-06-01T12:00Z,4.7,customs_hold,2026-06-04T07:48Z
S-703328,ORD-48699,P-MC-7101,Chicago O'Hare Airport,Hong Kong,29,air,DH-CARGO-339,N/A,approaching Hong Kong,2026-05-23T02:24Z,HKHKG,LOW,0.8,CR-DHLA,L-USORD-HKHKG,490.0,25.0,30557.0,DDU,8,premium,2026-05-22T12:00Z,0.6,,2026-05-22T05:24Z
S-703329,ORD-48171,P-MC-7100,Hong Kong,Oakland,28,ocean,MV PACIFIC VICTORY,9930693,Oakland approach,2026-05-19T14:24Z,USOAK,MEDIUM,1.4,CR-COSU,L-HKHKG-USOAK,15417.0,46.9,11917.0,DDU,8,standard,2026-05-21T12:00Z,-1.9,,2026-05-19T09:24Z
S-703330,ORD-46100,P-MC-7100,Qingdao,Le Havre,26,ocean,MV NIPPON STAR,9320946,approaching Le Havre,2026-05-26T07:12Z,FRLEH,MEDIUM,1.0,CR-MAEU,L-CNQIN-FRLEH,13072.0,1.8,8986.0,FOB,3,economy,2026-05-25T12:00Z,0.8,,2026-05-25T02:12Z
S-703331,ORD-49429,P-SW-3002,Rotterdam,Santos,12,ocean,MV ATLANTIC TRADER,9292969,21 nm from Santos,2026-06-05T07:12Z,BRSSZ,MEDIUM,1.7,CR-ONEY,L-NLRTM-BRSSZ,10391.0,21.2,14311.0,CIF,8,premium,2026-06-04T12:00Z,0.8,,2026-06-02T14:12Z
S-703332,ORD-49408,P-SN-5001,Chicago O'Hare Airport,Hong Kong,16,air,LH-CARGO-880,N/A,Hong Kong approach,2026-05-22T12:00Z,HKHKG,LOW,0.8,CR-LHCA,L-USORD-HKHKG,13545.0,33.7,448.0,DDP,none,standard,2026-05-24T12:00Z,-2.0,,2026-05-19T20:00Z
S-703333,ORD-47194,P-SW-3002,Tokyo,Vancouver,33,ocean,MV TROPIC GUARDIAN,9964632,in transit,2026-05-31T21:36Z,CASOG,LOW,0.6,CR-ONEY,L-JPTYO-CASOG,8782.0,56.8,5799.0,DDU,none,premium,2026-05-28T12:00Z,3.4,,2026-05-29T05:36Z
S-703334,ORD-48741,P-PK-4500,New York/New Jersey,London Heathrow Airport,4,air,AF-CARGO-297,N/A,London Heathrow Airport approach,2026-05-19T09:36Z,LHRGB,LOW,0.1,CR-AFKA,L-USNYC-LHRGB,18518.0,17.1,5274.0,DAP,9,standard,2026-05-20T12:00Z,-1.1,,2026-05-16T11:36Z
S-703335,ORD-44848,P-EL-9003,Ningbo,Rotterdam,35,ocean,MV ARCTIC STAR,9325041,approaching Rotterdam,2026-06-06T00:00Z,NLRTM,LOW,0.4,CR-HLCU,L-CNNGB-NLRTM,15075.0,53.4,685.0,FOB,8,standard,2026-06-06T12:00Z,-0.5,,2026-06-04T09:00Z
S-703336,ORD-47136,P-EL-9002,Tianjin,Hamburg,14,ocean,MV NIPPON VICTORY,9942437,in transit,2026-06-09T04:48Z,DEHAM,HIGH,3.2,CR-DSVS,L-CNTAO-DEHAM,156.0,53.3,453.0,FOB,8,premium,2026-06-07T12:00Z,1.7,,2026-06-06T11:48Z
S-703337,ORD-44538,P-EL-9101,Hong Kong,Rotterdam,3,ocean,MV NIPPON BREEZE,9295087,off Hong Kong,2026-06-10T14:24Z,NLRTM,LOW,0.4,CR-CMDU,L-HKHKG-NLRTM,15042.0,37.4,3481.0,DDP,3,standard,2026-06-10T12:00Z,0.1,,2026-06-08T09:24Z
S-703338,ORD-47444,P-MC-7100,Shanghai,Rotterdam,32,ocean,MV TROPIC EXPRESS,9748161,approaching Rotterdam,2026-06-16T12:00Z,NLRTM,LOW,0.4,CR-KNES,L-CNSHA-NLRTM,9018.0,24.1,4500.0,DDU,none,standard,2026-06-15T12:00Z,1.0,,2026-06-15T21:00Z
S-703339,ORD-45778,P-CH-2210,Hamburg,Durban,20,ocean,MV IBERIAN PIONEER,9424393,approaching Durban,2026-05-24T16:48Z,ZADUR,MEDIUM,1.5,CR-COSU,L-DEHAM-ZADUR,16469.0,34.6,5124.0,CIF,3,economy,2026-05-22T12:00Z,2.2,,2026-05-24T11:48Z
S-703340,ORD-49976,P-CH-2211,Singapore,Rotterdam,11,ocean,MV IBERIAN GLORY,9784908,159 nm from Rotterdam,2026-06-10T16:48Z,NLRTM,LOW,0.4,CR-PILU,L-SGSIN-NLRTM,25853.0,28.1,89019.0,EXW,3,premium,2026-06-09T12:00Z,1.2,,2026-06-08T13:48Z
S-703341,ORD-49018,P-EL-9002,Jebel Ali (Dubai),Rotterdam,9,ocean,MV ARCTIC VICTORY,9842683,approaching Rotterdam,2026-06-08T09:36Z,NLRTM,LOW,0.4,CR-MSCU,L-AEDXB-NLRTM,3235.0,10.1,1189.0,DAP,none,premium,2026-06-08T12:00Z,-0.1,,2026-06-06T00:36Z
S-703342,ORD-49302,P-SN-5001,Shanghai,Rotterdam,26,ocean,MV NORDIC CRYSTAL,9209756,in transit,2026-05-24T07:12Z,NLRTM,LOW,0.4,CR-MSCU,L-CNSHA-NLRTM,18839.0,17.9,206.0,DDU,none,premium,2026-05-22T12:00Z,1.8,damage,2026-05-22T20:12Z
S-703343,ORD-49580,P-EL-9101,Hamburg,Santos,20,ocean,MV ARCTIC STAR,9906050,approaching Santos,2026-06-10T09:36Z,BRSSZ,MEDIUM,1.7,CR-KNES,L-DEHAM-BRSSZ,24222.0,52.6,128960.0,DDP,none,premium,2026-06-10T12:00Z,-0.1,,2026-06-08T03:36Z
S-703344,ORD-47299,P-MC-7100,Shanghai,Rotterdam,30,ocean,MV NIPPON SPIRIT,9948128,Rotterdam approach,2026-06-11T02:24Z,NLRTM,LOW,0.4,CR-ZIMU,L-CNSHA-NLRTM,4854.0,48.6,54628.0,EXW,8,standard,2026-06-10T12:00Z,0.6,,2026-06-08T15:24Z
S-703345,ORD-44467,P-PK-4500,Hamburg,Santos,31,ocean,MV ATLANTIC TRADER,9759481,in transit,2026-06-09T00:00Z,BRSSZ,MEDIUM,1.7,CR-HLCU,L-DEHAM-BRSSZ,15506.0,13.3,889.0,CIF,none,standard,2026-06-07T12:00Z,1.5,,2026-06-06T11:00Z
S-703346,ORD-48130,P-EL-9003,Genoa,Charleston,2,ocean,MV IBERIAN BREEZE,9627594,Charleston approach,2026-06-02T00:00Z,USCHS,LOW,0.7,CR-HMMU,L-ITGOA-USCHS,14469.0,22.5,7929.0,DAP,none,standard,2026-05-31T12:00Z,1.5,,2026-06-01T07:00Z
S-703347,ORD-44294,P-MC-7102,Rotterdam,New York/New Jersey,1,ocean,MV NORDIC EXPRESS,9944011,115 nm from New York/New Jersey,2026-06-05T00:00Z,USNYC,MEDIUM,1.6,CR-ONEY,L-NLRTM-USNYC,11258.0,43.6,250000,CIF,none,premium,2026-05-30T12:00Z,5.5,delayed,2026-06-02T04:00Z
S-703348,ORD-47627,P-CH-2230,Valencia,Veracruz,29,ocean,MV NORDIC VICTORY,9817674,approaching Veracruz,2026-06-02T00:00Z,MXVER,MEDIUM,1.3,CR-CMDU,L-ESVLC-MXVER,14159.0,59.3,3280.0,CIF,none,premium,2026-06-01T12:00Z,0.5,,2026-05-31T03:00Z
S-703349,ORD-46059,P-SW-3001,Shanghai,Los Angeles,36,ocean,MV NIPPON GLORY,9166718,approaching Los Angeles,2026-05-29T21:36Z,USLAX,HIGH,2.6,CR-YMLU,L-CNSHA-USLAX,15955.0,5.4,23056.0,DDU,3,standard,2026-05-28T12:00Z,1.4,,2026-05-28T09:36Z
S-703350,ORD-45829,P-CH-2210,Hamburg,Genoa,16,road,DACHSE-6553,N/A,approaching Genoa,2026-05-25T14:24Z,ITGOA,MEDIUM,1.2,CR-DACH,L-DEHAM-ITGOA,6100.0,20.4,1190.0,EXW,9,standard,2026-05-24T12:00Z,1.1,,2026-05-23T17:24Z
S-703351,ORD-47011,P-EL-9102,Yantian,Los Angeles,22,ocean,MV NORDIC CRYSTAL,9565285,in transit,2026-05-28T07:12Z,USLAX,HIGH,2.6,CR-ZIMU,L-CNYTN-USLAX,13362.0,44.5,153.0,FOB,9,standard,2026-05-27T12:00Z,0.8,,2026-05-27T06:12Z
S-703352,ORD-49632,P-EL-9102,Busan,New York/New Jersey,33,ocean,MV CALEDONIAN STAR,9382659,77 nm from New York/New Jersey,2026-06-13T12:00Z,USNYC,MEDIUM,1.6,CR-EGLV,L-KRPUS-USNYC,17071.0,29.3,167.0,DDU,none,economy,2026-06-13T12:00Z,0.0,port_congestion,2026-06-11T10:00Z
S-703353,ORD-45929,P-SW-3001,Qingdao,Le Havre,13,ocean,MV PACIFIC VICTORY,9364381,30 nm from Le Havre,2026-06-05T16:48Z,FRLEH,MEDIUM,1.0,CR-HMMU,L-CNQIN-FRLEH,25805.0,12.1,490.0,FOB,none,premium,2026-06-04T12:00Z,1.2,,2026-06-04T23:48Z
S-703354,ORD-45191,P-EL-9102,Singapore,Frankfurt am Main Airport,18,air,UP-CARGO-189,N/A,90 nm from Frankfurt am Main Airport,2026-05-20T14:24Z,DEFRA,LOW,0.1,CR-UPSA,L-SGSIN-DEFRA,1072.0,17.3,7428.0,DDP,none,economy,2026-05-21T12:00Z,-0.9,,2026-05-19T01:24Z
S-703355,ORD-45807,P-EL-9001,Yantian,Los Angeles,6,ocean,MV BALTIC BREEZE,9622750,117 nm from Los Angeles,2026-06-07T04:48Z,USLAX,HIGH,2.6,CR-KNES,L-CNYTN-USLAX,16332.0,56.4,12199.0,EXW,none,premium,2026-06-06T12:00Z,0.7,,2026-06-04T08:48Z
S-703356,ORD-48116,P-MC-7102,Hamburg,Genoa,35,road,DACHSE-6705,N/A,14 nm from Genoa,2026-05-26T16:48Z,ITGOA,MEDIUM,1.2,CR-DACH,L-DEHAM-ITGOA,2760.0,34.4,5497.0,EXW,none,standard,2026-05-23T12:00Z,3.2,,2026-05-26T07:48Z
S-703357,ORD-44144,P-CH-2230,Qingdao,Le Havre,28,ocean,MV TROPIC CRYSTAL,9254971,164 nm from Le Havre,2026-05-28T16:48Z,FRLEH,MEDIUM,1.0,CR-HLCU,L-CNQIN-FRLEH,13832.0,11.9,14747.0,DDU,3,premium,2026-05-27T12:00Z,1.2,customs_hold,2026-05-28T15:48Z
S-703358,ORD-48507,P-PK-4500,Busan,Los Angeles,21,ocean,MV BALTIC VICTORY,9967324,155 nm from Los Angeles,2026-05-30T09:36Z,USLAX,HIGH,2.6,CR-WHLU,L-KRPUS-USLAX,4142.0,10.1,796.0,DAP,none,premium,2026-05-29T12:00Z,0.9,,2026-05-29T03:36Z
S-703359,ORD-47248,P-EL-9102,Rotterdam,New York/New Jersey,21,ocean,MV PACIFIC BREEZE,9207112,approaching New York/New Jersey,2026-05-23T00:00Z,USNYC,MEDIUM,1.6,CR-DSVS,L-NLRTM-USNYC,3633.0,2.0,6691.0,DDU,none,premium,2026-05-23T12:00Z,-0.5,,2026-05-20T02:00Z
S-703360,ORD-44742,P-PK-4500,Yantian,Callao (Lima),33,ocean,MV ATLANTIC TRADER,9637365,Callao (Lima) approach,2026-05-28T07:12Z,PEMRI,LOW,0.9,CR-HLCU,L-CNYTN-PEMRI,10300.0,3.6,64427.0,DDU,none,economy,2026-05-26T12:00Z,1.8,delayed,2026-05-26T18:12Z
S-703361,ORD-46245,P-PW-1801,Antwerp,New York/New Jersey,12,ocean,MV ASIAN CRYSTAL,9472311,in transit,2026-06-01T19:12Z,USNYC,MEDIUM,1.6,CR-WHLU,L-BEANR-USNYC,1181.0,10.9,105778.0,EXW,none,premium,2026-05-30T12:00Z,2.3,vessel_change,2026-06-01T07:12Z
S-703362,ORD-49314,P-MC-7102,Mundra,Felixstowe,11,ocean,MV PACIFIC VICTORY,9339843,195 nm from Felixstowe,2026-06-13T02:24Z,GBFXT,MEDIUM,0.9,CR-ZIMU,L-INMUN-GBFXT,1747.0,44.6,44041.0,EXW,none,standard,2026-06-08T12:00Z,4.6,vessel_change,2026-06-11T18:24Z
S-703363,ORD-45362,P-PW-1801,Hamburg,Santos,24,ocean,MV ARCTIC PIONEER,9422080,in transit,2026-05-23T04:48Z,BRSSZ,MEDIUM,1.7,CR-DSVS,L-DEHAM-BRSSZ,4939.0,39.7,2768.0,DDP,none,premium,2026-05-21T12:00Z,1.7,,2026-05-21T04:48Z
S-703364,ORD-48125,P-EL-9003,Hamburg,Genoa,10,road,XPO LO-2831,N/A,approaching Genoa,2026-05-26T02:24Z,ITGOA,MEDIUM,1.2,CR-XPOT,L-DEHAM-ITGOA,5544.0,29.5,9911.0,FOB,none,standard,2026-05-21T12:00Z,4.6,damage,2026-05-25T09:24Z
S-703365,ORD-44929,P-CH-2210,Singapore,Frankfurt am Main Airport,30,air,CX-CARGO-332,N/A,in transit,2026-05-23T04:48Z,DEFRA,LOW,0.1,CR-CXCA,L-SGSIN-DEFRA,2878.0,44.2,1682.0,DAP,9,standard,2026-05-23T12:00Z,-0.3,,2026-05-22T07:48Z
S-703366,ORD-46891,P-CH-2210,Mundra,Felixstowe,9,ocean,MV CALEDONIAN BREEZE,9305227,off Mundra,2026-06-01T19:12Z,GBFXT,MEDIUM,0.9,CR-KNES,L-INMUN-GBFXT,15518.0,37.8,57666.0,CIF,none,standard,2026-05-31T12:00Z,1.3,,2026-05-30T13:12Z
S-703367,ORD-46331,P-MC-7102,Shanghai,Rotterdam,13,ocean,MV NORDIC EXPRESS,9799202,146 nm from Rotterdam,2026-05-25T16:48Z,NLRTM,LOW,0.4,CR-CMDU,L-CNSHA-NLRTM,15392.0,28.7,126.0,DAP,none,standard,2026-05-24T12:00Z,1.2,,2026-05-24T03:48Z
S-703368,ORD-46054,P-MC-7101,Yantian,Los Angeles,17,ocean,MV ARCTIC GUARDIAN,9264240,approaching Los Angeles,2026-05-25T12:00Z,USLAX,HIGH,2.6,CR-YMLU,L-CNYTN-USLAX,5172.0,42.4,2465.0,FOB,none,standard,2026-05-24T12:00Z,1.0,,2026-05-24T11:00Z
S-703369,ORD-48636,P-MC-7100,Shanghai,Los Angeles,3,ocean,MV IBERIAN TRADER,9227642,107 nm from Los Angeles,2026-05-26T19:12Z,USLAX,HIGH,2.6,CR-HLCU,L-CNSHA-USLAX,9495.0,24.7,8190.0,EXW,none,standard,2026-05-24T12:00Z,2.3,,2026-05-24T19:12Z
S-703370,ORD-49278,P-SN-5001,Jebel Ali (Dubai),Frankfurt am Main Airport,24,air,AF-CARGO-804,N/A,off Jebel Ali (Dubai),2026-05-21T09:36Z,DEFRA,LOW,0.1,CR-AFKA,L-AEDXB-DEFRA,24431.0,10.5,520.0,DDP,8,premium,2026-05-21T12:00Z,-0.1,,2026-05-19T06:36Z
S-703371,ORD-46521,P-PW-1802,Antwerp,New York/New Jersey,23,ocean,MV TROPIC EXPRESS,9331618,58 nm from New York/New Jersey,2026-05-29T02:24Z,USNYC,MEDIUM,1.6,CR-HLCU,L-BEANR-USNYC,22872.0,40.8,2390.0,DAP,none,standard,2026-05-30T12:00Z,-1.4,,2026-05-26T10:24Z
S-703372,ORD-44914,P-EL-9101,Antwerp,New York/New Jersey,15,ocean,MV TROPIC TRADER,9317873,in transit,2026-05-25T02:24Z,USNYC,MEDIUM,1.6,CR-ONEY,L-BEANR-USNYC,9952.0,59.0,556.0,EXW,none,standard,2026-05-24T12:00Z,0.6,,2026-05-24T05:24Z
S-703373,ORD-46255,P-SW-3002,Shanghai,Hamburg,5,ocean,MV ARCTIC STAR,9532362,Hamburg approach,2026-06-02T04:48Z,DEHAM,HIGH,3.2,CR-PILU,L-CNSHA-DEHAM,17846.0,27.0,1913.0,EXW,8,standard,2026-06-01T12:00Z,0.7,,2026-05-31T14:48Z
S-703374,ORD-47857,P-MC-7100,Hong Kong,Rotterdam,6,ocean,MV NIPPON EXPRESS,9968824,Rotterdam approach,2026-05-20T07:12Z,NLRTM,LOW,0.4,CR-ZIMU,L-HKHKG-NLRTM,5005.0,5.1,1707.0,CIF,none,premium,2026-05-20T12:00Z,-0.2,,2026-05-20T03:12Z
S-703375,ORD-49280,P-MC-7102,Los Angeles,Sydney Kingsford Smith Airport,19,air,UP-CARGO-303,N/A,Sydney Kingsford Smith Airport approach,2026-05-20T19:12Z,AUSYD,LOW,0.1,CR-UPSA,L-USLAX-AUSYD,7960.0,55.2,7149.0,DDP,none,standard,2026-05-20T12:00Z,0.3,,2026-05-19T00:12Z
S-703376,ORD-49891,P-PK-4501,Busan,New York/New Jersey,22,ocean,MV PACIFIC GLORY,9922560,off Busan,2026-06-16T04:48Z,USNYC,MEDIUM,1.6,CR-HLCU,L-KRPUS-USNYC,20921.0,42.9,102526.0,DAP,3,standard,2026-06-15T12:00Z,0.7,,2026-06-15T17:48Z
S-703377,ORD-48675,P-SN-5001,Yokohama,Los Angeles,35,ocean,MV BALTIC GLORY,9982993,Los Angeles approach,2026-05-20T12:00Z,USLAX,HIGH,2.6,CR-HLCU,L-JPYOK-USLAX,19537.0,26.0,1059.0,EXW,none,standard,2026-05-22T12:00Z,-2.0,,2026-05-18T02:00Z
S-703378,ORD-46518,P-SW-3002,Nhava Sheva,Rotterdam,3,ocean,MV IBERIAN CRYSTAL,9295503,153 nm from Rotterdam,2026-06-03T02:24Z,NLRTM,LOW,0.4,CR-EGLV,L-INNSA-NLRTM,23515.0,52.7,1468.0,DAP,none,premium,2026-06-03T12:00Z,-0.4,,2026-06-02T06:24Z
S-703379,ORD-46791,P-MC-7102,Hong Kong,Rotterdam,8,ocean,MV CALEDONIAN BREEZE,9252259,Rotterdam approach,2026-06-04T09:36Z,NLRTM,LOW,0.4,CR-MAEU,L-HKHKG-NLRTM,11618.0,17.8,9539.0,DDP,none,standard,2026-06-02T12:00Z,1.9,,2026-06-03T01:36Z
S-703380,ORD-48153,P-EL-9101,Hong Kong,Frankfurt am Main Airport,16,air,AF-CARGO-990,N/A,off Hong Kong,2026-05-25T16:48Z,DEFRA,LOW,0.1,CR-AFKA,L-HKHKG-DEFRA,20590.0,3.0,3167.0,EXW,9,standard,2026-05-24T12:00Z,1.2,,2026-05-23T00:48Z
S-703381,ORD-44980,P-EL-9102,Salalah,Rotterdam,15,ocean,MV NIPPON SPIRIT,9567559,21 nm from Rotterdam,2026-05-24T12:00Z,NLRTM,LOW,0.4,CR-ONEY,L-OMSLL-NLRTM,22486.0,35.3,177.0,DDP,none,standard,2026-05-24T12:00Z,0.0,,2026-05-22T16:00Z
S-703382,ORD-44340,P-PK-4501,Hamburg,Santos,20,ocean,MV PACIFIC VICTORY,9435440,Santos approach,2026-06-11T14:24Z,BRSSZ,MEDIUM,1.7,CR-ZIMU,L-DEHAM-BRSSZ,22267.0,54.6,7436.0,EXW,9,standard,2026-06-09T12:00Z,2.1,,2026-06-11T07:24Z
S-703383,ORD-48642,P-EL-9002,Nhava Sheva,Rotterdam,25,ocean,MV ARCTIC STAR,9892555,off Nhava Sheva,2026-05-26T04:48Z,NLRTM,LOW,0.4,CR-PILU,L-INNSA-NLRTM,18991.0,44.1,204.0,DAP,9,premium,2026-05-25T12:00Z,0.7,,2026-05-23T07:48Z
S-703384,ORD-49850,P-CH-2230,Busan,Los Angeles,17,ocean,MV NORDIC CRYSTAL,9611134,Los Angeles approach,2026-05-26T07:12Z,USLAX,HIGH,2.6,CR-MSCU,L-KRPUS-USLAX,16101.0,40.6,1838.0,EXW,none,standard,2026-05-23T12:00Z,2.8,,2026-05-24T12:12Z
S-703385,ORD-45182,P-PK-4500,Rotterdam,New York/New Jersey,13,ocean,MV BALTIC TRADER,9396882,in transit,2026-05-30T19:12Z,USNYC,MEDIUM,1.6,CR-COSU,L-NLRTM-USNYC,4595.0,30.4,3258.0,DDP,none,standard,2026-05-21T12:00Z,9.3,damage,2026-05-30T16:12Z
S-703386,ORD-45492,P-SN-5001,Singapore,Felixstowe,2,ocean,MV NIPPON CRYSTAL,9190557,in transit,2026-06-21T21:36Z,GBFXT,MEDIUM,0.9,CR-HLCU,L-SGSIN-GBFXT,23434.0,45.5,2371.0,FOB,none,premium,2026-06-19T12:00Z,2.4,,2026-06-20T03:36Z
S-703387,ORD-49820,P-SW-3001,Yantian,Frankfurt am Main Airport,2,air,AF-CARGO-862,N/A,in transit,2026-05-21T19:12Z,DEFRA,LOW,0.1,CR-AFKA,L-CNYTN-DEFRA,23821.0,21.9,2653.0,EXW,none,premium,2026-05-22T12:00Z,-0.7,,2026-05-20T18:12Z
S-703388,ORD-45662,P-SW-3001,Yantian,Los Angeles,23,ocean,MV IBERIAN GLORY,9894522,in transit,2026-06-02T07:12Z,USLAX,HIGH,2.6,CR-YMLU,L-CNYTN-USLAX,3323.0,48.4,11767.0,FOB,none,standard,2026-06-01T12:00Z,0.8,,2026-05-31T22:12Z
S-703389,ORD-45517,P-EL-9102,Yantian,Callao (Lima),29,ocean,MV IBERIAN CRYSTAL,9531845,off Yantian,2026-05-27T07:12Z,PEMRI,LOW,0.9,CR-HMMU,L-CNYTN-PEMRI,20756.0,36.9,35550.0,EXW,none,standard,2026-05-26T12:00Z,0.8,,2026-05-25T12:12Z
S-703390,ORD-46098,P-MC-7102,Shanghai,Hamburg,28,ocean,MV TROPIC CRYSTAL,9588543,off Shanghai,2026-06-11T04:48Z,DEHAM,HIGH,3.2,CR-COSU,L-CNSHA-DEHAM,3829.0,18.5,4832.0,FOB,none,standard,2026-06-09T12:00Z,1.7,,2026-06-10T16:48Z
S-703391,ORD-49390,P-MC-7101,Hamburg,Genoa,30,road,XPO LO-8286,N/A,76 nm from Genoa,2026-05-28T09:36Z,ITGOA,MEDIUM,1.2,CR-XPOT,L-DEHAM-ITGOA,12415.0,50.8,2096.0,DDP,none,premium,2026-05-24T12:00Z,3.9,,2026-05-27T15:36Z
S-703392,ORD-45364,P-EL-9101,Rotterdam,Santos,21,ocean,MV ARCTIC VICTORY,9686363,Santos approach,2026-06-03T19:12Z,BRSSZ,MEDIUM,1.7,CR-HLCU,L-NLRTM-BRSSZ,14951.0,37.2,1104.0,CIF,9,standard,2026-06-04T12:00Z,-0.7,,2026-06-02T18:12Z
S-703393,ORD-49691,P-MC-7200,Hamburg,Santos,18,ocean,MV CALEDONIAN PIONEER,9760858,151 nm from Santos,2026-06-06T07:12Z,BRSSZ,MEDIUM,1.7,CR-HLCU,L-DEHAM-BRSSZ,25363.0,14.1,2435.0,DDP,none,standard,2026-06-06T12:00Z,-0.2,delayed,2026-06-05T14:12Z
S-703394,ORD-44822,P-EL-9102,Tianjin,Łódź Rail Terminal,2,rail,DB SCH-8418,N/A,109 nm from Łódź Rail Terminal,2026-06-02T00:00Z,PLLDZ,LOW,0.2,CR-DBSC,L-CNTAO-PLLDZ,15564.0,0.8,1065.0,DDU,8,premium,2026-05-31T12:00Z,1.5,,2026-06-01T09:00Z
S-703395,ORD-45955,P-MC-7102,Shanghai,Los Angeles,22,ocean,MV ARCTIC GUARDIAN,9731981,in transit,2026-05-31T21:36Z,USLAX,HIGH,2.6,CR-ZIMU,L-CNSHA-USLAX,22150.0,49.6,14936.0,CIF,none,premium,2026-05-31T12:00Z,0.4,,2026-05-31T14:36Z
S-703396,ORD-46150,P-CH-2230,Jebel Ali (Dubai),Rotterdam,31,ocean,MV NORDIC GUARDIAN,9769453,off Jebel Ali (Dubai),2026-05-22T07:12Z,NLRTM,LOW,0.4,CR-ZIMU,L-AEDXB-NLRTM,25351.0,25.1,12992.0,CIF,none,premium,2026-05-21T12:00Z,0.8,,2026-05-20T13:12Z
S-703397,ORD-48241,P-MC-7102,Shanghai,New York/New Jersey,15,ocean,MV IBERIAN TRADER,9182086,New York/New Jersey approach,2026-06-01T12:00Z,USNYC,MEDIUM,1.6,CR-HMMU,L-CNSHA-USNYC,19152.0,17.6,1699.0,CIF,none,standard,2026-05-31T12:00Z,1.0,customs_hold,2026-06-01T03:00Z
S-703398,ORD-48188,P-EL-9101,Yokohama,Los Angeles,3,ocean,MV NIPPON GLORY,9765816,159 nm from Los Angeles,2026-06-09T02:24Z,USLAX,HIGH,2.6,CR-HMMU,L-JPYOK-USLAX,1847.0,16.3,4436.0,DDP,none,economy,2026-06-05T12:00Z,3.6,,2026-06-07T04:24Z
S-703399,ORD-47968,P-EL-9101,Singapore,Frankfurt am Main Airport,26,air,CX-CARGO-849,N/A,approaching Frankfurt am Main Airport,2026-05-20T19:12Z,DEFRA,LOW,0.1,CR-CXCA,L-SGSIN-DEFRA,11083.0,59.9,25849.0,EXW,3,standard,2026-05-21T12:00Z,-0.7,,2026-05-20T04:12Z
S-703400,ORD-45255,P-EL-9102,Tianjin,Hamburg,19,ocean,MV TROPIC SPIRIT,9382202,Hamburg approach,2026-06-08T04:48Z,DEHAM,HIGH,3.2,CR-DSVS,L-CNTAO-DEHAM,20728.0,46.8,77.0,FOB,none,standard,2026-06-08T12:00Z,-0.3,customs_hold,2026-06-05T14:48Z
S-703401,ORD-45318,P-EL-9003,Tokyo,Vancouver,29,ocean,MV ATLANTIC BREEZE,9325012,Vancouver approach,2026-06-05T21:36Z,CASOG,LOW,0.6,CR-COSU,L-JPTYO-CASOG,21379.0,22.0,580.0,EXW,none,standard,2026-06-03T12:00Z,2.4,,2026-06-04T21:36Z
S-703402,ORD-49549,P-CH-2230,Shanghai,Rotterdam,30,ocean,MV ASIAN VICTORY,9687579,off Shanghai,2026-06-10T21:36Z,NLRTM,LOW,0.4,CR-EGLV,L-CNSHA-NLRTM,25934.0,17.8,27.0,DDP,none,standard,2026-06-09T12:00Z,1.4,,2026-06-10T11:36Z
S-703403,ORD-45336,P-SW-3002,Singapore,Felixstowe,31,ocean,MV ARCTIC BREEZE,9296179,192 nm from Felixstowe,2026-05-27T16:48Z,GBFXT,MEDIUM,0.9,CR-PILU,L-SGSIN-GBFXT,8191.0,17.4,505.0,DDP,9,standard,2026-05-27T12:00Z,0.2,,2026-05-25T23:48Z
S-703404,ORD-48615,P-CH-2230,Hong Kong,Rotterdam,10,ocean,MV CALEDONIAN PIONEER,9569375,Rotterdam approach,2026-05-26T19:12Z,NLRTM,LOW,0.4,CR-YMLU,L-HKHKG-NLRTM,16348.0,45.2,5215.0,DDU,none,economy,2026-05-27T12:00Z,-0.7,,2026-05-25T17:12Z
S-703405,ORD-44985,P-PW-1802,Rotterdam,Santos,11,ocean,MV IBERIAN EXPRESS,9723280,73 nm from Santos,2026-06-06T04:48Z,BRSSZ,MEDIUM,1.7,CR-YMLU,L-NLRTM-BRSSZ,21997.0,13.0,95.0,DDU,8,premium,2026-06-05T12:00Z,0.7,,2026-06-03T20:48Z
S-703406,ORD-49808,P-SW-3001,Busan,New York/New Jersey,19,ocean,MV TROPIC CRYSTAL,9439199,approaching New York/New Jersey,2026-06-13T00:00Z,USNYC,MEDIUM,1.6,CR-YMLU,L-KRPUS-USNYC,12876.0,3.2,437.0,CIF,none,standard,2026-06-12T12:00Z,0.5,,2026-06-12T22:00Z
S-703407,ORD-44349,P-MC-7102,Singapore,Frankfurt am Main Airport,19,air,FD-CARGO-759,N/A,Frankfurt am Main Airport approach,2026-05-21T16:48Z,DEFRA,LOW,0.1,CR-FDXA,L-SGSIN-DEFRA,24864.0,33.2,1073.0,CIF,none,standard,2026-05-22T12:00Z,-0.8,,2026-05-19T21:48Z
S-703408,ORD-45641,P-PK-4501,Genoa,Charleston,7,ocean,MV ARCTIC GLORY,9807939,Charleston approach,2026-06-04T04:48Z,USCHS,LOW,0.7,CR-CMDU,L-ITGOA-USCHS,16559.0,22.1,8708.0,DDU,none,premium,2026-06-01T12:00Z,2.7,,2026-06-02T17:48Z
S-703409,ORD-45025,P-PK-4500,Valencia,Veracruz,26,ocean,MV ASIAN GLORY,9573084,off Valencia,2026-05-28T00:00Z,MXVER,MEDIUM,1.3,CR-MSCU,L-ESVLC-MXVER,11850.0,30.3,3580.0,DDU,none,standard,2026-05-27T12:00Z,0.5,,2026-05-27T15:00Z
S-703410,ORD-48713,P-PK-4501,Shanghai,Düsseldorf Rail Terminal,30,rail,DB SCH-6206,N/A,approaching Düsseldorf Rail Terminal,2026-05-22T07:12Z,DEDUS,LOW,0.2,CR-DBSC,L-CNSHA-DEDUS,2004.0,6.2,13978.0,DDU,3,premium,2026-05-21T12:00Z,0.8,,2026-05-19T16:12Z
S-703411,ORD-46406,P-EL-9102,Genoa,Charleston,30,ocean,MV NIPPON EXPRESS,9503254,in transit,2026-06-02T12:00Z,USCHS,LOW,0.7,CR-MAEU,L-ITGOA-USCHS,5992.0,52.6,4852.0,DAP,none,standard,2026-06-02T12:00Z,0.0,,2026-05-30T17:00Z
S-703412,ORD-44789,P-EL-9101,Hong Kong,Oakland,24,ocean,MV IBERIAN VICTORY,9162077,off Hong Kong,2026-05-22T07:12Z,USOAK,MEDIUM,1.4,CR-COSU,L-HKHKG-USOAK,8579.0,4.7,197.0,DDU,9,premium,2026-05-23T12:00Z,-1.2,,2026-05-20T09:12Z
S-703413,ORD-48477,P-MC-7100,Los Angeles,Sydney Kingsford Smith Airport,22,air,AF-CARGO-488,N/A,off Los Angeles,2026-05-19T14:24Z,AUSYD,LOW,0.1,CR-AFKA,L-USLAX-AUSYD,23799.0,18.0,1014.0,CIF,none,economy,2026-05-20T12:00Z,-0.9,,2026-05-16T18:24Z
S-703414,ORD-44540,P-SW-3001,Ningbo,Rotterdam,36,ocean,MV ASIAN VICTORY,9577530,48 nm from Rotterdam,2026-06-21T04:48Z,NLRTM,LOW,0.4,CR-MSCU,L-CNNGB-NLRTM,3517.0,14.8,250000,DDP,none,premium,2026-06-22T12:00Z,-1.3,,2026-06-20T19:48Z
S-703415,ORD-44606,P-MC-7101,Rotterdam,Santos,12,ocean,MV NORDIC PIONEER,9191137,75 nm from Santos,2026-05-27T21:36Z,BRSSZ,MEDIUM,1.7,CR-PILU,L-NLRTM-BRSSZ,16434.0,34.5,3433.0,EXW,none,premium,2026-05-27T12:00Z,0.4,,2026-05-25T06:36Z
S-703416,ORD-44509,P-CH-2230,Salalah,Rotterdam,17,ocean,MV NORDIC GLORY,9776231,in transit,2026-06-05T12:00Z,NLRTM,LOW,0.4,CR-EGLV,L-OMSLL-NLRTM,24507.0,8.1,78848.0,DDP,none,economy,2026-06-04T12:00Z,1.0,,2026-06-04T06:00Z
S-703417,ORD-49796,P-PW-1802,Genoa,Charleston,28,ocean,MV BALTIC CRYSTAL,9632814,40 nm from Charleston,2026-06-06T02:24Z,USCHS,LOW,0.7,CR-DSVS,L-ITGOA-USCHS,7839.0,17.0,1690.0,EXW,none,economy,2026-06-04T12:00Z,1.6,,2026-06-05T03:24Z
S-703418,ORD-44613,P-EL-9101,Busan,New York/New Jersey,1,ocean,MV TROPIC BREEZE,9921868,New York/New Jersey approach,2026-05-29T21:36Z,USNYC,MEDIUM,1.6,CR-COSU,L-KRPUS-USNYC,9183.0,2.4,3999.0,DAP,none,premium,2026-05-29T12:00Z,0.4,,2026-05-29T05:36Z
S-703419,ORD-48857,P-SW-3001,Jebel Ali (Dubai),Frankfurt am Main Airport,14,air,EK-CARGO-818,N/A,Frankfurt am Main Airport approach,2026-05-22T07:12Z,DEFRA,LOW,0.1,CR-EKCA,L-AEDXB-DEFRA,13813.0,37.1,5114.0,DAP,none,standard,2026-05-21T12:00Z,0.8,,2026-05-20T06:12Z
S-703420,ORD-46149,P-MC-7100,Yantian,Callao (Lima),24,ocean,MV ATLANTIC CRYSTAL,9649125,Callao (Lima) approach,2026-06-21T12:00Z,PEMRI,LOW,0.9,CR-WHLU,L-CNYTN-PEMRI,8522.0,50.9,893.0,DDP,none,economy,2026-06-20T12:00Z,1.0,,2026-06-19T01:00Z
S-703421,ORD-48121,P-SW-3001,Hong Kong,Frankfurt am Main Airport,25,air,AF-CARGO-826,N/A,in transit,2026-05-23T12:00Z,DEFRA,LOW,0.1,CR-AFKA,L-HKHKG-DEFRA,1746.0,57.1,3031.0,CIF,none,standard,2026-05-23T12:00Z,0.0,,2026-05-22T15:00Z
S-703422,ORD-46543,P-MC-7100,Hamburg,Genoa,10,road,DACHSE-4141,N/A,Genoa approach,2026-05-26T02:24Z,ITGOA,MEDIUM,1.2,CR-DACH,L-DEHAM-ITGOA,25087.0,41.7,90.0,EXW,none,standard,2026-05-23T12:00Z,2.6,damage,2026-05-25T08:24Z
S-703423,ORD-47667,P-MC-7102,Jebel Ali (Dubai),Frankfurt am Main Airport,16,air,CX-CARGO-965,N/A,approaching Frankfurt am Main Airport,2026-05-21T16:48Z,DEFRA,LOW,0.1,CR-CXCA,L-AEDXB-DEFRA,9378.0,15.3,11645.0,DDU,none,premium,2026-05-22T12:00Z,-0.8,,2026-05-20T00:48Z
S-703424,ORD-48736,P-PW-1850,Yantian,Hamburg,15,ocean,MV ARCTIC TRADER,9914271,Hamburg approach,2026-06-21T07:12Z,DEHAM,HIGH,3.2,CR-EGLV,L-CNYTN-DEHAM,21338.0,44.5,1921.0,DDU,none,premium,2026-06-20T12:00Z,0.8,,2026-06-20T13:12Z
S-703425,ORD-48376,P-SN-5001,Tokyo,Vancouver,2,ocean,MV ATLANTIC VICTORY,9655657,approaching Vancouver,2026-06-04T12:00Z,CASOG,LOW,0.6,CR-WHLU,L-JPTYO-CASOG,14308.0,32.4,1631.0,DDU,none,economy,2026-05-29T12:00Z,6.0,damage,2026-06-03T01:00Z
S-703426,ORD-47155,P-MC-7100,Antwerp,New York/New Jersey,15,ocean,MV ATLANTIC BREEZE,9623309,107 nm from New York/New Jersey,2026-06-05T19:12Z,USNYC,MEDIUM,1.6,CR-MSCU,L-BEANR-USNYC,25405.0,25.8,250000,CIF,none,standard,2026-06-03T12:00Z,2.3,,2026-06-05T11:12Z
S-703427,ORD-48789,P-PK-4501,Salalah,Rotterdam,13,ocean,MV ARCTIC EXPRESS,9790542,off Salalah,2026-05-24T16:48Z,NLRTM,LOW,0.4,CR-DSVS,L-OMSLL-NLRTM,12969.0,41.6,568.0,EXW,none,economy,2026-05-25T12:00Z,-0.8,,2026-05-22T04:48Z
S-703428,ORD-44450,P-MC-7200,Salalah,Rotterdam,11,ocean,MV NIPPON PIONEER,9674663,off Salalah,2026-05-29T19:12Z,NLRTM,LOW,0.4,CR-MAEU,L-OMSLL-NLRTM,22886.0,56.1,172.0,DDP,none,standard,2026-05-29T12:00Z,0.3,damage,2026-05-28T19:12Z
S-703429,ORD-49767,P-MC-7200,Antwerp,New York/New Jersey,12,ocean,MV ARCTIC GLORY,9590460,approaching New York/New Jersey,2026-05-26T04:48Z,USNYC,MEDIUM,1.6,CR-WHLU,L-BEANR-USNYC,25940.0,9.3,1263.0,DAP,none,standard,2026-05-23T12:00Z,2.7,damage,2026-05-24T17:48Z
S-703430,ORD-45539,P-MC-7100,Ningbo,Rotterdam,6,ocean,MV ASIAN CRYSTAL,9712146,approaching Rotterdam,2026-05-27T00:00Z,NLRTM,LOW,0.4,CR-ONEY,L-CNNGB-NLRTM,24409.0,35.0,3984.0,DDU,none,economy,2026-05-27T12:00Z,-0.5,,2026-05-24T21:00Z
S-703431,ORD-47868,P-PW-1801,Jebel Ali (Dubai),Rotterdam,31,ocean,MV ATLANTIC TRADER,9875879,Rotterdam approach,2026-06-08T19:12Z,NLRTM,LOW,0.4,CR-MSCU,L-AEDXB-NLRTM,19132.0,12.4,11516.0,DDP,none,standard,2026-06-07T12:00Z,1.3,,2026-06-08T18:12Z
S-703432,ORD-44129,P-CH-2211,Hamburg,Genoa,31,road,DACHSE-2687,N/A,57 nm from Genoa,2026-05-30T09:36Z,ITGOA,MEDIUM,1.2,CR-DACH,L-DEHAM-ITGOA,23975.0,32.2,16211.0,DDU,none,economy,2026-05-24T12:00Z,5.9,port_congestion,2026-05-28T06:36Z
S-703433,ORD-47533,P-SN-5001,Hong Kong,Rotterdam,31,ocean,MV ATLANTIC PIONEER,9758497,98 nm from Rotterdam,2026-06-12T07:12Z,NLRTM,LOW,0.4,CR-HMMU,L-HKHKG-NLRTM,2997.0,45.4,264.0,EXW,3,standard,2026-06-10T12:00Z,1.8,,2026-06-10T11:12Z
S-703434,ORD-47718,P-CH-2211,Yantian,Hamburg,14,ocean,MV BALTIC STAR,9579106,off Yantian,2026-06-05T19:12Z,DEHAM,HIGH,3.2,CR-CMDU,L-CNYTN-DEHAM,7830.0,28.8,4195.0,DDU,3,premium,2026-06-04T12:00Z,1.3,,2026-06-04T09:12Z
S-703435,ORD-48583,P-SW-3001,Yantian,Callao (Lima),13,ocean,MV IBERIAN CRYSTAL,9583406,in transit,2026-06-14T07:12Z,PEMRI,LOW,0.9,CR-HMMU,L-CNYTN-PEMRI,20792.0,30.4,2923.0,FOB,none,economy,2026-06-12T12:00Z,1.8,,2026-06-11T20:12Z
S-703436,ORD-47124,P-EL-9101,Hamburg,Genoa,15,road,XPO LO-2566,N/A,approaching Genoa,2026-05-24T16:48Z,ITGOA,MEDIUM,1.2,CR-XPOT,L-DEHAM-ITGOA,19567.0,53.4,481.0,DDP,none,economy,2026-05-22T12:00Z,2.2,,2026-05-23T03:48Z
S-703437,ORD-48975,P-CH-2230,Busan,New York/New Jersey,4,ocean,MV BALTIC GLORY,9970777,off Busan,2026-05-25T04:48Z,USNYC,MEDIUM,1.6,CR-CMDU,L-KRPUS-USNYC,17382.0,32.7,1328.0,FOB,none,standard,2026-05-22T12:00Z,2.7,,2026-05-23T07:48Z
S-703438,ORD-44095,P-MC-7200,Frankfurt am Main Airport,Shanghai,9,air,AF-CARGO-906,N/A,87 nm from Shanghai,2026-05-20T07:12Z,CNSHA,MEDIUM,1.3,CR-AFKA,L-DEFRA-CNSHA,17713.0,34.1,169.0,CIF,none,standard,2026-05-20T12:00Z,-0.2,,2026-05-19T01:12Z
S-703439,ORD-45089,P-EL-9002,Hamburg,Genoa,36,road,DACHSE-5901,N/A,176 nm from Genoa,2026-05-29T09:36Z,ITGOA,MEDIUM,1.2,CR-DACH,L-DEHAM-ITGOA,3424.0,29.3,1523.0,FOB,3,standard,2026-05-24T12:00Z,4.9,vessel_change,2026-05-28T13:36Z
S-703440,ORD-48315,P-CH-2230,Hamburg,Genoa,3,road,DACHSE-3860,N/A,off Hamburg,2026-05-28T04:48Z,ITGOA,MEDIUM,1.2,CR-DACH,L-DEHAM-ITGOA,23153.0,41.9,2679.0,DDU,9,premium,2026-05-21T12:00Z,6.7,port_congestion,2026-05-27T17:48Z
S-703441,ORD-44529,P-SN-5001,Frankfurt am Main Airport,Shanghai,5,air,QT-CARGO-919,N/A,148 nm from Shanghai,2026-05-26T12:00Z,CNSHA,MEDIUM,1.3,CR-QTRA,L-DEFRA-CNSHA,25927.0,29.8,1038.0,FOB,none,premium,2026-05-23T12:00Z,3.0,,2026-05-24T05:00Z
S-703442,ORD-44566,P-CH-2211,Shanghai,Hamburg,20,ocean,MV ATLANTIC PIONEER,9191108,in transit,2026-06-04T04:48Z,DEHAM,HIGH,3.2,CR-HMMU,L-CNSHA-DEHAM,1737.0,43.5,11775.0,DDU,none,standard,2026-06-02T12:00Z,1.7,,2026-06-03T21:48Z
S-703443,ORD-48075,P-MC-7102,Mundra,Felixstowe,4,ocean,MV CALEDONIAN BREEZE,9990216,in transit,2026-06-12T00:00Z,GBFXT,MEDIUM,0.9,CR-ZIMU,L-INMUN-GBFXT,16645.0,38.7,29.0,DDU,none,premium,2026-06-10T12:00Z,1.5,,2026-06-11T12:00Z
S-703444,ORD-44729,P-MC-7102,Frankfurt am Main Airport,Shanghai,24,air,FD-CARGO-770,N/A,off Frankfurt am Main Airport,2026-05-21T21:36Z,CNSHA,MEDIUM,1.3,CR-FDXA,L-DEFRA-CNSHA,12997.0,36.6,17964.0,EXW,none,standard,2026-05-20T12:00Z,1.4,delayed,2026-05-19T05:36Z
S-703445,ORD-44468,P-CH-2210,Genoa,Charleston,33,ocean,MV TROPIC VICTORY,9624306,in transit,2026-06-06T19:12Z,USCHS,LOW,0.7,CR-CMDU,L-ITGOA-USCHS,18459.0,58.9,1413.0,EXW,none,economy,2026-06-06T12:00Z,0.3,,2026-06-04T21:12Z
S-703446,ORD-49977,P-PK-4501,Mundra,Felixstowe,16,ocean,MV ASIAN PIONEER,9817414,in transit,2026-06-01T21:36Z,GBFXT,MEDIUM,0.9,CR-WHLU,L-INMUN-GBFXT,464.0,40.5,466.0,FOB,9,economy,2026-06-01T12:00Z,0.4,vessel_change,2026-06-01T17:36Z
S-703447,ORD-46843,P-MC-7100,Tianjin,Łódź Rail Terminal,10,rail,DB SCH-5692,N/A,approaching Łódź Rail Terminal,2026-05-23T16:48Z,PLLDZ,LOW,0.2,CR-DBSC,L-CNTAO-PLLDZ,19695.0,9.1,24186.0,CIF,none,standard,2026-05-25T12:00Z,-1.8,vessel_change,2026-05-22T14:48Z
S-703448,ORD-44197,P-PW-1801,New York/New Jersey,London Heathrow Airport,13,air,QT-CARGO-896,N/A,off New York/New Jersey,2026-05-21T12:00Z,LHRGB,LOW,0.1,CR-QTRA,L-USNYC-LHRGB,15635.0,44.6,2885.0,DAP,3,standard,2026-05-21T12:00Z,-0.0,delayed,2026-05-20T07:00Z
S-703449,ORD-47813,P-PK-4501,Ningbo,Rotterdam,32,ocean,MV ARCTIC BREEZE,9123269,in transit,2026-05-26T16:48Z,NLRTM,LOW,0.4,CR-DSVS,L-CNNGB-NLRTM,6907.0,21.0,484.0,DAP,none,standard,2026-05-26T12:00Z,0.2,,2026-05-24T08:48Z
S-703450,ORD-48331,P-PW-1850,Singapore,Felixstowe,21,ocean,MV NIPPON GLORY,9432439,approaching Felixstowe,2026-05-23T00:00Z,GBFXT,MEDIUM,0.9,CR-CMDU,L-SGSIN-GBFXT,11647.0,54.3,1849.0,FOB,none,standard,2026-05-22T12:00Z,0.5,,2026-05-22T17:00Z
S-703451,ORD-47766,P-PW-1802,Hamburg,Genoa,1,road,DACHSE-3023,N/A,in transit,2026-05-26T19:12Z,ITGOA,MEDIUM,1.2,CR-DACH,L-DEHAM-ITGOA,21879.0,3.7,2032.0,EXW,none,standard,2026-05-23T12:00Z,3.3,,2026-05-24T09:12Z
S-703452,ORD-49282,P-PW-1802,Yantian,Frankfurt am Main Airport,7,air,CX-CARGO-617,N/A,Frankfurt am Main Airport approach,2026-05-21T12:00Z,DEFRA,LOW,0.1,CR-CXCA,L-CNYTN-DEFRA,22152.0,29.6,20.0,CIF,none,standard,2026-05-22T12:00Z,-1.0,,2026-05-21T10:00Z
S-703453,ORD-45843,P-MC-7100,Yantian,Los Angeles,36,ocean,MV NIPPON STAR,9266594,approaching Los Angeles,2026-05-27T07:12Z,USLAX,HIGH,2.6,CR-ONEY,L-CNYTN-USLAX,19753.0,33.7,952.0,CIF,9,economy,2026-05-25T12:00Z,1.8,damage,2026-05-25T06:12Z
S-703454,ORD-49071,P-MC-7100,Genoa,Charleston,1,ocean,MV NORDIC STAR,9692843,Charleston approach,2026-05-28T04:48Z,USCHS,LOW,0.7,CR-ZIMU,L-ITGOA-USCHS,7997.0,29.6,858.0,DAP,none,premium,2026-05-25T12:00Z,2.7,,2026-05-25T14:48Z
S-703455,ORD-44030,P-EL-9001,Ningbo,Rotterdam,7,ocean,MV NORDIC GLORY,9356225,115 nm from Rotterdam,2026-06-09T02:24Z,NLRTM,LOW,0.4,CR-HLCU,L-CNNGB-NLRTM,17216.0,10.6,1316.0,DAP,none,premium,2026-06-09T12:00Z,-0.4,,2026-06-08T00:24Z
S-703456,ORD-44016,P-CH-2210,Jebel Ali (Dubai),Frankfurt am Main Airport,35,air,AF-CARGO-967,N/A,100 nm from Frankfurt am Main Airport,2026-05-21T04:48Z,DEFRA,LOW,0.1,CR-AFKA,L-AEDXB-DEFRA,6856.0,3.4,769.0,FOB,none,standard,2026-05-20T12:00Z,0.7,,2026-05-20T18:48Z
S-703457,ORD-45628,P-PW-1801,Yokohama,Los Angeles,30,ocean,MV IBERIAN GUARDIAN,9123582,off Yokohama,2026-05-25T12:00Z,USLAX,HIGH,2.6,CR-HLCU,L-JPYOK-USLAX,16859.0,49.5,37905.0,CIF,none,standard,2026-05-26T12:00Z,-1.0,vessel_change,2026-05-24T07:00Z
S-703458,ORD-46929,P-EL-9002,Yantian,Los Angeles,16,ocean,MV TROPIC GLORY,9234840,in transit,2026-05-31T12:00Z,USLAX,HIGH,2.6,CR-ZIMU,L-CNYTN-USLAX,6192.0,18.5,112532.0,DAP,8,economy,2026-06-02T12:00Z,-2.0,port_congestion,2026-05-30T12:00Z
S-703459,ORD-47540,P-EL-9002,Yantian,Frankfurt am Main Airport,33,air,DH-CARGO-657,N/A,Frankfurt am Main Airport approach,2026-05-22T21:36Z,DEFRA,LOW,0.1,CR-DHLA,L-CNYTN-DEFRA,25770.0,7.7,7843.0,DDU,none,premium,2026-05-22T12:00Z,0.4,,2026-05-20T00:36Z
S-703460,ORD-48016,P-EL-9001,Busan,Los Angeles,30,ocean,MV ARCTIC EXPRESS,9309741,138 nm from Los Angeles,2026-05-21T12:00Z,USLAX,HIGH,2.6,CR-PILU,L-KRPUS-USLAX,4673.0,28.0,3825.0,DDU,none,standard,2026-05-23T12:00Z,-2.0,,2026-05-18T15:00Z
S-703461,ORD-45008,P-MC-7101,Genoa,Charleston,3,ocean,MV NORDIC STAR,9265857,approaching Charleston,2026-06-03T12:00Z,USCHS,LOW,0.7,CR-WHLU,L-ITGOA-USCHS,9877.0,1.3,581.0,EXW,none,premium,2026-06-03T12:00Z,0.0,,2026-06-02T22:00Z
S-703462,ORD-46988,P-CH-2210,Yantian,Frankfurt am Main Airport,24,air,DH-CARGO-165,N/A,17 nm from Frankfurt am Main Airport,2026-05-21T07:12Z,DEFRA,LOW,0.1,CR-DHLA,L-CNYTN-DEFRA,2741.0,45.9,238.0,FOB,none,premium,2026-05-22T12:00Z,-1.2,,2026-05-18T08:12Z
S-703463,ORD-46555,P-MC-7101,Yantian,Hamburg,8,ocean,MV PACIFIC CRYSTAL,9308739,off Yantian,2026-05-20T19:12Z,DEHAM,HIGH,3.2,CR-ONEY,L-CNYTN-DEHAM,13690.0,42.2,5072.0,CIF,none,economy,2026-05-21T12:00Z,-0.7,,2026-05-19T00:12Z
S-703464,ORD-46819,P-EL-9101,Singapore,Rotterdam,31,ocean,MV ARCTIC VICTORY,9144270,Rotterdam approach,2026-06-05T07:12Z,NLRTM,LOW,0.4,CR-COSU,L-SGSIN-NLRTM,15369.0,5.9,6517.0,CIF,none,economy,2026-06-04T12:00Z,0.8,,2026-06-04T01:12Z
S-703465,ORD-48236,P-MC-7101,Hamburg,Genoa,17,road,DACHSE-6778,N/A,Genoa approach,2026-05-31T02:24Z,ITGOA,MEDIUM,1.2,CR-DACH,L-DEHAM-ITGOA,11625.0,0.5,2570.0,CIF,3,standard,2026-05-24T12:00Z,6.6,customs_hold,2026-05-28T03:24Z
S-703466,ORD-46007,P-CH-2211,Singapore,Frankfurt am Main Airport,14,air,FD-CARGO-753,N/A,65 nm from Frankfurt am Main Airport,2026-05-22T16:48Z,DEFRA,LOW,0.1,CR-FDXA,L-SGSIN-DEFRA,11903.0,38.8,406.0,DDP,none,economy,2026-05-20T12:00Z,2.2,,2026-05-21T02:48Z
S-703467,ORD-47225,P-PW-1802,Yantian,Callao (Lima),27,ocean,MV BALTIC STAR,9592222,69 nm from Callao (Lima),2026-06-18T14:24Z,PEMRI,LOW,0.9,CR-COSU,L-CNYTN-PEMRI,8806.0,10.5,5254.0,DAP,none,premium,2026-06-16T12:00Z,2.1,,2026-06-17T12:24Z
S-703468,ORD-46868,P-CH-2210,Jebel Ali (Dubai),Frankfurt am Main Airport,8,air,LH-CARGO-526,N/A,off Jebel Ali (Dubai),2026-05-19T12:00Z,DEFRA,LOW,0.1,CR-LHCA,L-AEDXB-DEFRA,24621.0,52.5,375.0,FOB,none,premium,2026-05-21T12:00Z,-2.0,delayed,2026-05-18T17:00Z
S-703469,ORD-45202,P-MC-7101,Hong Kong,Rotterdam,20,ocean,MV TROPIC BREEZE,9833351,70 nm from Rotterdam,2026-05-29T00:00Z,NLRTM,LOW,0.4,CR-PILU,L-HKHKG-NLRTM,20301.0,59.7,13020.0,CIF,none,standard,2026-05-26T12:00Z,2.5,,2026-05-26T12:00Z
S-703470,ORD-45304,P-EL-9002,Yantian,Callao (Lima),2,ocean,MV PACIFIC GUARDIAN,9934749,in transit,2026-06-17T19:12Z,PEMRI,LOW,0.9,CR-COSU,L-CNYTN-PEMRI,25463.0,22.3,100226.0,DDU,9,premium,2026-06-18T12:00Z,-0.7,,2026-06-15T15:12Z
S-703471,ORD-46339,P-PW-1801,Rotterdam,New York/New Jersey,35,ocean,MV IBERIAN STAR,9738538,New York/New Jersey approach,2026-05-28T09:36Z,USNYC,MEDIUM,1.6,CR-WHLU,L-NLRTM-USNYC,972.0,23.7,2352.0,DDP,none,standard,2026-05-28T12:00Z,-0.1,,2026-05-28T07:36Z
S-703472,ORD-45237,P-MC-7200,Singapore,Rotterdam,10,ocean,MV CALEDONIAN GLORY,9123584,approaching Rotterdam,2026-06-06T04:48Z,NLRTM,LOW,0.4,CR-ZIMU,L-SGSIN-NLRTM,19943.0,16.5,268.0,DDP,none,economy,2026-06-04T12:00Z,1.7,,2026-06-05T17:48Z
S-703473,ORD-48425,P-CH-2230,Rotterdam,New York/New Jersey,15,ocean,MV ARCTIC STAR,9723899,New York/New Jersey approach,2026-05-26T21:36Z,USNYC,MEDIUM,1.6,CR-DSVS,L-NLRTM-USNYC,9198.0,29.5,1688.0,FOB,9,standard,2026-05-22T12:00Z,4.4,delayed,2026-05-24T19:36Z
S-703474,ORD-49630,P-EL-9003,Los Angeles,Sydney Kingsford Smith Airport,7,air,UP-CARGO-700,N/A,approaching Sydney Kingsford Smith Airport,2026-05-22T21:36Z,AUSYD,LOW,0.1,CR-UPSA,L-USLAX-AUSYD,13439.0,24.8,235.0,EXW,none,standard,2026-05-23T12:00Z,-0.6,,2026-05-20T05:36Z
S-703475,ORD-49057,P-EL-9101,Nhava Sheva,Rotterdam,18,ocean,MV TROPIC BREEZE,9585564,Rotterdam approach,2026-05-25T00:00Z,NLRTM,LOW,0.4,CR-CMDU,L-INNSA-NLRTM,3548.0,20.8,22517.0,FOB,3,standard,2026-05-24T12:00Z,0.5,,2026-05-24T03:00Z
S-703476,ORD-45131,P-MC-7101,Hamburg,Genoa,5,road,DACHSE-5027,N/A,50 nm from Genoa,2026-05-26T04:48Z,ITGOA,MEDIUM,1.2,CR-DACH,L-DEHAM-ITGOA,17983.0,31.6,7622.0,DAP,none,standard,2026-05-24T12:00Z,1.7,,2026-05-24T03:48Z
S-703477,ORD-47731,P-SW-3002,Busan,New York/New Jersey,33,ocean,MV NIPPON CRYSTAL,9436712,in transit,2026-05-30T09:36Z,USNYC,MEDIUM,1.6,CR-DSVS,L-KRPUS-USNYC,15228.0,37.5,25589.0,DDU,none,standard,2026-05-29T12:00Z,0.9,,2026-05-27T20:36Z
S-703478,ORD-44460,P-PW-1850,Valencia,Veracruz,17,ocean,MV IBERIAN STAR,9374375,in transit,2026-06-03T12:00Z,MXVER,MEDIUM,1.3,CR-KNES,L-ESVLC-MXVER,2538.0,2.3,283.0,DAP,none,premium,2026-06-03T12:00Z,-0.0,,2026-06-02T08:00Z
S-703479,ORD-48094,P-PW-1850,Qingdao,Le Havre,9,ocean,MV BALTIC TRADER,9665483,in transit,2026-06-01T21:36Z,FRLEH,MEDIUM,1.0,CR-ZIMU,L-CNQIN-FRLEH,12960.0,4.7,2718.0,DAP,9,standard,2026-06-01T12:00Z,0.4,,2026-05-30T21:36Z
S-703480,ORD-45157,P-PK-4500,Tianjin,Hamburg,3,ocean,MV PACIFIC BREEZE,9114461,151 nm from Hamburg,2026-06-06T21:36Z,DEHAM,HIGH,3.2,CR-ZIMU,L-CNTAO-DEHAM,5363.0,2.8,25084.0,DDP,none,premium,2026-06-06T12:00Z,0.4,,2026-06-06T13:36Z
S-703481,ORD-49658,P-SW-3001,Jebel Ali (Dubai),Rotterdam,3,ocean,MV IBERIAN VICTORY,9784712,in transit,2026-06-07T04:48Z,NLRTM,LOW,0.4,CR-YMLU,L-AEDXB-NLRTM,19050.0,56.5,254.0,DDP,none,standard,2026-06-06T12:00Z,0.7,delayed,2026-06-04T17:48Z
S-703482,ORD-48127,P-EL-9002,Shanghai,Rotterdam,25,ocean,MV PACIFIC TRADER,9810568,approaching Rotterdam,2026-06-08T12:00Z,NLRTM,LOW,0.4,CR-WHLU,L-CNSHA-NLRTM,15743.0,58.1,4691.0,FOB,none,premium,2026-06-10T12:00Z,-2.0,,2026-06-07T05:00Z
S-703483,ORD-46390,P-SN-5001,Genoa,Charleston,12,ocean,MV ATLANTIC SPIRIT,9726725,approaching Charleston,2026-06-03T09:36Z,USCHS,LOW,0.7,CR-HLCU,L-ITGOA-USCHS,20065.0,35.7,2720.0,DDP,9,premium,2026-06-01T12:00Z,1.9,,2026-06-02T02:36Z
S-703484,ORD-44608,P-MC-7102,Antwerp,New York/New Jersey,13,ocean,MV PACIFIC GLORY,9227366,off Antwerp,2026-05-26T00:00Z,USNYC,MEDIUM,1.6,CR-WHLU,L-BEANR-USNYC,1628.0,40.9,53226.0,DDP,none,premium,2026-05-21T12:00Z,4.5,customs_hold,2026-05-25T21:00Z
S-703485,ORD-49002,P-CH-2210,Busan,New York/New Jersey,12,ocean,MV PACIFIC VICTORY,9137448,off Busan,2026-06-21T19:12Z,USNYC,MEDIUM,1.6,CR-EGLV,L-KRPUS-USNYC,9495.0,35.9,62905.0,FOB,none,standard,2026-06-20T12:00Z,1.3,,2026-06-21T15:12Z
S-703486,ORD-46837,P-MC-7102,Singapore,Rotterdam,22,ocean,MV IBERIAN GLORY,9193566,off Singapore,2026-06-03T21:36Z,NLRTM,LOW,0.4,CR-ONEY,L-SGSIN-NLRTM,18908.0,25.0,32540.0,CIF,none,standard,2026-06-04T12:00Z,-0.6,,2026-06-01T08:36Z
S-703487,ORD-44365,P-EL-9001,Tokyo,Vancouver,21,ocean,MV ATLANTIC CRYSTAL,9712484,Vancouver approach,2026-06-04T16:48Z,CASOG,LOW,0.6,CR-ZIMU,L-JPTYO-CASOG,15591.0,38.4,1569.0,DDP,none,economy,2026-06-03T12:00Z,1.2,,2026-06-02T11:48Z
S-703488,ORD-48713,P-CH-2211,Hong Kong,Frankfurt am Main Airport,17,air,AF-CARGO-254,N/A,off Hong Kong,2026-05-23T19:12Z,DEFRA,LOW,0.1,CR-AFKA,L-HKHKG-DEFRA,25438.0,1.4,4034.0,DDP,none,premium,2026-05-23T12:00Z,0.3,,2026-05-23T10:12Z
S-703489,ORD-48345,P-PW-1801,Chicago O'Hare Airport,Hong Kong,32,air,DH-CARGO-302,N/A,Hong Kong approach,2026-05-25T09:36Z,HKHKG,LOW,0.8,CR-DHLA,L-USORD-HKHKG,23962.0,46.8,12543.0,DDP,none,economy,2026-05-20T12:00Z,4.9,vessel_change,2026-05-24T00:36Z
S-703490,ORD-49312,P-PK-4501,Busan,New York/New Jersey,13,ocean,MV ASIAN EXPRESS,9146272,187 nm from New York/New Jersey,2026-06-05T00:00Z,USNYC,MEDIUM,1.6,CR-MAEU,L-KRPUS-USNYC,8058.0,14.1,2623.0,DDP,8,standard,2026-06-02T12:00Z,2.5,,2026-06-03T01:00Z
S-703491,ORD-49945,P-PK-4500,Salalah,Rotterdam,16,ocean,MV NORDIC CRYSTAL,9756870,in transit,2026-05-28T21:36Z,NLRTM,LOW,0.4,CR-MSCU,L-OMSLL-NLRTM,16053.0,16.5,31848.0,DDU,none,premium,2026-05-27T12:00Z,1.4,port_congestion,2026-05-27T22:36Z
S-703492,ORD-47872,P-PK-4500,Salalah,Rotterdam,13,ocean,MV PACIFIC BREEZE,9495486,approaching Rotterdam,2026-06-03T09:36Z,NLRTM,LOW,0.4,CR-EGLV,L-OMSLL-NLRTM,12933.0,23.8,8029.0,DAP,8,premium,2026-06-04T12:00Z,-1.1,damage,2026-06-01T13:36Z
S-703493,ORD-46307,P-PW-1802,Ningbo,Rotterdam,11,ocean,MV CALEDONIAN TRADER,9137501,71 nm from Rotterdam,2026-06-11T00:00Z,NLRTM,LOW,0.4,CR-MSCU,L-CNNGB-NLRTM,9115.0,30.7,9076.0,DDU,none,premium,2026-06-10T12:00Z,0.5,,2026-06-10T23:00Z
S-703494,ORD-48157,P-EL-9003,Chicago O'Hare Airport,Hong Kong,16,air,UP-CARGO-929,N/A,Hong Kong approach,2026-05-31T09:36Z,HKHKG,LOW,0.8,CR-UPSA,L-USORD-HKHKG,16510.0,19.4,6445.0,DAP,8,standard,2026-05-24T12:00Z,6.9,damage,2026-05-29T13:36Z
S-703495,ORD-47891,P-PW-1801,Yantian,Los Angeles,14,ocean,MV ASIAN GLORY,9768186,Los Angeles approach,2026-05-27T16:48Z,USLAX,HIGH,2.6,CR-EGLV,L-CNYTN-USLAX,7200.0,10.5,17384.0,DDU,none,premium,2026-05-28T12:00Z,-0.8,,2026-05-27T06:48Z
S-703496,ORD-45626,P-CH-2211,Hong Kong,Rotterdam,11,ocean,MV NORDIC GLORY,9118981,in transit,2026-06-08T16:48Z,NLRTM,LOW,0.4,CR-COSU,L-HKHKG-NLRTM,921.0,25.5,1395.0,CIF,none,economy,2026-06-08T12:00Z,0.2,,2026-06-06T21:48Z
S-703497,ORD-44067,P-PK-4501,Shanghai,Los Angeles,10,ocean,MV PACIFIC PIONEER,9214274,Los Angeles approach,2026-06-08T00:00Z,USLAX,HIGH,2.6,CR-COSU,L-CNSHA-USLAX,24824.0,30.4,92.0,DDU,8,standard,2026-06-04T12:00Z,3.5,,2026-06-05T23:00Z
S-703498,ORD-49971,P-SN-5001,Rotterdam,New York/New Jersey,34,ocean,MV BALTIC CRYSTAL,9144810,37 nm from New York/New Jersey,2026-05-31T19:12Z,USNYC,MEDIUM,1.6,CR-ZIMU,L-NLRTM-USNYC,9349.0,56.4,173036.0,DAP,none,economy,2026-05-29T12:00Z,2.3,,2026-05-30T10:12Z
S-703499,ORD-45756,P-PK-4500,Rotterdam,Santos,31,ocean,MV ARCTIC VICTORY,9138733,52 nm from Santos,2026-06-13T21:36Z,BRSSZ,MEDIUM,1.7,CR-HLCU,L-NLRTM-BRSSZ,14413.0,52.4,820.0,EXW,none,standard,2026-06-12T12:00Z,1.4,,2026-06-12T10:36Z
S-703500,ORD-45355,P-MC-7101,Hong Kong,Oakland,35,ocean,MV NORDIC EXPRESS,9641327,off Hong Kong,2026-05-23T16:48Z,USOAK,MEDIUM,1.4,CR-DSVS,L-HKHKG-USOAK,15137.0,9.8,5859.0,CIF,none,standard,2026-05-21T12:00Z,2.2,port_congestion,2026-05-21T05:48Z
S-703501,ORD-49624,P-CH-2211,Busan,New York/New Jersey,4,ocean,MV TROPIC SPIRIT,9574958,108 nm from New York/New Jersey,2026-06-16T07:12Z,USNYC,MEDIUM,1.6,CR-MAEU,L-KRPUS-USNYC,15644.0,4.0,7721.0,DDP,none,standard,2026-06-14T12:00Z,1.8,,2026-06-15T07:12Z
S-703502,ORD-47782,P-PW-1801,Singapore,Frankfurt am Main Airport,26,air,EK-CARGO-617,N/A,in transit,2026-05-21T09:36Z,DEFRA,LOW,0.1,CR-EKCA,L-SGSIN-DEFRA,13364.0,28.1,155.0,FOB,none,economy,2026-05-21T12:00Z,-0.1,,2026-05-18T21:36Z
S-703503,ORD-49476,P-EL-9101,Rotterdam,Santos,17,ocean,MV IBERIAN TRADER,9369867,in transit,2026-05-30T14:24Z,BRSSZ,MEDIUM,1.7,CR-HMMU,L-NLRTM-BRSSZ,20321.0,59.7,114.0,DDU,8,standard,2026-05-29T12:00Z,1.1,,2026-05-28T15:24Z
S-703504,ORD-47531,P-MC-7100,Singapore,Rotterdam,13,ocean,MV ATLANTIC BREEZE,9718561,approaching Rotterdam,2026-05-23T09:36Z,NLRTM,LOW,0.4,CR-HMMU,L-SGSIN-NLRTM,1072.0,24.1,54819.0,DAP,none,premium,2026-05-24T12:00Z,-1.1,,2026-05-21T04:36Z
S-703505,ORD-45460,P-CH-2211,Shanghai,New York/New Jersey,2,ocean,MV ASIAN TRADER,9572376,off Shanghai,2026-05-29T00:00Z,USNYC,MEDIUM,1.6,CR-YMLU,L-CNSHA-USNYC,11962.0,58.6,103405.0,DAP,none,premium,2026-05-28T12:00Z,0.5,,2026-05-28T18:00Z
S-703506,ORD-46233,P-CH-2211,Shanghai,Los Angeles,20,ocean,MV IBERIAN TRADER,9728770,Los Angeles approach,2026-05-20T12:00Z,USLAX,HIGH,2.6,CR-MSCU,L-CNSHA-USLAX,7405.0,30.3,3547.0,FOB,none,premium,2026-05-20T12:00Z,0.0,,2026-05-18T17:00Z
S-703507,ORD-47300,P-EL-9003,Hong Kong,Rotterdam,19,ocean,MV TROPIC GLORY,9463677,in transit,2026-06-05T04:48Z,NLRTM,LOW,0.4,CR-HMMU,L-HKHKG-NLRTM,13352.0,27.8,1026.0,DDP,none,standard,2026-06-04T12:00Z,0.7,,2026-06-03T22:48Z
S-703508,ORD-46296,P-SW-3002,Qingdao,Le Havre,21,ocean,MV ARCTIC STAR,9807480,off Qingdao,2026-06-25T12:00Z,FRLEH,MEDIUM,1.0,CR-WHLU,L-CNQIN-FRLEH,13700.0,33.4,3091.0,EXW,none,premium,2026-06-22T12:00Z,3.0,,2026-06-23T00:00Z
S-703509,ORD-47495,P-SW-3002,Hong Kong,Frankfurt am Main Airport,6,air,UP-CARGO-693,N/A,approaching Frankfurt am Main Airport,2026-05-24T21:36Z,DEFRA,LOW,0.1,CR-UPSA,L-HKHKG-DEFRA,12460.0,46.2,41202.0,DDU,none,premium,2026-05-23T12:00Z,1.4,,2026-05-23T09:36Z
S-703510,ORD-48010,P-EL-9002,New York/New Jersey,London Heathrow Airport,22,air,UP-CARGO-477,N/A,in transit,2026-05-22T21:36Z,LHRGB,LOW,0.1,CR-UPSA,L-USNYC-LHRGB,10350.0,56.4,39393.0,DDU,8,standard,2026-05-22T12:00Z,0.4,port_congestion,2026-05-21T05:36Z
S-703511,ORD-49080,P-SW-3002,Hamburg,Durban,17,ocean,MV ARCTIC PIONEER,9953145,Durban approach,2026-05-27T14:24Z,ZADUR,MEDIUM,1.5,CR-HLCU,L-DEHAM-ZADUR,9272.0,43.8,3139.0,FOB,none,standard,2026-05-26T12:00Z,1.1,,2026-05-24T21:24Z
S-703512,ORD-47399,P-SN-5001,Busan,New York/New Jersey,15,ocean,MV CALEDONIAN BREEZE,9576521,approaching New York/New Jersey,2026-06-08T16:48Z,USNYC,MEDIUM,1.6,CR-ONEY,L-KRPUS-USNYC,23592.0,25.6,1196.0,FOB,3,premium,2026-06-07T12:00Z,1.2,,2026-06-07T16:48Z
S-703513,ORD-46859,P-PK-4501,Tokyo,Vancouver,4,ocean,MV IBERIAN VICTORY,9954002,Vancouver approach,2026-05-31T16:48Z,CASOG,LOW,0.6,CR-WHLU,L-JPTYO-CASOG,2455.0,37.6,2583.0,FOB,none,premium,2026-06-01T12:00Z,-0.8,,2026-05-29T09:48Z
S-703514,ORD-47566,P-MC-7101,Hong Kong,Frankfurt am Main Airport,32,air,CX-CARGO-198,N/A,off Hong Kong,2026-05-20T09:36Z,DEFRA,LOW,0.1,CR-CXCA,L-HKHKG-DEFRA,23864.0,12.2,13186.0,FOB,9,economy,2026-05-20T12:00Z,-0.1,customs_hold,2026-05-19T02:36Z
S-703515,ORD-49726,P-MC-7200,New York/New Jersey,London Heathrow Airport,26,air,EK-CARGO-796,N/A,off New York/New Jersey,2026-05-22T14:24Z,LHRGB,LOW,0.1,CR-EKCA,L-USNYC-LHRGB,6220.0,22.4,54272.0,CIF,9,standard,2026-05-23T12:00Z,-0.9,,2026-05-20T23:24Z
S-703516,ORD-47452,P-MC-7102,New York/New Jersey,London Heathrow Airport,7,air,AF-CARGO-738,N/A,in transit,2026-05-23T09:36Z,LHRGB,LOW,0.1,CR-AFKA,L-USNYC-LHRGB,25767.0,9.8,433.0,DDP,none,standard,2026-05-21T12:00Z,1.9,,2026-05-20T09:36Z
S-703517,ORD-49993,P-PK-4500,Salalah,Rotterdam,14,ocean,MV ARCTIC TRADER,9994017,in transit,2026-06-04T12:00Z,NLRTM,LOW,0.4,CR-WHLU,L-OMSLL-NLRTM,10769.0,29.0,1278.0,DAP,none,standard,2026-06-03T12:00Z,1.0,,2026-06-02T04:00Z
S-703518,ORD-44893,P-PW-1850,Tokyo,Vancouver,5,ocean,MV ASIAN GUARDIAN,9790798,Vancouver approach,2026-05-28T00:00Z,CASOG,LOW,0.6,CR-PILU,L-JPTYO-CASOG,11047.0,27.5,15971.0,EXW,none,standard,2026-05-26T12:00Z,1.5,,2026-05-27T13:00Z
S-703519,ORD-44339,P-EL-9001,Antwerp,New York/New Jersey,16,ocean,MV CALEDONIAN PIONEER,9986658,off Antwerp,2026-05-31T14:24Z,USNYC,MEDIUM,1.6,CR-MAEU,L-BEANR-USNYC,21511.0,21.4,2080.0,DAP,none,standard,2026-06-02T12:00Z,-1.9,,2026-05-29T11:24Z
S-703520,ORD-45633,P-SW-3001,Genoa,Charleston,2,ocean,MV NIPPON EXPRESS,9362905,approaching Charleston,2026-06-08T16:48Z,USCHS,LOW,0.7,CR-KNES,L-ITGOA-USCHS,17953.0,32.2,312.0,FOB,none,premium,2026-06-05T12:00Z,3.2,,2026-06-07T02:48Z
S-703521,ORD-48397,P-EL-9102,Chicago O'Hare Airport,Hong Kong,34,air,QT-CARGO-648,N/A,in transit,2026-05-28T02:24Z,HKHKG,LOW,0.8,CR-QTRA,L-USORD-HKHKG,4958.0,20.6,1783.0,DDP,3,premium,2026-05-21T12:00Z,6.6,vessel_change,2026-05-27T10:24Z
S-703522,ORD-45518,P-MC-7200,Hamburg,Santos,23,ocean,MV ATLANTIC TRADER,9220556,off Hamburg,2026-06-03T00:00Z,BRSSZ,MEDIUM,1.7,CR-HMMU,L-DEHAM-BRSSZ,24394.0,40.6,95.0,FOB,3,premium,2026-06-01T12:00Z,1.5,,2026-05-31T13:00Z
S-703523,ORD-45037,P-EL-9101,Chicago O'Hare Airport,Hong Kong,13,air,LH-CARGO-134,N/A,off Chicago O'Hare Airport,2026-05-23T14:24Z,HKHKG,LOW,0.8,CR-LHCA,L-USORD-HKHKG,1002.0,48.4,9227.0,DAP,none,economy,2026-05-21T12:00Z,2.1,,2026-05-22T08:24Z
S-703524,ORD-46691,P-EL-9001,Shanghai,Hamburg,23,ocean,MV IBERIAN GUARDIAN,9443771,approaching Hamburg,2026-05-31T09:36Z,DEHAM,HIGH,3.2,CR-DSVS,L-CNSHA-DEHAM,24290.0,9.1,3800.0,DDU,none,standard,2026-05-30T12:00Z,0.9,,2026-05-28T13:36Z
S-703525,ORD-49157,P-PW-1850,Yantian,Callao (Lima),31,ocean,MV PACIFIC GUARDIAN,9283175,off Yantian,2026-05-23T09:36Z,PEMRI,LOW,0.9,CR-DSVS,L-CNYTN-PEMRI,20768.0,31.9,888.0,DAP,8,standard,2026-05-22T12:00Z,0.9,customs_hold,2026-05-22T19:36Z
S-703526,ORD-45059,P-EL-9003,Shanghai,Düsseldorf Rail Terminal,7,rail,DB SCH-3360,N/A,in transit,2026-05-31T14:24Z,DEDUS,LOW,0.2,CR-DBSC,L-CNSHA-DEDUS,7902.0,37.9,149985.0,CIF,none,standard,2026-06-02T12:00Z,-1.9,,2026-05-29T14:24Z
S-703527,ORD-45791,P-PK-4500,Busan,New York/New Jersey,14,ocean,MV ARCTIC GLORY,9632795,171 nm from New York/New Jersey,2026-06-18T00:00Z,USNYC,MEDIUM,1.6,CR-EGLV,L-KRPUS-USNYC,9567.0,3.0,1006.0,CIF,none,standard,2026-06-16T12:00Z,1.5,,2026-06-15T15:00Z
S-703528,ORD-45627,P-CH-2210,Rotterdam,Santos,9,ocean,MV CALEDONIAN TRADER,9764150,in transit,2026-05-30T12:00Z,BRSSZ,MEDIUM,1.7,CR-COSU,L-NLRTM-BRSSZ,19211.0,47.6,6370.0,FOB,9,standard,2026-05-30T12:00Z,0.0,,2026-05-28T00:00Z
S-703529,ORD-47791,P-MC-7102,Singapore,Frankfurt am Main Airport,17,air,UP-CARGO-293,N/A,68 nm from Frankfurt am Main Airport,2026-05-22T09:36Z,DEFRA,LOW,0.1,CR-UPSA,L-SGSIN-DEFRA,11384.0,57.5,438.0,EXW,none,premium,2026-05-22T12:00Z,-0.1,,2026-05-20T04:36Z
S-703530,ORD-45473,P-PK-4500,Rotterdam,Santos,32,ocean,MV BALTIC BREEZE,9290979,Santos approach,2026-05-22T21:36Z,BRSSZ,MEDIUM,1.7,CR-HMMU,L-NLRTM-BRSSZ,3715.0,58.6,19180.0,DDP,8,standard,2026-05-23T12:00Z,-0.6,,2026-05-20T10:36Z
S-703531,ORD-45081,P-EL-9102,Shanghai,Los Angeles,7,ocean,MV NORDIC STAR,9482293,Los Angeles approach,2026-06-05T02:24Z,USLAX,HIGH,2.6,CR-MAEU,L-CNSHA-USLAX,16186.0,21.1,5745.0,DDP,none,standard,2026-06-05T12:00Z,-0.4,,2026-06-04T15:24Z
S-703532,ORD-47415,P-EL-9002,Hong Kong,Frankfurt am Main Airport,32,air,EK-CARGO-976,N/A,off Hong Kong,2026-05-21T09:36Z,DEFRA,LOW,0.1,CR-EKCA,L-HKHKG-DEFRA,18722.0,2.5,541.0,EXW,none,standard,2026-05-20T12:00Z,0.9,,2026-05-21T06:36Z
S-703533,ORD-46917,P-CH-2211,Singapore,Felixstowe,15,ocean,MV BALTIC PIONEER,9743940,57 nm from Felixstowe,2026-06-13T00:00Z,GBFXT,MEDIUM,0.9,CR-KNES,L-SGSIN-GBFXT,8754.0,53.8,12454.0,DDP,none,premium,2026-06-10T12:00Z,2.5,customs_hold,2026-06-10T23:00Z
S-703534,ORD-46111,P-CH-2211,Jebel Ali (Dubai),Frankfurt am Main Airport,35,air,AF-CARGO-199,N/A,off Jebel Ali (Dubai),2026-05-23T07:12Z,DEFRA,LOW,0.1,CR-AFKA,L-AEDXB-DEFRA,15627.0,12.4,2653.0,DDU,8,standard,2026-05-21T12:00Z,1.8,delayed,2026-05-22T00:12Z
S-703535,ORD-48397,P-EL-9003,Los Angeles,Sydney Kingsford Smith Airport,11,air,CX-CARGO-604,N/A,127 nm from Sydney Kingsford Smith Airport,2026-05-23T00:00Z,AUSYD,LOW,0.1,CR-CXCA,L-USLAX-AUSYD,14576.0,30.9,448.0,DDP,3,standard,2026-05-21T12:00Z,1.5,,2026-05-20T19:00Z
S-703536,ORD-48638,P-SW-3002,Rotterdam,Santos,7,ocean,MV PACIFIC GLORY,9447203,Santos approach,2026-06-10T21:36Z,BRSSZ,MEDIUM,1.7,CR-YMLU,L-NLRTM-BRSSZ,9967.0,8.3,300.0,DAP,3,standard,2026-06-11T12:00Z,-0.6,,2026-06-10T11:36Z
S-703537,ORD-45392,P-EL-9101,Salalah,Rotterdam,19,ocean,MV CALEDONIAN SPIRIT,9590351,in transit,2026-06-04T19:12Z,NLRTM,LOW,0.4,CR-KNES,L-OMSLL-NLRTM,14713.0,35.9,24163.0,DDU,none,premium,2026-06-04T12:00Z,0.3,,2026-06-02T20:12Z
S-703538,ORD-49850,P-EL-9003,Frankfurt am Main Airport,Shanghai,19,air,LH-CARGO-938,N/A,102 nm from Shanghai,2026-05-23T21:36Z,CNSHA,MEDIUM,1.3,CR-LHCA,L-DEFRA-CNSHA,1380.0,11.6,5702.0,EXW,none,standard,2026-05-21T12:00Z,2.4,,2026-05-23T17:36Z
S-703539,ORD-45816,P-EL-9001,Antwerp,New York/New Jersey,27,ocean,MV IBERIAN EXPRESS,9973351,in transit,2026-06-06T21:36Z,USNYC,MEDIUM,1.6,CR-HMMU,L-BEANR-USNYC,13044.0,26.8,8122.0,FOB,none,economy,2026-06-02T12:00Z,4.4,customs_hold,2026-06-05T05:36Z
S-703540,ORD-46768,P-SW-3001,Yantian,Los Angeles,26,ocean,MV ARCTIC STAR,9419221,off Yantian,2026-06-07T04:48Z,USLAX,HIGH,2.6,CR-KNES,L-CNYTN-USLAX,21841.0,15.3,3231.0,FOB,none,premium,2026-06-04T12:00Z,2.7,customs_hold,2026-06-06T17:48Z
S-703541,ORD-49688,P-PW-1801,Shanghai,Hamburg,20,ocean,MV NIPPON GUARDIAN,9202699,in transit,2026-06-10T04:48Z,DEHAM,HIGH,3.2,CR-CMDU,L-CNSHA-DEHAM,11164.0,7.8,1755.0,DDU,none,standard,2026-06-09T12:00Z,0.7,,2026-06-07T07:48Z
S-703542,ORD-45672,P-EL-9003,Genoa,Charleston,30,ocean,MV BALTIC GLORY,9554239,163 nm from Charleston,2026-05-28T21:36Z,USCHS,LOW,0.7,CR-EGLV,L-ITGOA-USCHS,7698.0,3.7,504.0,DDP,none,premium,2026-05-26T12:00Z,2.4,,2026-05-26T15:36Z
S-703543,ORD-47793,P-SN-5001,Genoa,Charleston,25,ocean,MV BALTIC CRYSTAL,9728036,Charleston approach,2026-05-28T07:12Z,USCHS,LOW,0.7,CR-WHLU,L-ITGOA-USCHS,21192.0,31.3,250000,CIF,8,premium,2026-05-27T12:00Z,0.8,,2026-05-25T23:12Z
S-703544,ORD-46988,P-EL-9101,Shanghai,Düsseldorf Rail Terminal,18,rail,DB SCH-3274,N/A,90 nm from Düsseldorf Rail Terminal,2026-05-25T02:24Z,DEDUS,LOW,0.2,CR-DBSC,L-CNSHA-DEDUS,13414.0,33.3,2133.0,EXW,9,premium,2026-05-23T12:00Z,1.6,,2026-05-24T06:24Z
S-703545,ORD-49658,P-MC-7200,Shanghai,Los Angeles,26,ocean,MV BALTIC PIONEER,9339717,60 nm from Los Angeles,2026-05-23T04:48Z,USLAX,HIGH,2.6,CR-MSCU,L-CNSHA-USLAX,9805.0,49.9,32057.0,FOB,none,standard,2026-05-21T12:00Z,1.7,,2026-05-20T18:48Z
S-703546,ORD-44326,P-PK-4501,Qingdao,Le Havre,5,ocean,MV ARCTIC SPIRIT,9254350,in transit,2026-06-08T07:12Z,FRLEH,MEDIUM,1.0,CR-ZIMU,L-CNQIN-FRLEH,15124.0,10.3,9239.0,CIF,3,premium,2026-06-09T12:00Z,-1.2,port_congestion,2026-06-05T20:12Z
S-703547,ORD-46068,P-PW-1802,Jebel Ali (Dubai),Frankfurt am Main Airport,7,air,EK-CARGO-758,N/A,70 nm from Frankfurt am Main Airport,2026-05-24T14:24Z,DEFRA,LOW,0.1,CR-EKCA,L-AEDXB-DEFRA,23712.0,27.7,8002.0,DDU,3,standard,2026-05-23T12:00Z,1.1,,2026-05-24T02:24Z
S-703548,ORD-46421,P-PK-4500,Shanghai,Hamburg,17,ocean,MV ARCTIC VICTORY,9781082,in transit,2026-05-31T00:00Z,DEHAM,HIGH,3.2,CR-EGLV,L-CNSHA-DEHAM,4245.0,1.9,116.0,CIF,8,economy,2026-05-31T12:00Z,-0.5,,2026-05-30T06:00Z
S-703549,ORD-45802,P-MC-7102,Shanghai,Rotterdam,20,ocean,MV CALEDONIAN VICTORY,9761190,Rotterdam approach,2026-06-21T07:12Z,NLRTM,LOW,0.4,CR-HMMU,L-CNSHA-NLRTM,4282.0,43.7,2277.0,DAP,3,economy,2026-06-20T12:00Z,0.8,,2026-06-18T17:12Z
S-703550,ORD-45159,P-EL-9003,Ningbo,Rotterdam,15,ocean,MV CALEDONIAN SPIRIT,9426848,102 nm from Rotterdam,2026-06-07T16:48Z,NLRTM,LOW,0.4,CR-HLCU,L-CNNGB-NLRTM,10740.0,46.8,411.0,DAP,none,economy,2026-06-08T12:00Z,-0.8,,2026-06-05T09:48Z
S-703551,ORD-45163,P-EL-9002,Yantian,Callao (Lima),10,ocean,MV ATLANTIC STAR,9304979,in transit,2026-06-05T19:12Z,PEMRI,LOW,0.9,CR-KNES,L-CNYTN-PEMRI,20623.0,23.9,5514.0,DAP,none,economy,2026-06-05T12:00Z,0.3,,2026-06-03T21:12Z
S-703552,ORD-46375,P-PW-1801,Hamburg,Durban,35,ocean,MV ARCTIC STAR,9620714,off Hamburg,2026-05-26T04:48Z,ZADUR,MEDIUM,1.5,CR-HMMU,L-DEHAM-ZADUR,22241.0,11.3,1312.0,CIF,none,standard,2026-05-23T12:00Z,2.7,port_congestion,2026-05-23T09:48Z
S-703553,ORD-46999,P-MC-7101,Los Angeles,Sydney Kingsford Smith Airport,5,air,QT-CARGO-224,N/A,Sydney Kingsford Smith Airport approach,2026-05-20T14:24Z,AUSYD,LOW,0.1,CR-QTRA,L-USLAX-AUSYD,7963.0,50.9,241049.0,CIF,none,standard,2026-05-20T12:00Z,0.1,,2026-05-20T12:24Z
S-703554,ORD-44438,P-PW-1802,Singapore,Rotterdam,3,ocean,MV ARCTIC GUARDIAN,9187983,Rotterdam approach,2026-06-03T04:48Z,NLRTM,LOW,0.4,CR-KNES,L-SGSIN-NLRTM,23513.0,20.0,505.0,DAP,3,standard,2026-06-04T12:00Z,-1.3,,2026-06-02T03:48Z
S-703555,ORD-45312,P-CH-2210,New York/New Jersey,London Heathrow Airport,11,air,LH-CARGO-724,N/A,off New York/New Jersey,2026-05-22T19:12Z,LHRGB,LOW,0.1,CR-LHCA,L-USNYC-LHRGB,16999.0,55.6,12396.0,DDP,none,premium,2026-05-23T12:00Z,-0.7,vessel_change,2026-05-21T03:12Z
S-703556,ORD-44699,P-MC-7100,Yantian,Hamburg,33,ocean,MV ASIAN TRADER,9225698,in transit,2026-05-24T16:48Z,DEHAM,HIGH,3.2,CR-ZIMU,L-CNYTN-DEHAM,19164.0,16.5,194.0,EXW,none,premium,2026-05-25T12:00Z,-0.8,,2026-05-22T04:48Z
S-703557,ORD-45705,P-EL-9002,Shanghai,New York/New Jersey,35,ocean,MV CALEDONIAN STAR,9945100,New York/New Jersey approach,2026-06-16T07:12Z,USNYC,MEDIUM,1.6,CR-ZIMU,L-CNSHA-USNYC,4884.0,58.7,2664.0,DDP,8,premium,2026-06-15T12:00Z,0.8,,2026-06-16T02:12Z
S-703558,ORD-46292,P-CH-2210,Yantian,Hamburg,35,ocean,MV IBERIAN CRYSTAL,9588332,off Yantian,2026-05-31T00:00Z,DEHAM,HIGH,3.2,CR-MAEU,L-CNYTN-DEHAM,8099.0,35.6,7134.0,EXW,none,economy,2026-05-28T12:00Z,2.5,delayed,2026-05-28T04:00Z
S-703559,ORD-46684,P-SW-3001,Frankfurt am Main Airport,Shanghai,30,air,DH-CARGO-724,N/A,42 nm from Shanghai,2026-05-23T04:48Z,CNSHA,MEDIUM,1.3,CR-DHLA,L-DEFRA-CNSHA,16726.0,9.4,5835.0,DDP,none,standard,2026-05-22T12:00Z,0.7,customs_hold,2026-05-20T10:48Z
S-703560,ORD-45609,P-MC-7102,Chicago O'Hare Airport,Hong Kong,10,air,EK-CARGO-819,N/A,in transit,2026-05-24T16:48Z,HKHKG,LOW,0.8,CR-EKCA,L-USORD-HKHKG,182.0,49.3,5159.0,CIF,none,standard,2026-05-21T12:00Z,3.2,,2026-05-24T01:48Z
S-703561,ORD-44255,P-EL-9102,Antwerp,New York/New Jersey,27,ocean,MV NIPPON TRADER,9266448,New York/New Jersey approach,2026-05-21T12:00Z,USNYC,MEDIUM,1.6,CR-ZIMU,L-BEANR-USNYC,16702.0,40.4,2489.0,FOB,none,standard,2026-05-23T12:00Z,-2.0,,2026-05-19T23:00Z
S-703562,ORD-45520,P-CH-2230,Hamburg,Santos,3,ocean,MV ARCTIC SPIRIT,9658899,in transit,2026-06-09T09:36Z,BRSSZ,MEDIUM,1.7,CR-KNES,L-DEHAM-BRSSZ,7774.0,53.0,12365.0,DAP,8,premium,2026-06-10T12:00Z,-1.1,,2026-06-07T08:36Z
S-703563,ORD-48779,P-MC-7100,Chicago O'Hare Airport,Hong Kong,33,air,LH-CARGO-377,N/A,Hong Kong approach,2026-05-22T14:24Z,HKHKG,LOW,0.8,CR-LHCA,L-USORD-HKHKG,11247.0,12.7,5671.0,DDU,none,standard,2026-05-21T12:00Z,1.1,,2026-05-22T10:24Z
S-703564,ORD-45091,P-PK-4501,Shanghai,Düsseldorf Rail Terminal,13,rail,DB SCH-1492,N/A,off Shanghai,2026-05-27T04:48Z,DEDUS,LOW,0.2,CR-DBSC,L-CNSHA-DEDUS,4879.0,40.4,2372.0,DDP,3,economy,2026-05-27T12:00Z,-0.3,,2026-05-26T07:48Z
S-703565,ORD-47958,P-CH-2210,Valencia,Veracruz,15,ocean,MV TROPIC TRADER,9906772,Veracruz approach,2026-05-30T07:12Z,MXVER,MEDIUM,1.3,CR-COSU,L-ESVLC-MXVER,13677.0,55.7,6354.0,CIF,none,premium,2026-05-31T12:00Z,-1.2,,2026-05-27T15:12Z
S-703566,ORD-45251,P-MC-7102,Tianjin,Łódź Rail Terminal,19,rail,DB SCH-2220,N/A,in transit,2026-05-21T00:00Z,PLLDZ,LOW,0.2,CR-DBSC,L-CNTAO-PLLDZ,269.0,17.4,19949.0,DDP,9,premium,2026-05-21T12:00Z,-0.5,,2026-05-20T19:00Z
S-703567,ORD-46512,P-EL-9003,Shanghai,Los Angeles,33,ocean,MV IBERIAN PIONEER,9725180,approaching Los Angeles,2026-05-29T12:00Z,USLAX,HIGH,2.6,CR-WHLU,L-CNSHA-USLAX,10174.0,36.8,3546.0,DDP,none,premium,2026-05-29T12:00Z,-0.0,,2026-05-27T18:00Z
S-703568,ORD-46438,P-EL-9001,Shanghai,Düsseldorf Rail Terminal,14,rail,DB SCH-6452,N/A,off Shanghai,2026-05-23T07:12Z,DEDUS,LOW,0.2,CR-DBSC,L-CNSHA-DEDUS,3348.0,49.5,2886.0,CIF,none,premium,2026-05-22T12:00Z,0.8,,2026-05-23T00:12Z
S-703569,ORD-44342,P-CH-2211,Antwerp,New York/New Jersey,8,ocean,MV ATLANTIC CRYSTAL,9105713,New York/New Jersey approach,2026-06-04T12:00Z,USNYC,MEDIUM,1.6,CR-ZIMU,L-BEANR-USNYC,10533.0,15.4,12833.0,CIF,9,standard,2026-05-31T12:00Z,4.0,,2026-06-02T17:00Z
S-703570,ORD-48882,P-CH-2211,Tokyo,Vancouver,21,ocean,MV TROPIC SPIRIT,9123916,off Tokyo,2026-05-30T12:00Z,CASOG,LOW,0.6,CR-COSU,L-JPTYO-CASOG,20293.0,58.2,18805.0,EXW,8,standard,2026-05-28T12:00Z,2.0,,2026-05-28T02:00Z
S-703571,ORD-47798,P-EL-9102,Salalah,Rotterdam,30,ocean,MV PACIFIC GUARDIAN,9504309,17 nm from Rotterdam,2026-05-21T02:24Z,NLRTM,LOW,0.4,CR-HLCU,L-OMSLL-NLRTM,12063.0,37.6,8947.0,FOB,none,premium,2026-05-21T12:00Z,-0.4,,2026-05-19T20:24Z
S-703572,ORD-49674,P-CH-2210,Hong Kong,Rotterdam,35,ocean,MV ASIAN PIONEER,9722760,in transit,2026-05-20T21:36Z,NLRTM,LOW,0.4,CR-HMMU,L-HKHKG-NLRTM,18123.0,13.3,1969.0,EXW,9,standard,2026-05-20T12:00Z,0.4,vessel_change,2026-05-18T09:36Z
S-703573,ORD-44483,P-EL-9001,Antwerp,New York/New Jersey,32,ocean,MV ASIAN STAR,9749165,off Antwerp,2026-06-03T16:48Z,USNYC,MEDIUM,1.6,CR-EGLV,L-BEANR-USNYC,4159.0,23.8,1751.0,DDP,none,standard,2026-05-30T12:00Z,4.2,port_congestion,2026-06-03T09:48Z
S-703574,ORD-49902,P-EL-9002,Shanghai,Hamburg,10,ocean,MV ASIAN STAR,9619123,approaching Hamburg,2026-06-06T12:00Z,DEHAM,HIGH,3.2,CR-KNES,L-CNSHA-DEHAM,14988.0,29.8,28903.0,DDP,none,standard,2026-06-07T12:00Z,-1.0,,2026-06-05T19:00Z
S-703575,ORD-47808,P-EL-9001,Antwerp,New York/New Jersey,14,ocean,MV PACIFIC SPIRIT,9764663,off Antwerp,2026-05-31T09:36Z,USNYC,MEDIUM,1.6,CR-ZIMU,L-BEANR-USNYC,12730.0,31.2,882.0,DDP,none,economy,2026-05-25T12:00Z,5.9,delayed,2026-05-31T01:36Z
S-703576,ORD-46191,P-SW-3002,Hamburg,Genoa,25,road,XPO LO-8308,N/A,53 nm from Genoa,2026-05-21T12:00Z,ITGOA,MEDIUM,1.2,CR-XPOT,L-DEHAM-ITGOA,2307.0,7.1,501.0,CIF,none,premium,2026-05-23T12:00Z,-2.0,,2026-05-19T05:00Z
S-703577,ORD-48929,P-MC-7100,Shanghai,Rotterdam,22,ocean,MV IBERIAN SPIRIT,9585282,84 nm from Rotterdam,2026-06-23T02:24Z,NLRTM,LOW,0.4,CR-PILU,L-CNSHA-NLRTM,18474.0,22.7,14.0,FOB,none,standard,2026-06-21T12:00Z,1.6,,2026-06-22T03:24Z
S-703578,ORD-45489,P-EL-9001,Yokohama,Los Angeles,36,ocean,MV CALEDONIAN GLORY,9647063,Los Angeles approach,2026-05-29T16:48Z,USLAX,HIGH,2.6,CR-EGLV,L-JPYOK-USLAX,6680.0,29.7,7765.0,DAP,none,premium,2026-05-25T12:00Z,4.2,delayed,2026-05-28T21:48Z
S-703579,ORD-47455,P-EL-9003,Jebel Ali (Dubai),Rotterdam,4,ocean,MV CALEDONIAN VICTORY,9763623,Rotterdam approach,2026-06-06T12:00Z,NLRTM,LOW,0.4,CR-HMMU,L-AEDXB-NLRTM,12561.0,6.8,11073.0,EXW,none,standard,2026-06-04T12:00Z,2.0,delayed,2026-06-05T09:00Z
S-703580,ORD-47552,P-PK-4501,Busan,New York/New Jersey,17,ocean,MV BALTIC VICTORY,9739841,180 nm from New York/New Jersey,2026-06-07T16:48Z,USNYC,MEDIUM,1.6,CR-YMLU,L-KRPUS-USNYC,10502.0,8.1,21046.0,DAP,9,premium,2026-06-05T12:00Z,2.2,,2026-06-06T09:48Z
S-703581,ORD-44656,P-CH-2210,Jebel Ali (Dubai),Frankfurt am Main Airport,30,air,FD-CARGO-228,N/A,Frankfurt am Main Airport approach,2026-05-19T19:12Z,DEFRA,LOW,0.1,CR-FDXA,L-AEDXB-DEFRA,20490.0,42.2,248.0,CIF,none,economy,2026-05-20T12:00Z,-0.7,,2026-05-17T19:12Z
S-703582,ORD-48155,P-EL-9001,Shanghai,New York/New Jersey,30,ocean,MV ASIAN EXPRESS,9555551,off Shanghai,2026-06-17T19:12Z,USNYC,MEDIUM,1.6,CR-ONEY,L-CNSHA-USNYC,20790.0,53.0,4173.0,EXW,none,economy,2026-06-17T12:00Z,0.3,,2026-06-17T05:12Z
S-703583,ORD-47120,P-EL-9001,Shanghai,Hamburg,11,ocean,MV NIPPON GUARDIAN,9123589,Hamburg approach,2026-06-10T04:48Z,DEHAM,HIGH,3.2,CR-ONEY,L-CNSHA-DEHAM,5187.0,28.8,68365.0,DAP,none,standard,2026-06-10T12:00Z,-0.3,,2026-06-07T05:48Z
S-703584,ORD-45118,P-CH-2211,Rotterdam,New York/New Jersey,6,ocean,MV IBERIAN VICTORY,9846859,10 nm from New York/New Jersey,2026-05-26T19:12Z,USNYC,MEDIUM,1.6,CR-CMDU,L-NLRTM-USNYC,22244.0,14.7,10744.0,CIF,3,premium,2026-05-25T12:00Z,1.3,damage,2026-05-25T20:12Z
S-703585,ORD-49441,P-EL-9003,Busan,New York/New Jersey,18,ocean,MV NORDIC STAR,9163354,100 nm from New York/New Jersey,2026-06-04T14:24Z,USNYC,MEDIUM,1.6,CR-COSU,L-KRPUS-USNYC,6823.0,3.6,5633.0,DAP,3,economy,2026-06-06T12:00Z,-1.9,,2026-06-02T10:24Z
S-703586,ORD-46306,P-EL-9001,Tokyo,Vancouver,16,ocean,MV CALEDONIAN CRYSTAL,9165124,off Tokyo,2026-05-26T02:24Z,CASOG,LOW,0.6,CR-KNES,L-JPTYO-CASOG,23427.0,18.6,208.0,EXW,none,premium,2026-05-23T12:00Z,2.6,,2026-05-25T21:24Z
S-703587,ORD-44971,P-CH-2210,Yantian,Frankfurt am Main Airport,15,air,LH-CARGO-478,N/A,off Yantian,2026-05-23T07:12Z,DEFRA,LOW,0.1,CR-LHCA,L-CNYTN-DEFRA,19432.0,44.5,1552.0,DDU,8,standard,2026-05-22T12:00Z,0.8,,2026-05-20T10:12Z
S-703588,ORD-48548,P-EL-9003,Singapore,Frankfurt am Main Airport,34,air,QT-CARGO-908,N/A,143 nm from Frankfurt am Main Airport,2026-05-23T12:00Z,DEFRA,LOW,0.1,CR-QTRA,L-SGSIN-DEFRA,20878.0,25.4,4045.0,EXW,none,standard,2026-05-22T12:00Z,1.0,,2026-05-20T21:00Z
S-703589,ORD-44286,P-EL-9002,Rotterdam,Santos,8,ocean,MV ARCTIC SPIRIT,9352520,190 nm from Santos,2026-05-26T02:24Z,BRSSZ,MEDIUM,1.7,CR-HLCU,L-NLRTM-BRSSZ,15436.0,14.9,23537.0,DAP,9,economy,2026-05-25T12:00Z,0.6,,2026-05-25T03:24Z
S-703590,ORD-44700,P-EL-9002,Rotterdam,Santos,17,ocean,MV PACIFIC GLORY,9488874,65 nm from Santos,2026-05-29T12:00Z,BRSSZ,MEDIUM,1.7,CR-PILU,L-NLRTM-BRSSZ,983.0,22.3,1554.0,CIF,none,premium,2026-05-31T12:00Z,-2.0,,2026-05-27T14:00Z
S-703591,ORD-44323,P-PW-1850,Singapore,Frankfurt am Main Airport,21,air,FD-CARGO-217,N/A,29 nm from Frankfurt am Main Airport,2026-05-23T04:48Z,DEFRA,LOW,0.1,CR-FDXA,L-SGSIN-DEFRA,13292.0,21.9,4848.0,CIF,none,premium,2026-05-23T12:00Z,-0.3,,2026-05-21T15:48Z
S-703592,ORD-47589,P-MC-7102,Singapore,Frankfurt am Main Airport,6,air,AF-CARGO-762,N/A,Frankfurt am Main Airport approach,2026-05-25T21:36Z,DEFRA,LOW,0.1,CR-AFKA,L-SGSIN-DEFRA,2790.0,19.3,197380.0,EXW,none,standard,2026-05-24T12:00Z,1.4,,2026-05-25T01:36Z
S-703593,ORD-44560,P-SW-3002,Mundra,Felixstowe,7,ocean,MV ATLANTIC PIONEER,9941631,approaching Felixstowe,2026-06-10T16:48Z,GBFXT,MEDIUM,0.9,CR-MAEU,L-INMUN-GBFXT,13109.0,12.7,276.0,FOB,none,economy,2026-06-10T12:00Z,0.2,,2026-06-10T10:48Z
S-703594,ORD-49409,P-MC-7102,Tianjin,Hamburg,36,ocean,MV BALTIC GUARDIAN,9194739,approaching Hamburg,2026-06-12T12:00Z,DEHAM,HIGH,3.2,CR-PILU,L-CNTAO-DEHAM,2936.0,40.8,666.0,DDP,none,premium,2026-06-12T12:00Z,0.0,,2026-06-11T10:00Z
S-703595,ORD-48149,P-MC-7101,Qingdao,Le Havre,2,ocean,MV IBERIAN PIONEER,9942425,off Qingdao,2026-06-08T12:00Z,FRLEH,MEDIUM,1.0,CR-ZIMU,L-CNQIN-FRLEH,21113.0,43.2,11660.0,FOB,none,standard,2026-06-10T12:00Z,-2.0,,2026-06-07T04:00Z
S-703596,ORD-44318,P-SW-3002,New York/New Jersey,London Heathrow Airport,5,air,DH-CARGO-870,N/A,47 nm from London Heathrow Airport,2026-05-22T16:48Z,LHRGB,LOW,0.1,CR-DHLA,L-USNYC-LHRGB,18986.0,16.1,1257.0,DAP,3,standard,2026-05-23T12:00Z,-0.8,,2026-05-21T17:48Z
S-703597,ORD-49536,P-MC-7100,Yantian,Callao (Lima),15,ocean,MV PACIFIC TRADER,9284962,off Yantian,2026-06-05T16:48Z,PEMRI,LOW,0.9,CR-KNES,L-CNYTN-PEMRI,16591.0,17.6,1837.0,DDP,8,premium,2026-06-06T12:00Z,-0.8,,2026-06-02T20:48Z
